Market,2026 Q2 EST,2026 Q3,2026 Q4,2027 Q1,2027 Q2,2027 Q3,2027 Q4,2028 Q1,2028 Q2,2028 Q3,2028 Q4,2029 Q1,2029 Q2,2029 Q3,2029 Q4,2030 Q1,2030 Q2,2030 Q3,2030 Q4,2031 Q1,2031 Q2,2031 Q3,2031 Q4,2032 Q1,2032 Q2,2032 Q3,2032 Q4,2033 Q1,2033 Q2,2033 Q3,2033 Q4,2034 Q1,2034 Q2,2034 Q3,2034 Q4,2035 Q1,2035 Q2,2035 Q3,2035 Q4
Akron - OH,341598.6875,341530.5,341500.6875,341463.1875,341426.40625,341389.59375,341350.09375,341293.0,341236.6875,341168.78125,341104.1875,341063.59375,341050.90625,341047.0,341059.21875,341081.78125,341115.125,341141.6875,341158.125,341145.375,334380.0,334363.5,334344.6875,334327.3125,334306.875,334286.28125,334261.1875,334232.90625,334202.09375,334170.1875,334138.6875,334105.59375,334072.5,334037.90625,333999.125,340191.71875,340197.125,333869.1875,333822.125
Albany - NY,478444.09375,478581.78125,478741.6875,478853.3125,478982.59375,479111.0,479214.1875,479287.6875,479332.3125,479368.1875,479409.78125,479512.90625,479686.0,479854.3125,480054.59375,480259.875,480474.40625,480687.71875,480893.1875,481086.3125,473595.0,473782.5,473973.125,474162.90625,474346.71875,474536.59375,474716.625,474891.125,475059.90625,475226.71875,475388.3125,475550.28125,475711.90625,475868.28125,476021.09375,491003.375,491258.0,476472.5,476616.21875
Albuquerque - NM,430412.1875,430692.40625,430957.625,431144.09375,431400.3125,431609.8125,431819.21875,431993.90625,432158.375,432332.09375,432600.90625,432926.21875,433295.28125,433665.0,434052.5,434441.40625,434828.09375,435217.5,435597.59375,435946.1875,427507.125,427838.71875,428170.0,428496.40625,428818.0,429134.3125,429441.40625,429737.6875,430030.90625,430328.1875,430621.0,430911.1875,431204.40625,431495.09375,431783.8125,444737.3125,445062.0,432632.90625,432913.40625
Anchorage - AK,184269.0,184235.109375,184229.203125,184232.5,184280.90625,184344.296875,184401.3125,184451.203125,184509.703125,184571.796875,184638.203125,184719.296875,184823.890625,184933.203125,185050.59375,185168.5,185292.890625,185416.390625,185534.296875,185646.8125,180119.0,180223.203125,180327.703125,180430.5,180532.0,180630.40625,180727.90625,180823.703125,180918.59375,181013.390625,181105.296875,181196.0,181286.703125,181377.296875,181465.296875,190778.3125,190886.90625,181727.0,181812.0
Asheville - NC,190918.59375,191054.796875,191221.5,191424.890625,191640.203125,191856.0,192076.40625,192296.5,192521.8125,192745.296875,192969.296875,193221.203125,193492.09375,193778.203125,194071.90625,194370.296875,194681.5,194992.203125,195297.890625,195588.203125,194554.90625,194835.609375,195120.296875,195398.890625,195680.296875,195959.0,196240.703125,196516.40625,196792.796875,197070.796875,197343.3125,197619.59375,197891.5,198167.09375,198437.8125,222652.0,222960.6875,199252.109375,199519.8125
Atlanta - GA,3142102.0,3146657.0,3152088.0,3157810.0,3163542.0,3169197.0,3174766.0,3180629.0,3186393.0,3192042.0,3197492.0,3203153.0,3209028.0,3215059.0,3221225.0,3227453.0,3233758.0,3240022.0,3246298.0,3252555.0,3207867.0,3213765.0,3219648.0,3225427.0,3231226.0,3237006.0,3242799.0,3248584.0,3254359.0,3260125.0,3265871.0,3271622.0,3277378.0,3283122.0,3288856.0,3377261.0,3383230.0,3306100.0,3311833.0
Augusta - GA,248927.90625,249026.09375,249150.296875,249284.1875,249447.59375,249626.796875,249819.0,250006.609375,250163.5,250307.90625,250441.703125,250595.09375,250776.90625,250969.40625,251170.296875,251382.5,251604.203125,251833.203125,252047.8125,252231.0,249460.203125,249633.0,249803.890625,249973.0,250134.296875,250295.703125,250447.203125,250596.890625,250740.09375,250883.109375,251019.5,251157.890625,251294.296875,251430.609375,251558.0,257123.6875,257261.109375,251938.203125,252057.40625
Austin - TX,1396348.0,1401202.0,1406260.0,1411432.0,1416682.0,1421975.0,1427212.0,1431220.0,1435194.0,1439220.0,1443286.0,1447494.0,1451889.0,1456402.0,1460997.0,1465630.0,1470345.0,1475096.0,1479830.0,1484533.0,1459232.0,1463851.0,1468507.0,1473171.0,1477841.0,1482511.0,1487165.0,1491839.0,1496510.0,1501201.0,1505871.0,1510571.0,1515269.0,1519971.0,1524650.0,1575927.0,1580758.0,1538764.0,1543449.0
Bakersfield - CA,298990.375,299359.90625,299731.28125,300085.125,300436.8125,300791.6875,301150.21875,301517.59375,301879.59375,302221.71875,302565.0,302946.0,303379.6875,303813.125,304266.0,304722.40625,305189.6875,305645.0,306096.71875,306540.8125,304224.625,304664.71875,305103.09375,305553.5,305996.875,306441.3125,306881.71875,307322.0,307760.09375,308195.0,308635.3125,309073.09375,309515.59375,309951.59375,310391.59375,314385.40625,314843.1875,311702.78125,312137.6875
Baltimore - MD,1466236.0,1466494.0,1466960.0,1467353.0,1467856.0,1468349.0,1468806.0,1469312.0,1469878.0,1470521.0,1471215.0,1472075.0,1473113.0,1474164.0,1475289.0,1476428.0,1477581.0,1478716.0,1479824.0,1480948.0,1456800.0,1457830.0,1458851.0,1459870.0,1460881.0,1461864.0,1462847.0,1463812.0,1464774.0,1465722.0,1466665.0,1467607.0,1468542.0,1469469.0,1470390.0,1476950.0,1477901.0,1473158.0,1474072.0
Baton Rouge - LA,436351.28125,436586.3125,436813.375,437034.6875,437343.8125,437623.90625,437888.21875,438121.71875,438342.1875,438569.78125,438846.3125,439141.6875,439500.5,439864.8125,440256.90625,440660.1875,441068.5,441463.59375,441847.0,442230.40625,437264.3125,437591.71875,437913.59375,438230.1875,438538.90625,438856.40625,439168.625,439477.6875,439790.09375,440098.375,440407.09375,440710.5,441015.28125,441314.21875,441614.1875,442320.8125,442670.40625,442493.1875,442786.8125
Beaumont - TX,170746.203125,170733.5,170725.59375,170709.59375,170720.390625,170749.203125,170772.59375,170778.59375,170790.6875,170811.203125,170840.8125,170867.5,170923.0,170978.703125,171038.5,171110.59375,171198.296875,171290.296875,171377.5,171458.203125,170248.09375,170336.90625,170429.3125,170517.8125,170607.890625,170694.0,170779.09375,170863.296875,170944.703125,171029.5,171109.609375,171192.3125,171273.109375,171354.40625,171431.3125,171726.296875,171825.890625,171664.90625,171737.59375
Birmingham - AL,573021.625,573108.8125,573275.0,573443.3125,573694.6875,574003.625,574308.625,574696.4375,575029.1875,575325.625,575583.375,575905.25,576332.5625,576751.125,577203.3125,577675.4375,578152.5,578632.0,579091.3125,579555.75,572143.0,572587.0,573026.6875,573476.3125,573920.75,574364.9375,574804.875,575248.4375,575693.1875,576132.375,576573.625,577012.3125,577456.8125,577891.5,578325.375,600096.375,600557.1875,579624.8125,580054.875
Boise - ID,418660.8125,419568.59375,420525.3125,421428.0,422411.09375,423408.90625,424430.0,425437.90625,426443.125,427444.875,428426.6875,429423.0,430476.90625,431524.6875,432603.21875,433708.3125,434824.8125,435938.5,437044.5,438126.1875,433271.09375,434361.78125,435461.78125,436553.59375,437647.09375,438738.59375,439831.3125,440910.5,441989.90625,443071.8125,444151.3125,445231.5,446312.90625,447392.5,448472.40625,458685.21875,459792.78125,451712.59375,452793.40625
Boston - MA,2773573.0,2775398.0,2777708.0,2779646.0,2781580.0,2783589.0,2785318.0,2786778.0,2788193.0,2789683.0,2791280.0,2793415.0,2795880.0,2798446.0,2801167.0,2803910.0,2806690.0,2809419.0,2812103.0,2814709.0,2770588.0,2773159.0,2775716.0,2778239.0,2780752.0,2783266.0,2785773.0,2788252.0,2790722.0,2793202.0,2795674.0,2798149.0,2800604.0,2803067.0,2805523.0,3040472.0,3043658.0,2812862.0,2815297.0
Brownsville-Harlingen - TX,166519.0,166701.5,166913.703125,167155.5,167380.90625,167589.90625,167784.5,167969.890625,168153.203125,168337.09375,168528.59375,168760.09375,169015.5,169283.5,169565.796875,169845.390625,170131.0,170413.1875,170691.09375,170965.1875,169487.390625,169759.90625,170028.109375,170306.203125,170578.203125,170849.90625,171117.703125,171382.296875,171647.40625,171908.5,172169.59375,172429.390625,172690.5,172948.109375,173206.09375,178146.890625,178369.59375,173973.90625,174229.296875
Buffalo - NY,563840.6875,563927.4375,564095.5625,564212.25,564319.375,564408.625,564478.375,564541.0625,564595.5,564639.25,564688.0,564837.25,565087.5,565348.0,565643.3125,565947.0625,566256.5625,566575.5,566874.8125,567135.6875,559961.8125,560231.1875,560511.4375,560787.5,561055.8125,561317.625,561573.9375,561820.3125,562060.1875,562314.25,562558.6875,562814.6875,563064.25,563313.625,563553.75,578803.5625,579068.125,564280.25,564511.625
Canton - OH,174565.3125,174474.390625,174410.40625,174351.8125,174310.890625,174275.5,174243.1875,174206.5,174165.609375,174116.296875,174054.203125,173992.796875,173947.296875,173902.796875,173865.09375,173834.5,173816.609375,173796.203125,173769.609375,173729.09375,170766.296875,170730.390625,170692.09375,170653.796875,170612.59375,170574.09375,170532.203125,170491.296875,170450.890625,170408.40625,170366.109375,170321.203125,170277.5,170232.09375,170185.5,171279.296875,171226.890625,170039.3125,169988.90625
Charleston - SC,439834.5,440525.6875,441294.5,442108.0,442967.1875,443823.90625,444669.71875,445533.0,446362.625,447183.09375,447989.59375,448836.21875,449740.21875,450658.375,451590.5,452534.90625,453486.5,454442.09375,455383.3125,456316.40625,448118.40625,449017.0,449915.71875,450810.21875,451701.0,452595.875,453485.1875,454376.90625,455264.59375,456152.90625,457036.40625,457923.71875,458809.5,459694.21875,460572.21875,471968.8125,472839.6875,463217.0,464093.8125
Charlotte - NC,1422086.0,1424672.0,1427501.0,1430364.0,1433219.0,1436188.0,1439193.0,1441740.0,1444248.0,1446762.0,1449294.0,1451966.0,1454733.0,1457657.0,1460658.0,1463701.0,1466769.0,1469839.0,1472878.0,1475984.0,1467104.0,1470075.0,1473093.0,1476071.0,1479074.0,1482057.0,1485055.0,1488050.0,1491062.0,1494086.0,1497079.0,1500106.0,1503118.0,1506144.0,1509133.0,1519445.0,1522487.0,1518176.0,1521156.0
Chattanooga - TN,298251.40625,298572.8125,298927.5,299278.28125,299648.71875,300031.8125,300397.875,300761.59375,301125.09375,301501.3125,301870.6875,302240.59375,302639.59375,303048.3125,303467.90625,303898.40625,304337.3125,304774.40625,305203.0,305628.90625,302310.78125,302730.1875,303145.5,303562.0,303978.40625,304393.71875,304807.40625,305219.0,305631.40625,306042.5,306453.09375,306861.21875,307271.6875,307679.5,308086.21875,307060.0,307445.09375,309308.28125,309714.375
Chicago - IL,4759185.0,4758958.0,4759980.0,4761105.0,4762299.0,4763689.0,4764971.0,4766595.0,4768198.0,4769735.0,4771047.0,4772693.0,4774407.0,4776348.0,4778555.0,4780856.0,4783097.0,4785167.0,4787149.0,4788938.0,4728270.0,4729869.0,4731439.0,4733037.0,4734577.0,4736104.0,4737582.0,4739035.0,4740478.0,4741818.0,4743181.0,4744475.0,4745813.0,4747064.0,4748329.0,4916433.0,4917776.0,4751992.0,4753184.0
Cincinnati - OH,1175611.0,1175961.0,1176602.0,1177258.0,1177936.0,1178477.0,1179033.0,1179665.0,1180362.0,1181050.0,1181746.0,1182567.0,1183611.0,1184611.0,1185660.0,1186735.0,1187821.0,1188897.0,1189938.0,1190896.0,1164450.0,1165395.0,1166341.0,1167262.0,1168177.0,1169103.0,1170019.0,1170938.0,1171844.0,1172757.0,1173665.0,1174580.0,1175483.0,1176389.0,1177276.0,1213820.0,1214749.0,1179919.0,1180778.0
Cleveland - OH,1104324.0,1104016.0,1103878.0,1103606.0,1103371.0,1103116.0,1102852.0,1102624.0,1102439.0,1102253.0,1102085.0,1102062.0,1102203.0,1102332.0,1102519.0,1102722.0,1102931.0,1103093.0,1103223.0,1103263.0,1080804.0,1080789.0,1080764.0,1080748.0,1080717.0,1080677.0,1080619.0,1080547.0,1080477.0,1080402.0,1080332.0,1080255.0,1080181.0,1080093.0,1079995.0,1082031.0,1082031.0,1079659.0,1079533.0
Colorado Springs - CO,338022.625,338619.125,339264.3125,339963.71875,340698.09375,341429.5,342140.28125,342823.09375,343495.59375,344178.3125,344858.09375,345552.71875,346290.71875,347039.3125,347801.3125,348572.5,349345.40625,350118.59375,350883.5,351634.625,345819.0,346541.40625,347262.59375,347968.90625,348674.71875,349376.59375,350077.6875,350778.40625,351470.21875,352165.59375,352852.375,353539.78125,354223.375,354908.59375,355588.5,371599.78125,372346.40625,357635.3125,358313.375
Columbia - SC,440783.375,441183.6875,441632.59375,442054.6875,442504.0,442953.1875,443426.78125,443952.09375,444470.5,444973.0,445432.8125,445915.90625,446448.09375,446984.3125,447529.6875,448082.6875,448645.5,449212.875,449764.09375,450296.90625,444899.0,445404.5,445907.8125,446417.125,446922.6875,447425.40625,447922.21875,448423.3125,448920.59375,449418.78125,449914.40625,450411.90625,450909.21875,451402.8125,451892.5,463432.09375,463992.1875,453366.5,453854.875
Columbus - OH,1195626.0,1196623.0,1197923.0,1199236.0,1200640.0,1202032.0,1203419.0,1204850.0,1206250.0,1207615.0,1208959.0,1210363.0,1211964.0,1213546.0,1215196.0,1216857.0,1218549.0,1220227.0,1221884.0,1223486.0,1203983.0,1205565.0,1207143.0,1208747.0,1210344.0,1211931.0,1213499.0,1215054.0,1216624.0,1218167.0,1219711.0,1221250.0,1222796.0,1224319.0,1225834.0,1237499.0,1239069.0,1230355.0,1231847.0
Corpus Christi - TX,201166.203125,201101.890625,201060.0,201066.609375,201119.296875,201192.09375,201268.5,201352.59375,201446.390625,201537.90625,201622.703125,201691.40625,201792.5,201888.390625,201989.296875,202091.5,202209.59375,202329.09375,202444.90625,202558.203125,200802.40625,200915.6875,201029.40625,201139.5,201247.703125,201354.0,201455.703125,201553.796875,201650.890625,201749.296875,201841.40625,201934.09375,202024.40625,202113.296875,202197.40625,206360.203125,206447.0,202443.890625,202519.609375
Dallas-Fort Worth - TX,4350895.0,4359815.0,4369521.0,4380008.0,4390493.0,4401322.0,4412212.0,4422281.0,4432706.0,4443115.0,4453417.0,4464029.0,4474596.0,4485545.0,4496701.0,4507957.0,4519353.0,4530768.0,4542091.0,4553497.0,4479306.0,4490234.0,4501173.0,4512052.0,4522883.0,4533756.0,4544614.0,4555508.0,4566382.0,4577260.0,4588091.0,4599014.0,4609917.0,4620800.0,4631640.0,4830513.0,4842056.0,4664256.0,4675075.0
Dayton - OH,396541.6875,396500.21875,396500.625,396472.6875,396460.125,396453.71875,396452.5,396462.40625,396475.1875,396497.3125,396531.59375,396562.5,396641.125,396725.40625,396827.78125,396937.0,397047.78125,397145.0,397233.0,397291.1875,391672.0,391730.8125,391784.40625,391838.0,391888.40625,391940.40625,391986.21875,392024.90625,392065.875,392103.09375,392141.21875,392175.6875,392210.90625,392242.71875,392271.90625,397545.0,397589.8125,392342.90625,392362.625
Daytona Beach - FL,231745.703125,232035.0,232343.5,232693.796875,233022.703125,233377.8125,233736.6875,234081.09375,234404.40625,234714.796875,235008.796875,235319.203125,235643.703125,235982.703125,236336.703125,236697.203125,237067.90625,237439.109375,237805.890625,238170.0,233731.59375,234086.8125,234440.09375,234794.6875,235148.1875,235501.6875,235852.90625,236200.296875,236551.609375,236900.890625,237251.796875,237598.796875,237949.09375,238297.109375,238647.703125,243944.5,244305.09375,239691.890625,240041.5
Denver - CO,1654774.0,1657465.0,1660341.0,1663269.0,1666368.0,1669481.0,1672539.0,1675588.0,1678617.0,1681609.0,1684555.0,1687668.0,1690953.0,1694268.0,1697672.0,1701117.0,1704576.0,1708004.0,1711405.0,1714789.0,1688672.0,1691912.0,1695157.0,1698346.0,1701535.0,1704701.0,1707886.0,1711083.0,1714245.0,1717413.0,1720553.0,1723709.0,1726849.0,1729988.0,1733115.0,1792136.0,1795431.0,1742541.0,1745660.0
Des Moines - IA,411953.0,412318.90625,412776.78125,413217.1875,413681.6875,414185.78125,414659.5,415131.28125,415599.625,416091.1875,416584.8125,417102.6875,417654.3125,418205.5,418779.3125,419354.875,419935.40625,420514.40625,421082.6875,421640.40625,419196.0,419777.59375,420355.1875,420934.21875,421507.375,422077.3125,422642.78125,423203.625,423770.0,424334.28125,424897.875,425454.40625,426014.0,426570.0,427124.59375,423447.28125,423999.125,428768.3125,429314.0
Detroit - MI,2068577.875,2068978.0,2069664.0,2070245.125,2070732.875,2071106.0,2071349.125,2071606.875,2071896.0,2072242.0,2072745.125,2073440.875,2074287.125,2075245.125,2076264.875,2077297.125,2078373.0,2079418.0,2080403.125,2081330.125,2055920.875,2056572.0,2057178.0,2057758.0,2058313.0,2058868.875,2059436.0,2060008.0,2060565.0,2061117.0,2061660.875,2062201.875,2062721.875,2063235.125,2063738.0,2101751.0,2102367.0,2065205.125,2065674.125
Durham - NC,359933.0,360288.21875,360703.5,361126.1875,361554.5,361972.1875,362402.59375,362852.59375,363296.6875,363743.8125,364223.0,364766.6875,365332.3125,365918.90625,366528.90625,367137.21875,367739.09375,368338.5,368934.90625,369519.71875,366875.3125,367426.40625,367977.0,368526.625,369074.875,369622.8125,370170.8125,370716.71875,371266.21875,371813.6875,372359.59375,372908.375,373456.59375,374004.6875,374551.3125,384760.09375,385373.28125,376194.09375,376741.3125
East Bay - CA,1180922.0,1181730.0,1182753.0,1183702.0,1184714.0,1185777.0,1186867.0,1187962.0,1189060.0,1190145.0,1191241.0,1192500.0,1193932.0,1195396.0,1196917.0,1198463.0,1200017.0,1201584.0,1203119.0,1204614.0,1185435.0,1186915.0,1188388.0,1189873.0,1191345.0,1192818.0,1194278.0,1195751.0,1197210.0,1198670.0,1200135.0,1201603.0,1203077.0,1204539.0,1206000.0,1282265.0,1283958.0,1210380.0,1211825.0
El Paso - TX,360209.90625,360673.875,361170.28125,361726.28125,362292.78125,362840.90625,363382.28125,363921.125,364455.28125,364982.40625,365514.5,366104.0,366742.875,367404.6875,368092.09375,368785.1875,369488.71875,370187.09375,370872.1875,371546.5,364201.59375,364857.3125,365510.90625,366169.40625,366818.78125,367463.90625,368103.40625,368738.8125,369368.90625,370005.71875,370629.90625,371261.8125,371887.3125,372516.125,373129.90625,379777.09375,380404.78125,374991.90625,375601.5
Fayetteville - NC,134660.203125,134668.59375,134682.09375,134729.0,134789.59375,134855.1875,134915.609375,134982.703125,135042.296875,135115.40625,135196.703125,135271.1875,135355.890625,135448.203125,135546.09375,135647.59375,135754.203125,135867.40625,135974.90625,136078.703125,133834.109375,133925.796875,134018.40625,134103.390625,134192.09375,134275.609375,134362.3125,134444.5,134531.09375,134618.8125,134698.296875,134784.609375,134865.0,134950.890625,135029.09375,143786.109375,143885.609375,135278.3125,135360.390625
Flint - MI,143436.09375,143452.5,143469.609375,143497.296875,143520.203125,143542.5,143555.6875,143549.296875,143536.296875,143530.703125,143543.203125,143574.796875,143615.59375,143667.203125,143726.0,143785.5,143846.5,143905.8125,143960.203125,144006.8125,142138.390625,142163.890625,142186.59375,142211.90625,142234.296875,142256.609375,142276.203125,142295.390625,142313.90625,142326.796875,142334.703125,142337.90625,142343.0,142347.703125,142352.796875,144647.59375,144669.40625,142366.109375,142368.8125
Fort Lauderdale - FL,940135.625,940998.0,942101.625,943330.8125,944629.5625,945974.9375,947309.875,948613.25,949869.0,951110.4375,952306.5,953552.9375,954862.6875,956230.4375,957641.0,959060.125,960507.0625,961950.6875,963383.3125,964828.9375,948918.25,950235.125,951538.0,952830.375,954118.3125,955389.375,956662.75,957927.625,959200.3125,960466.625,961731.875,962987.9375,964250.125,965507.875,966767.0,1007798.0,1009256.0,970542.4375,971803.5625
Fort Myers - FL,318775.21875,319400.0,320056.625,320751.8125,321491.90625,322274.6875,323051.6875,323797.5,324512.59375,325215.6875,325919.59375,326644.5,327414.875,328200.40625,329001.90625,329811.8125,330631.09375,331462.09375,332285.8125,333081.09375,327696.09375,328479.71875,329267.09375,330055.125,330845.0,331630.09375,332410.0,333188.59375,333969.09375,334757.59375,335541.28125,336328.625,337119.0,337914.09375,338702.0,349704.1875,350541.5,341082.3125,341874.375
Fort Wayne - IN,238634.90625,238809.90625,238996.203125,239145.59375,239304.796875,239468.09375,239602.40625,239761.90625,239931.703125,240091.59375,240253.796875,240449.09375,240662.203125,240878.40625,241093.09375,241320.09375,241568.890625,241817.203125,242052.5,242280.203125,239666.109375,239890.0,240110.5,240332.390625,240550.296875,240767.203125,240983.59375,241205.3125,241424.703125,241648.703125,241870.796875,242095.5,242317.09375,242539.390625,242756.1875,247597.203125,247835.0,243408.703125,243622.609375
Fresno - CA,448937.40625,449529.59375,450128.21875,450674.09375,451225.1875,451791.90625,452370.21875,452971.59375,453569.40625,454148.8125,454733.875,455445.59375,456239.90625,457047.09375,457888.3125,458736.0,459598.90625,460450.5,461290.0,462101.1875,456048.09375,456852.59375,457647.40625,458459.0,459256.59375,460050.0,460829.40625,461613.5,462394.0,463168.78125,463951.0,464725.90625,465512.09375,466287.1875,467066.09375,432176.90625,432923.8125,469390.5,470164.875
Grand Rapids - MI,608192.1875,608844.125,609573.125,610247.625,610948.9375,611664.1875,612394.0,613222.25,614077.0625,614929.375,615754.25,616565.4375,617404.4375,618247.3125,619109.5,619999.5,620904.8125,621811.25,622687.0625,623515.625,617144.5625,617885.6875,618611.8125,619338.6875,620053.75,620764.5,621468.3125,622178.5625,622886.125,623588.9375,624284.4375,624978.8125,625669.8125,626352.4375,627024.75,625213.9375,625920.5,629021.1875,629675.0
Greensboro - NC,368328.40625,368315.1875,368344.78125,368379.6875,368455.1875,368559.125,368670.90625,368806.625,368936.09375,369069.875,369201.0,369336.78125,369504.78125,369686.1875,369888.09375,370098.78125,370315.3125,370534.5,370739.8125,370923.5,366002.8125,366174.40625,366348.3125,366524.40625,366699.5,366873.0,367044.59375,367218.1875,367392.6875,367565.625,367733.5,367903.40625,368073.21875,368240.8125,368403.5,379155.09375,379392.0,368888.625,369043.78125
Greenville - SC,482887.5,483464.125,484128.21875,484834.6875,485584.59375,486331.78125,487045.6875,487741.09375,488408.8125,489058.59375,489696.59375,490343.5,491035.1875,491739.0,492458.1875,493192.90625,493945.8125,494700.0,495442.59375,496167.5,487265.09375,487965.59375,488665.3125,489357.09375,490049.71875,490744.375,491436.5,492128.5,492820.09375,493512.78125,494204.1875,494896.59375,495590.0,496282.71875,496974.09375,505664.21875,506415.5,499049.5,499739.28125
Gulfport-Biloxi-Pascagoula - MS,172154.796875,172109.40625,172096.890625,172153.5,172240.0,172321.796875,172391.296875,172458.09375,172516.296875,172570.796875,172630.0,172694.59375,172785.59375,172888.703125,172995.5,173107.0,173232.890625,173355.0,173468.3125,173571.796875,171519.203125,171608.3125,171696.5,171772.0,171847.703125,171923.90625,171999.203125,172071.296875,172140.5,172207.390625,172271.5,172334.203125,172394.8125,172453.703125,172510.0,171126.609375,171153.90625,172668.796875,172717.296875
Harrisburg - PA,371601.59375,371733.5,371916.59375,372086.59375,372257.28125,372403.09375,372540.3125,372676.5,372816.40625,372956.59375,373104.09375,373280.90625,373509.40625,373749.21875,374005.3125,374261.6875,374509.625,374758.5,374995.21875,375229.625,371216.875,371457.875,371702.09375,371950.0,372196.28125,372434.125,372670.09375,372904.21875,373136.40625,373364.28125,373590.59375,373818.21875,374043.21875,374263.5,374479.40625,381477.6875,381694.3125,375121.71875,375328.875
Hartford - CT,608907.3125,608885.0625,608876.875,608804.0,608768.9375,608718.3125,608620.9375,608572.5625,608491.5625,608420.75,608340.875,608318.8125,608358.25,608399.5,608499.0,608598.875,608709.5,608786.625,608848.875,608889.5625,604140.6875,604205.5,604259.1875,604326.4375,604380.1875,604436.5,604481.625,604509.6875,604550.5,604578.0,604603.5,604607.3125,604625.1875,604628.5,604641.5,655169.0,655171.5,604643.0,604649.4375
Honolulu - HI,470638.21875,470718.6875,470962.71875,471192.59375,471445.90625,471696.6875,471955.09375,472203.1875,472428.71875,472699.59375,472943.3125,473159.3125,473450.5,473734.3125,474042.125,474347.0,474624.125,474902.8125,475183.0,475475.09375,471836.59375,472101.40625,472358.0,472620.5,472871.78125,473122.90625,473364.59375,473599.90625,473839.0,474067.59375,474301.21875,474526.6875,474758.90625,474978.6875,475201.90625,483451.125,483708.71875,475850.0,476067.0
Houston - TX,3497150.0,3501523.0,3506544.0,3512233.0,3518326.0,3524413.0,3530132.0,3535675.0,3541275.0,3546882.0,3552577.0,3558389.0,3564490.0,3570836.0,3577296.0,3583808.0,3590603.0,3597365.0,3604117.0,3610906.0,3579753.0,3586590.0,3593387.0,3600016.0,3606557.0,3613068.0,3619596.0,3626110.0,3632605.0,3639135.0,3645611.0,3652143.0,3658652.0,3665162.0,3671643.0,3758665.0,3765433.0,3691116.0,3697552.0
Huntsville - AL,293455.0,293815.78125,294243.90625,294742.1875,295270.125,295795.5,296277.5,296759.3125,297241.40625,297760.40625,298287.1875,298797.21875,299377.0,299954.71875,300550.1875,301164.625,301788.59375,302421.375,303047.0,303683.59375,299488.09375,300125.40625,300763.0,301392.59375,302021.21875,302647.71875,303275.21875,303902.5,304529.21875,305155.09375,305778.0,306405.09375,307029.375,307649.5,308265.1875,308524.40625,309120.5,310121.3125,310734.0
Indianapolis - IN,1193750.0,1195126.0,1196708.0,1198169.0,1199698.0,1201197.0,1202642.0,1204217.0,1205749.0,1207228.0,1208617.0,1210132.0,1211865.0,1213516.0,1215196.0,1216916.0,1218641.0,1220337.0,1222012.0,1223694.0,1200217.0,1201867.0,1203512.0,1205163.0,1206804.0,1208429.0,1210064.0,1211671.0,1213285.0,1214899.0,1216517.0,1218137.0,1219758.0,1221369.0,1222976.0,1279683.0,1281392.0,1227775.0,1229369.0
Inland Empire - CA,1724841.0,1728325.0,1732073.0,1735972.0,1740038.0,1743972.0,1747847.0,1751440.0,1754845.0,1758132.0,1761293.0,1764610.0,1768208.0,1771887.0,1775677.0,1779527.0,1783408.0,1787320.0,1791199.0,1795203.0,1771500.0,1775507.0,1779515.0,1783535.0,1787530.0,1791536.0,1795518.0,1799541.0,1803550.0,1807550.0,1811565.0,1815588.0,1819635.0,1823647.0,1827665.0,1909541.0,1913980.0,1839741.0,1843748.0
Jackson - MS,308177.625,308275.59375,308436.8125,308612.09375,308794.59375,308975.71875,309173.0,309391.90625,309597.40625,309771.5,309937.5,310125.3125,310370.40625,310618.28125,310870.78125,311125.0,311404.59375,311680.125,311943.125,312194.5,310504.21875,310749.125,310997.59375,311239.0,311481.6875,311723.375,311964.59375,312207.40625,312446.40625,312687.28125,312921.8125,313161.1875,313395.8125,313630.3125,313856.8125,297860.90625,298108.1875,314535.40625,314752.59375
Jacksonville - FL,820851.625,822017.5,823284.4375,824541.625,825906.3125,827336.5,828810.4375,830321.25,831803.5,833294.5,834732.75,836188.1875,837750.4375,839306.6875,840895.375,842506.4375,844119.625,845747.1875,847340.0625,848948.75,839098.0,840690.1875,842284.9375,843879.5625,845467.75,847051.8125,848627.0625,850190.625,851762.0625,853334.5,854907.25,856480.6875,858059.375,859635.6875,861205.0625,883650.6875,885256.4375,865917.5,867486.0
Kansas City - MO,1153066.0,1153551.0,1154340.0,1155185.0,1156052.0,1156908.0,1157692.0,1158518.0,1159328.0,1160155.0,1160975.0,1162043.0,1163210.0,1164435.0,1165723.0,1167017.0,1168303.0,1169546.0,1170764.0,1171968.0,1159941.0,1161099.0,1162237.0,1163371.0,1164487.0,1165596.0,1166700.0,1167807.0,1168913.0,1170011.0,1171109.0,1172211.0,1173315.0,1174403.0,1175489.0,1212867.0,1214016.0,1178755.0,1179832.0
Killeen - TX,156759.40625,156931.0,157111.203125,157298.296875,157504.890625,157715.1875,157905.90625,158080.796875,158257.703125,158450.296875,158659.703125,158891.5,159143.40625,159402.6875,159671.40625,159938.90625,160210.609375,160480.890625,160747.1875,161005.5,158288.40625,158548.59375,158808.703125,159068.796875,159325.1875,159578.5,159827.703125,160073.5,160317.59375,160560.703125,160800.0,161040.09375,161279.40625,161518.40625,161753.59375,167771.0,168010.0,162461.390625,162694.3125
Knoxville - TN,458094.5,458612.0,459193.375,459772.09375,460393.40625,461026.21875,461645.5,462243.28125,462803.09375,463352.5,463891.5,464466.1875,465098.6875,465731.8125,466388.21875,467058.09375,467709.59375,468357.21875,468981.5,469590.21875,465624.21875,466208.59375,466784.21875,467367.625,467941.90625,468525.21875,469097.5,469669.90625,470239.90625,470808.28125,471375.0,471940.78125,472510.5,473078.09375,473642.21875,471230.5,471785.875,475342.5,475907.28125
Lafayette - LA,187069.59375,187037.703125,187015.796875,186992.203125,186994.59375,186958.296875,186921.703125,186856.796875,186786.5,186710.6875,186687.296875,186688.0,186717.796875,186750.5,186790.0,186830.59375,186879.296875,186927.0,186969.296875,187008.609375,185587.09375,185624.6875,185664.703125,185707.390625,185746.40625,185785.703125,185823.703125,185864.109375,185900.5,185936.703125,185970.5,186007.203125,186042.09375,186075.1875,186105.0,208729.90625,208765.296875,186193.296875,186218.3125
Lakeland - FL,280907.8125,281467.90625,282028.09375,282606.125,283199.5,283796.6875,284374.6875,284941.09375,285480.90625,286003.8125,286516.59375,287055.0,287621.40625,288212.71875,288822.375,289440.3125,290084.40625,290731.0,291367.625,292001.59375,288088.71875,288690.78125,289289.78125,289888.5,290484.5,291073.5,291657.71875,292240.90625,292825.8125,293409.78125,293992.09375,294573.21875,295155.6875,295736.375,296315.3125,306955.0,307530.6875,298049.8125,298626.3125
Lancaster - PA,270360.59375,270535.1875,270743.90625,270936.40625,271181.6875,271427.09375,271644.90625,271840.6875,272050.0,272263.40625,272483.0,272712.875,272981.90625,273258.3125,273546.375,273847.6875,274172.3125,274492.625,274802.5,275108.40625,272568.90625,272893.09375,273223.0,273550.6875,273879.09375,274198.6875,274516.90625,274834.8125,275150.0,275464.59375,275776.6875,276090.59375,276400.6875,276709.90625,277014.90625,281089.1875,281426.59375,277931.40625,278230.0
Lansing - MI,248624.5,248820.6875,249023.109375,249201.59375,249392.8125,249580.703125,249749.09375,249911.296875,250061.09375,250206.09375,250382.40625,250590.703125,250823.703125,251060.109375,251302.3125,251543.703125,251785.0,252022.296875,252253.90625,252459.90625,247838.8125,248023.0,248201.203125,248376.40625,248544.203125,248707.390625,248862.0,249013.796875,249161.0,249304.390625,249442.09375,249574.796875,249704.609375,249829.1875,249949.09375,253480.0,253601.203125,250287.59375,250392.5
Las Vegas - NV,1154125.0,1155829.0,1157963.0,1160772.0,1163571.0,1166334.0,1169024.0,1171614.0,1174099.0,1176496.0,1178877.0,1181385.0,1184092.0,1186964.0,1189938.0,1192963.0,1196016.0,1199088.0,1202191.0,1205252.0,1191522.0,1194380.0,1197277.0,1200137.0,1203001.0,1205847.0,1208687.0,1211525.0,1214351.0,1217180.0,1219984.0,1222804.0,1225609.0,1228422.0,1231220.0,1296916.0,1299993.0,1239664.0,1242467.0
Lehigh Valley - PA,405323.40625,405610.0,406001.5,406431.21875,406796.28125,407105.90625,407376.90625,407640.8125,407914.0,408195.0,408501.40625,408889.40625,409300.125,409751.09375,410235.8125,410726.59375,411223.125,411714.0,412198.40625,412674.40625,406944.0,407414.09375,407887.5,408371.1875,408850.71875,409321.6875,409786.40625,410252.40625,410719.40625,411180.125,411639.71875,412099.40625,412559.375,413014.3125,413465.78125,426039.3125,426520.6875,414813.5,415256.40625
Lexington - KY,306564.21875,306754.09375,307036.5,307390.0,307718.40625,307979.1875,308204.8125,308419.0,308607.5,308771.09375,308983.0,309228.3125,309508.0,309794.3125,310091.71875,310387.78125,310700.1875,311005.3125,311314.5,311621.875,304436.71875,304724.09375,305013.5,305297.21875,305582.5,305863.8125,306151.3125,306433.90625,306716.8125,306999.125,307279.6875,307561.5,307840.0,308119.0,308395.1875,317090.3125,317431.6875,309221.0,309493.5
Little Rock - AR,402511.8125,402719.90625,402938.1875,403194.0,403432.09375,403697.375,403967.59375,404269.90625,404575.71875,404858.625,405125.78125,405441.09375,405803.0,406179.0,406579.40625,406990.8125,407422.5,407849.5,408266.8125,408663.40625,404915.71875,405290.71875,405656.09375,406027.0,406389.59375,406751.8125,407109.0,407464.6875,407818.125,408171.125,408523.40625,408873.59375,409226.28125,409577.0,409924.8125,418646.59375,419037.5,410961.21875,411305.3125
Long Island - NY,1378160.0,1378706.0,1379318.0,1379472.0,1379841.0,1380292.0,1380782.0,1381380.0,1382051.0,1382795.0,1383529.0,1384520.0,1385727.0,1386892.0,1388162.0,1389411.0,1390697.0,1391918.0,1393093.0,1394236.0,1369753.0,1370933.0,1372099.0,1373319.0,1374515.0,1375718.0,1376888.0,1378028.0,1379206.0,1380367.0,1381567.0,1382740.0,1383952.0,1385131.0,1386344.0,1399302.0,1400456.0,1389940.0,1391164.0
Los Angeles - CA,4609638.0,4611859.0,4615281.0,4619138.0,4622832.0,4626135.0,4629310.0,4632443.0,4635379.0,4638156.0,4640777.0,4644208.0,4648176.0,4652333.0,4656796.0,4661296.0,4665931.0,4670571.0,4675160.0,4679927.0,4626090.0,4630762.0,4635378.0,4640137.0,4644782.0,4649424.0,4653984.0,4658538.0,4663058.0,4667483.0,4671967.0,4676440.0,4680954.0,4685347.0,4689775.0,4848602.0,4853582.0,4702912.0,4707246.0
Louisville - KY,726391.8125,726882.0,727512.875,728083.125,728623.0,729000.4375,729385.0,729822.875,730235.875,730649.4375,731181.6875,731805.5,732504.25,733201.0,733923.0,734664.1875,735394.75,736115.875,736814.6875,737492.375,723717.125,724377.0,725017.0,725670.5625,726317.375,726956.4375,727594.1875,728226.3125,728854.9375,729485.5,730113.75,730745.75,731375.9375,732003.8125,732624.5625,737825.6875,738535.5625,734485.5,735100.125
Madison - WI,431681.3125,432072.125,432476.8125,432895.90625,433401.5,433952.09375,434496.78125,435072.8125,435628.59375,436168.40625,436710.5,437273.5,437910.1875,438546.0,439194.5,439852.0,440520.90625,441190.71875,441847.40625,442477.6875,435686.875,436289.0,436886.6875,437482.59375,438071.8125,438653.6875,439228.90625,439800.59375,440367.875,440932.3125,441489.0,442043.40625,442594.40625,443139.09375,443675.40625,457612.21875,458176.78125,445266.59375,445785.40625
Manchester - NH,208924.109375,208971.5,209064.796875,209145.203125,209228.1875,209318.6875,209400.09375,209460.5,209512.796875,209576.296875,209635.09375,209711.90625,209807.40625,209915.0,210036.890625,210163.1875,210294.40625,210424.609375,210548.203125,210666.5,209086.203125,209206.5,209323.296875,209444.3125,209562.703125,209684.203125,209804.0,209923.703125,210045.5,210165.796875,210286.890625,210407.890625,210531.203125,210652.40625,210773.796875,238192.59375,238471.5,211135.796875,211255.5
McAllen - TX,308479.8125,308979.8125,309512.6875,310092.8125,310671.90625,311243.90625,311805.5,312372.1875,312931.21875,313477.0,314031.90625,314650.90625,315325.5,316018.1875,316734.09375,317448.6875,318171.21875,318888.625,319600.40625,320299.71875,317446.59375,318136.59375,318821.09375,319513.875,320195.1875,320870.90625,321537.40625,322194.21875,322844.78125,323488.59375,324126.8125,324762.6875,325396.40625,326022.3125,326644.59375,334876.40625,335555.375,328491.90625,329099.6875
Melbourne - FL,262102.90625,262459.1875,262853.09375,263263.3125,263661.28125,264070.3125,264489.28125,264889.5,265269.71875,265645.375,266019.5,266425.90625,266836.09375,267274.59375,267724.5,268183.90625,268652.3125,269121.40625,269578.1875,270022.3125,265632.8125,266053.71875,266472.6875,266884.3125,267286.59375,267683.0,268071.1875,268453.71875,268835.375,269216.71875,269595.21875,269973.3125,270347.90625,270722.90625,271095.78125,274442.1875,274776.625,272210.78125,272580.1875
Memphis - TN,660473.3125,660603.25,660852.4375,661150.3125,661496.5,661803.5,662099.5,662430.75,662745.4375,663063.5,663358.6875,663734.0,664239.1875,664744.875,665293.375,665849.9375,666396.4375,666932.1875,667443.4375,667965.0625,659587.25,660084.75,660580.375,661084.5,661581.9375,662067.3125,662548.875,663028.3125,663506.0,663973.5625,664437.3125,664902.0,665369.3125,665821.6875,666267.5625,682451.4375,683035.875,667604.125,668036.0625
Miami - FL,1358528.0,1359650.0,1361128.0,1362760.0,1364464.0,1366208.0,1367953.0,1369688.0,1371357.0,1373021.0,1374606.0,1376317.0,1378134.0,1380033.0,1382016.0,1384015.0,1386042.0,1388056.0,1390047.0,1392065.0,1368990.0,1370866.0,1372719.0,1374570.0,1376407.0,1378216.0,1380027.0,1381827.0,1383638.0,1385431.0,1387227.0,1389011.0,1390807.0,1392586.0,1394370.0,1426394.0,1428184.0,1399716.0,1401499.0
Milwaukee - WI,860653.5,860457.0,860429.0625,860471.625,860595.875,860741.5,860862.3125,861031.8125,861204.3125,861373.4375,861569.875,861821.6875,862182.3125,862589.625,863063.0,863561.5,864063.4375,864567.5,865050.625,865471.3125,850344.75,850640.0,850921.875,851211.125,851486.5625,851762.5,852042.3125,852331.4375,852615.3125,852900.0625,853178.5625,853464.125,853743.0,854012.875,854272.875,877619.0625,877911.625,855030.5,855267.25
Minneapolis - MN,2009637.0,2010769.0,2012342.0,2013712.0,2015052.0,2016489.0,2017861.0,2019267.0,2020733.0,2022215.0,2023753.0,2025564.0,2027512.0,2029533.0,2031606.0,2033686.0,2035849.0,2037972.0,2040052.0,2042124.0,2017547.0,2019547.0,2021538.0,2023528.0,2025500.0,2027482.0,2029456.0,2031432.0,2033411.0,2035375.0,2037335.0,2039307.0,2041278.0,2043227.0,2045160.0,2082920.875,2084891.125,2050919.875,2052824.0
Mobile - AL,194076.09375,194043.0,194054.203125,194088.203125,194149.90625,194203.296875,194233.5,194251.296875,194265.59375,194286.296875,194303.40625,194331.703125,194403.3125,194462.296875,194530.390625,194606.296875,194686.5,194766.203125,194840.109375,194921.296875,190396.5,190477.40625,190556.109375,190640.390625,190719.703125,190797.890625,190870.296875,190943.09375,191015.390625,191089.40625,191161.890625,191236.40625,191310.0,191381.296875,191450.703125,195456.5,195532.703125,191663.09375,191729.40625
Modesto - CA,196248.3125,196496.203125,196764.40625,196999.6875,197249.0,197496.90625,197755.796875,198020.5,198284.109375,198533.59375,198773.296875,199044.40625,199351.296875,199646.1875,199951.703125,200264.5,200583.09375,200897.40625,201203.09375,201508.796875,198269.609375,198586.296875,198900.703125,199221.890625,199540.0,199854.796875,200166.703125,200475.09375,200783.703125,201092.109375,201400.703125,201707.703125,202019.5,202327.5,202636.3125,210364.296875,210734.0,203560.296875,203869.796875
Montgomery - AL,188209.390625,188187.5,188208.40625,188262.09375,188327.296875,188381.109375,188408.0,188442.3125,188464.5,188493.609375,188524.3125,188564.890625,188637.796875,188709.796875,188788.703125,188876.796875,188966.796875,189057.5,189143.203125,189233.3125,185865.296875,185945.296875,186023.296875,186096.203125,186166.0,186235.5,186302.40625,186368.0,186430.203125,186490.90625,186548.703125,186607.609375,186665.203125,186719.890625,186771.703125,190348.6875,190402.6875,186927.90625,186974.5
Myrtle Beach - SC,161875.90625,162127.90625,162402.609375,162723.6875,163084.390625,163451.09375,163793.90625,164108.5,164417.09375,164720.390625,165033.40625,165363.203125,165722.0,166082.59375,166451.796875,166823.203125,167209.0,167597.390625,167982.09375,168363.0,167255.40625,167624.609375,167999.0,168370.109375,168741.5,169110.703125,169478.703125,169843.796875,170209.0,170573.8125,170934.40625,171295.59375,171655.0,172014.5,172368.890625,217713.703125,218135.703125,173435.59375,173786.703125
Naples - FL,178703.203125,179063.0,179454.609375,179896.0,180379.296875,180870.5,181314.296875,181709.5,182089.40625,182460.40625,182839.5,183232.296875,183653.203125,184086.703125,184528.59375,184977.0,185437.8125,185903.5,186368.5,186831.796875,183117.0,183570.6875,184023.796875,184473.5,184922.0,185365.09375,185804.390625,186239.90625,186674.890625,187109.796875,187540.09375,187968.5,188397.0,188823.109375,189245.0,197554.90625,197995.109375,190505.203125,190920.203125
Nashville - TN,1207547.0,1209254.0,1211201.0,1213219.0,1215388.0,1217625.0,1219875.0,1222123.0,1224368.0,1226646.0,1228972.0,1231439.0,1234128.0,1236889.0,1239693.0,1242562.0,1245402.0,1248267.0,1251073.0,1253872.0,1241006.0,1243801.0,1246612.0,1249437.0,1252270.0,1255088.0,1257905.0,1260749.0,1263584.0,1266422.0,1269244.0,1272087.0,1274926.0,1277757.0,1280564.0,1288137.0,1290984.0,1289059.0,1291860.0
New Haven - CT,296062.09375,296017.09375,295997.90625,296000.40625,296009.1875,296008.6875,295993.71875,295985.5,295984.90625,295986.3125,295988.90625,296038.21875,296126.40625,296217.71875,296326.0,296432.71875,296541.28125,296647.3125,296747.71875,296839.59375,291827.78125,291914.5,292000.0,292087.0,292173.3125,292263.21875,292350.1875,292433.5,292517.6875,292602.6875,292683.40625,292763.78125,292844.40625,292925.5,293003.375,406892.59375,406970.40625,293233.5,293306.625
New Orleans - LA,479484.5,479382.59375,479342.40625,479359.09375,479447.375,479446.40625,479417.125,479360.1875,479319.40625,479277.5,479319.21875,479423.8125,479628.21875,479851.1875,480102.0,480363.71875,480629.5,480894.8125,481155.21875,481415.3125,474653.59375,474947.6875,475249.125,475541.28125,475834.40625,476132.125,476432.90625,476729.625,477023.1875,477321.1875,477615.21875,477912.8125,478210.375,478504.6875,478795.09375,582457.875,582782.25,479671.8125,479958.71875
New York - NY,6481203.0,6488759.0,6496942.0,6503117.0,6509311.0,6515560.0,6521567.0,6527477.0,6533277.0,6539278.0,6545416.0,6552593.0,6560570.0,6568572.0,6577065.0,6585486.0,6593969.0,6602326.0,6610634.0,6618933.0,6526786.0,6535012.0,6543157.0,6551544.0,6559815.0,6568088.0,6576283.0,6584405.0,6592612.0,6600652.0,6608791.0,6616845.0,6625001.0,6632966.0,6641021.0,7874019.0,7882682.0,6664973.0,6672977.0
Norfolk - VA,823032.0,822988.5625,823075.625,823183.4375,823329.25,823528.0625,823773.9375,824136.4375,824532.6875,824996.125,825439.1875,825840.5625,826343.0625,826859.9375,827410.375,827978.375,828534.8125,829081.625,829593.3125,830088.625,814569.375,815011.3125,815450.0625,815898.6875,816343.0625,816785.6875,817217.5625,817643.6875,818076.8125,818514.0,818941.5625,819373.75,819807.6875,820233.5625,820649.1875,852554.375,853047.75,821911.625,822318.5
Northern New Jersey - NJ,1066430.0,1066888.0,1067702.0,1068430.0,1069009.0,1069509.0,1069886.0,1070064.0,1070002.0,1069898.0,1069747.0,1069661.0,1069634.0,1069695.0,1069838.0,1070027.0,1070240.0,1070485.0,1070722.0,1070984.0,1057252.0,1057403.0,1057545.0,1057686.0,1057809.0,1057933.0,1058069.0,1058225.0,1058358.0,1058472.0,1058571.0,1058671.0,1058758.0,1058841.0,1058925.0,1350902.0,1351452.0,1059181.0,1059261.0
Northwest Arkansas - AR,318451.0,319039.625,319710.28125,320452.21875,321226.09375,321977.0,322695.0,323411.5,324154.21875,324877.28125,325602.28125,326342.90625,327158.125,327973.78125,328806.6875,329640.5,330516.59375,331379.90625,332243.09375,333111.125,334310.21875,335171.8125,336032.71875,336882.0,337733.5,338581.0,339430.21875,340277.09375,341120.59375,341966.1875,342801.5,343641.59375,344473.6875,345305.6875,346126.5,351518.875,352353.09375,348591.40625,349398.40625
Ocala - FL,125274.90625,125371.90625,125488.0,125629.3046875,125777.6015625,125945.1015625,126113.703125,126263.5,126407.3984375,126546.203125,126688.796875,126839.0,126998.203125,127166.3984375,127340.5,127517.1953125,127706.8046875,127897.0,128081.296875,128261.796875,126690.59375,126868.3984375,127043.796875,127217.796875,127388.3984375,127559.0,127725.5,127890.8984375,128056.3984375,128220.8984375,128384.6015625,128546.3984375,128709.3984375,128870.8984375,129030.109375,128268.09375,128398.1015625,129504.0,129660.6015625
Ogden - UT,276815.40625,277312.0,277817.6875,278290.8125,278812.0,279364.8125,279910.1875,280454.71875,281004.90625,281591.71875,282184.0,282795.09375,283455.40625,284125.6875,284812.90625,285515.09375,286242.5,286972.0,287684.90625,288384.1875,285248.28125,285912.1875,286571.40625,287221.59375,287871.40625,288511.40625,289146.90625,289778.5,290414.3125,291044.59375,291671.6875,292295.0,292923.0,293551.0,294175.28125,331852.0,332519.90625,296057.71875,296686.8125
Oklahoma City - OK,718802.4375,719321.75,719986.6875,720543.5625,721232.8125,721841.9375,722461.125,723114.0625,723770.6875,724472.6875,725233.0,726012.875,726983.0,727911.0625,728876.125,729854.1875,730825.0,731820.625,732786.8125,733774.1875,725703.9375,726611.5,727504.375,728394.3125,729290.5,730175.1875,731068.9375,731956.4375,732858.875,733759.25,734651.1875,735554.875,736455.1875,737355.4375,738247.375,759347.875,760276.9375,740939.5,741840.5625
Omaha - NE,519334.71875,519684.09375,520091.625,520463.9375,520876.09375,521306.59375,521710.09375,522080.5,522454.21875,522828.4375,523203.6875,523620.4375,524077.5625,524542.75,525037.4375,525538.5625,526041.0625,526537.625,527024.1875,527490.4375,517698.59375,518163.875,518626.53125,519097.0,519563.28125,520023.625,520484.625,520944.8125,521405.21875,521863.21875,522321.78125,522777.90625,523237.65625,523692.5,524149.46875,549508.1875,550031.8125,525518.3125,525974.4375
Orange County - CA,1697444.0,1698958.0,1701006.0,1703341.0,1705667.0,1707865.0,1709899.0,1711871.0,1713802.0,1715678.0,1717476.0,1719557.0,1721866.0,1724249.0,1726722.0,1729234.0,1731796.0,1734366.0,1736930.0,1739561.0,1720182.0,1722767.0,1725346.0,1727947.0,1730521.0,1733099.0,1735648.0,1738201.0,1740741.0,1743251.0,1745772.0,1748294.0,1750828.0,1753324.0,1755826.0,1823217.0,1825598.0,1763290.0,1765756.0
Orlando - FL,1534454.0,1537850.0,1541481.0,1545163.0,1549082.0,1553078.0,1557042.0,1560720.0,1564250.0,1567727.0,1571092.0,1574631.0,1578393.0,1582219.0,1586120.0,1590058.0,1594016.0,1598028.0,1601990.0,1605943.0,1579452.0,1583344.0,1587267.0,1591190.0,1595103.0,1598996.0,1602892.0,1606783.0,1610679.0,1614596.0,1618498.0,1622415.0,1626322.0,1630237.0,1634129.0,1671812.0,1675861.0,1645851.0,1649748.0
Palm Beach - FL,715460.1875,716360.3125,717444.8125,718581.1875,719762.6875,720988.6875,722200.3125,723365.5,724509.6875,725654.9375,726790.5,727996.0,729263.4375,730567.5,731909.125,733258.0,734621.8125,735979.9375,737329.875,738679.875,727287.5,728563.625,729827.5625,731092.4375,732352.125,733601.3125,734850.25,736090.0625,737340.0625,738584.5,739831.125,741068.8125,742314.875,743554.875,744797.5,764872.0,766153.5,748518.9375,749763.1875
Pensacola - FL,203301.109375,203438.203125,203608.5,203792.5,204008.703125,204242.0,204459.390625,204654.203125,204846.609375,205044.09375,205244.59375,205449.296875,205681.203125,205926.1875,206179.59375,206434.5,206699.59375,206966.296875,207223.796875,207485.3125,203594.609375,203851.5,204111.796875,204369.90625,204626.296875,204883.296875,205137.296875,205389.609375,205641.59375,205895.59375,206145.59375,206398.609375,206651.0,206904.6875,207151.390625,218815.203125,219111.09375,207899.703125,208145.59375
Philadelphia - PA,3160515.0,3162280.0,3164549.0,3166264.0,3167699.0,3169244.0,3170793.0,3172240.0,3173624.0,3175107.0,3176576.0,3178447.0,3180666.0,3182975.0,3185518.0,3188108.0,3190772.0,3193332.0,3195833.0,3198321.0,3162746.0,3165287.0,3167800.0,3170372.0,3172919.0,3175431.0,3177902.0,3180350.0,3182829.0,3185259.0,3187701.0,3190112.0,3192549.0,3194937.0,3197335.0,3268189.0,3270646.0,3204465.0,3206836.0
Phoenix - AZ,2478293.0,2483305.0,2488666.0,2494398.0,2500060.0,2505707.0,2511249.0,2516656.0,2521919.0,2526969.0,2531925.0,2537118.0,2542563.0,2548190.0,2553989.0,2559906.0,2565805.0,2571705.0,2577610.0,2583557.0,2558533.0,2564394.0,2570290.0,2576138.0,2582000.0,2587844.0,2593709.0,2599562.0,2605395.0,2611248.0,2617078.0,2622930.0,2628767.0,2634631.0,2640472.0,2743608.0,2749708.0,2658031.0,2663873.0
Pittsburgh - PA,1219484.0,1219216.0,1219170.0,1219053.0,1218942.0,1218800.0,1218598.0,1218315.0,1218080.0,1217854.0,1217675.0,1217645.0,1217812.0,1218020.0,1218287.0,1218562.0,1218853.0,1219127.0,1219373.0,1219611.0,1206070.0,1206353.0,1206640.0,1206945.0,1207242.0,1207522.0,1207789.0,1208046.0,1208303.0,1208539.0,1208776.0,1209017.0,1209253.0,1209472.0,1209682.0,1206330.0,1206603.0,1210272.0,1210449.0
Port St. Lucie - FL,179455.40625,179773.5,180113.5,180472.0,180861.09375,181275.5,181685.59375,182065.0,182422.703125,182770.5,183118.390625,183487.3125,183879.890625,184281.796875,184693.796875,185111.6875,185541.703125,185973.0,186399.59375,186822.0,184409.5,184822.6875,185233.203125,185640.5,186044.0,186448.5,186847.796875,187244.90625,187641.40625,188036.296875,188429.390625,188819.5,189211.59375,189601.109375,189988.6875,194854.796875,195246.703125,191144.296875,191527.296875
Portland - ME,295154.21875,295340.5,295576.90625,295814.59375,296042.125,296283.59375,296511.28125,296738.90625,296957.625,297172.6875,297380.0,297588.5,297848.78125,298115.0,298383.90625,298661.0,298953.40625,299242.3125,299526.5,299799.71875,292219.6875,292484.09375,292751.09375,293011.59375,293274.09375,293537.5,293798.625,294056.09375,294314.59375,294570.8125,294826.1875,295079.1875,295333.5,295583.1875,295831.3125,323140.6875,323476.90625,296565.3125,296807.1875
Portland - OR,1249665.0,1251112.0,1252789.0,1254388.0,1255930.0,1257324.0,1258668.0,1259972.0,1261323.0,1262685.0,1264089.0,1265656.0,1267326.0,1269063.0,1270849.0,1272644.0,1274492.0,1276343.0,1278177.0,1279985.0,1255505.0,1257248.0,1258982.0,1260726.0,1262462.0,1264206.0,1265944.0,1267688.0,1269424.0,1271162.0,1272898.0,1274639.0,1276382.0,1278119.0,1279856.0,1336537.0,1338613.0,1285063.0,1286786.0
Poughkeepsie - NY,,,,,,,,,,,,,,,,,,,,,280048.71875,280291.28125,280533.6875,280779.78125,281020.125,281260.90625,281498.28125,281733.0,281963.90625,282194.5,282423.09375,282651.0,282877.5,283102.90625,283327.78125,146445.09375,146495.609375,283996.875,284220.09375
Providence - RI,743845.8125,743976.625,744174.375,744456.125,744685.8125,744920.125,745098.5,745262.0,745424.625,745608.8125,745808.4375,746090.1875,746450.6875,746851.3125,747293.5,747746.1875,748196.75,748623.875,749029.625,749403.0625,736205.3125,736564.8125,736920.25,737281.125,737628.8125,737966.5,738293.5,738610.6875,738930.9375,739248.6875,739567.0,739881.75,740196.75,740508.125,740816.5,773146.3125,773507.5,741725.0,742022.25
Provo - UT,322866.0,323812.28125,324823.78125,325795.6875,326824.0,327882.375,328956.6875,330021.90625,331077.40625,332141.5,333215.3125,334318.375,335494.0,336680.0,337891.8125,339115.21875,340351.90625,341590.09375,342822.0,344066.71875,341003.125,342225.5,343453.1875,344676.3125,345905.09375,347135.09375,348365.0,349595.40625,350836.40625,352073.3125,353312.0,354551.78125,355799.09375,357044.5,358290.71875,369460.375,370775.5,362048.0,363303.71875
Raleigh - NC,767141.125,768811.1875,770626.5625,772460.5,774359.625,776297.8125,778239.0625,780090.5,781876.5625,783681.5625,785499.3125,787392.8125,789392.8125,791429.0625,793507.3125,795593.0625,797637.3125,799679.0,801708.125,803741.0,794905.875,796930.4375,798971.6875,801017.8125,803069.5,805116.375,807161.8125,809205.6875,811253.75,813308.125,815356.3125,817410.25,819467.25,821521.1875,823569.5625,841050.0,843147.25,829732.625,831779.625
Reading - PA,185607.09375,185685.296875,185787.5,185870.0,185958.890625,186049.703125,186136.59375,186205.203125,186276.5,186354.203125,186433.90625,186527.40625,186634.203125,186754.0,186887.5,187026.5,187170.0,187311.203125,187443.6875,187567.796875,184841.90625,184974.90625,185108.703125,185246.203125,185380.703125,185510.890625,185635.703125,185757.203125,185878.6875,185995.796875,186114.0,186230.5,186347.5,186461.8125,186576.296875,188261.09375,188395.703125,186910.59375,187020.703125
Reno - NV,284317.40625,284775.5,285260.90625,285772.78125,286285.8125,286821.6875,287346.1875,287845.40625,288342.0,288827.09375,289295.5,289792.375,290343.1875,290919.71875,291519.40625,292133.5,292767.0,293396.90625,294021.5,294621.875,290032.09375,290604.1875,291187.1875,291758.0,292332.875,292896.21875,293452.78125,294006.0,294561.3125,295119.59375,295671.375,296225.8125,296779.125,297338.09375,297892.3125,300779.125,301378.375,299568.21875,300127.28125
Richmond - VA,737535.5,737993.6875,738604.375,739292.8125,740022.5,740782.3125,741515.0625,742269.3125,742977.4375,743692.6875,744397.375,745125.4375,745924.375,746762.5,747637.875,748530.1875,749439.8125,750348.6875,751235.0,752120.8125,736287.1875,737136.3125,737974.3125,738806.875,739636.125,740464.75,741287.5,742104.8125,742930.9375,743756.25,744576.875,745395.3125,746216.125,747033.375,747846.375,773163.0625,774011.75,750280.5,751086.9375
Rochester - NY,521061.28125,521039.1875,521043.28125,520905.875,520812.8125,520748.46875,520682.9375,520600.90625,520497.3125,520384.8125,520264.09375,520199.40625,520198.0,520198.96875,520232.96875,520271.90625,520349.5,520422.1875,520476.0625,520528.0625,511891.8125,511934.375,511973.78125,512021.59375,512061.21875,512107.3125,512149.28125,512188.0,512229.96875,512272.59375,512314.5625,512351.0625,512392.5625,512426.09375,512461.5,547865.1875,548057.125,512557.125,512592.09375
Sacramento - CA,1099610.0,1100929.0,1102420.0,1103947.0,1105558.0,1107199.0,1108856.0,1110534.0,1112165.0,1113739.0,1115293.0,1116973.0,1118858.0,1120759.0,1122706.0,1124657.0,1126625.0,1128590.0,1130538.0,1132510.0,1116806.0,1118766.0,1120721.0,1122683.0,1124628.0,1126571.0,1128488.0,1130408.0,1132318.0,1134215.0,1136119.0,1138015.0,1139927.0,1141814.0,1143704.0,1192393.0,1194415.0,1149351.0,1151221.0
Saint Louis - MO,1432263.0,1432070.0,1432156.0,1432208.0,1432439.0,1432740.0,1433058.0,1433494.0,1433948.0,1434447.0,1434929.0,1435530.0,1436279.0,1437040.0,1437863.0,1438723.0,1439610.0,1440455.0,1441251.0,1442074.0,1426512.0,1427293.0,1428053.0,1428811.0,1429559.0,1430296.0,1431033.0,1431749.0,1432477.0,1433197.0,1433916.0,1434640.0,1435374.0,1436085.0,1436789.0,1511209.0,1512047.0,1438922.0,1439624.0
Salem - OR,190187.1875,190426.796875,190706.890625,190971.0,191249.296875,191479.0,191680.296875,191857.609375,192038.40625,192218.703125,192429.203125,192681.203125,192977.0,193276.3125,193583.796875,193890.0,194213.390625,194542.09375,194870.0,195204.296875,194880.59375,195235.5,195589.09375,195948.296875,196305.796875,196666.0,197022.90625,197381.703125,197742.203125,198101.390625,198459.5,198816.1875,199177.59375,199536.0,199892.5,198241.0,198567.90625,200964.0,201319.0
Salinas - CA,150999.0,151109.40625,151232.1875,151393.40625,151574.0,151763.5,151949.90625,152138.5,152325.109375,152501.09375,152668.796875,152839.296875,153031.6875,153224.203125,153422.609375,153622.796875,153834.0,154043.0,154253.6875,154464.703125,152341.796875,152542.40625,152743.1875,152946.0,153145.90625,153347.59375,153544.796875,153743.890625,153939.296875,154132.296875,154327.390625,154518.703125,154712.59375,154902.609375,155095.09375,158376.296875,158592.703125,155662.796875,155850.59375
Salisbury - MD,57435.80859375,57474.62109375,57518.5390625,57561.76171875,57604.3828125,57646.87109375,57687.91796875,57726.5078125,57762.90234375,57794.98046875,57829.8203125,57873.2109375,57925.91015625,57979.16015625,58035.7265625,58092.12890625,58153.3203125,58213.55859375,58273.390625,58332.30859375,57391.25,57448.66796875,57505.390625,57563.609375,57621.02734375,57678.2421875,57734.58984375,57791.2578125,57847.640625,57902.72265625,57957.0,58010.76953125,58064.76953125,58117.5703125,58170.08984375,186514.609375,186812.5,58325.41015625,58376.3203125
Salt Lake City - UT,849687.375,851285.875,853083.9375,854728.25,856497.0625,858256.5625,860049.5,861880.1875,863661.3125,865443.5,867211.4375,869031.6875,870983.1875,872903.0625,874868.75,876847.0,878814.25,880764.3125,882693.5,884633.75,876045.0,877893.625,879748.25,881604.8125,883468.875,885313.8125,887163.8125,889010.6875,890874.6875,892727.1875,894580.8125,896435.9375,898301.25,900168.5,902038.0,932602.8125,934604.9375,907665.875,909549.9375
San Antonio - TX,1221083.0,1222977.0,1225159.0,1227560.0,1229900.0,1232214.0,1234432.0,1236639.0,1238861.0,1241140.0,1243457.0,1245881.0,1248420.0,1251053.0,1253745.0,1256454.0,1259184.0,1261934.0,1264671.0,1267366.0,1244584.0,1247163.0,1249751.0,1252320.0,1254884.0,1257440.0,1259993.0,1262542.0,1265078.0,1267629.0,1270162.0,1272707.0,1275241.0,1277783.0,1280307.0,1319352.0,1322188.0,1287907.0,1290426.0
San Diego - CA,1575287.0,1576465.0,1578024.0,1579683.0,1581486.0,1583227.0,1584854.0,1586497.0,1588128.0,1589779.0,1591361.0,1593071.0,1595074.0,1597101.0,1599193.0,1601297.0,1603454.0,1605608.0,1607755.0,1609881.0,1590520.0,1592631.0,1594745.0,1596866.0,1598965.0,1601056.0,1603113.0,1605174.0,1607215.0,1609247.0,1611281.0,1613306.0,1615347.0,1617350.0,1619360.0,1674717.0,1676880.0,1625372.0,1627345.0
San Francisco - CA,1145119.0,1146556.0,1148171.0,1149819.0,1151605.0,1153443.0,1155260.0,1156873.0,1158464.0,1160078.0,1161715.0,1163470.0,1165400.0,1167371.0,1169391.0,1171434.0,1173471.0,1175541.0,1177597.0,1179625.0,1164820.0,1166822.0,1168849.0,1170848.0,1172856.0,1174846.0,1176841.0,1178850.0,1180828.0,1182812.0,1184788.0,1186780.0,1188759.0,1190731.0,1192692.0,1264778.0,1267101.0,1198612.0,1200559.0
San Jose - CA,1158644.0,1160226.0,1161969.0,1163687.0,1165534.0,1167460.0,1169364.0,1171202.0,1173011.0,1174827.0,1176655.0,1178633.0,1180787.0,1182990.0,1185230.0,1187500.0,1189798.0,1192084.0,1194334.0,1196551.0,1173564.0,1175822.0,1178080.0,1180327.0,1182552.0,1184789.0,1187012.0,1189261.0,1191483.0,1193698.0,1195929.0,1198157.0,1200389.0,1202594.0,1204805.0,1272703.0,1275229.0,1211409.0,1213598.0
Santa Barbara - CA,187945.796875,188010.09375,188101.203125,188195.09375,188331.0,188487.5,188642.203125,188795.59375,188946.59375,189091.0,189230.609375,189376.203125,189556.796875,189737.0,189923.40625,190112.390625,190318.09375,190529.40625,190732.5,190927.59375,189419.90625,189613.0,189805.796875,189997.703125,190187.8125,190381.0,190568.609375,190759.09375,190946.90625,191135.796875,191322.6875,191508.109375,191696.5,191883.0,192066.703125,203275.609375,203494.0,192617.5,192797.703125
Santa Rosa - CA,205785.296875,205949.203125,206131.1875,206316.796875,206532.703125,206769.5,206998.796875,207211.296875,207414.0,207606.59375,207797.296875,208009.703125,208259.5,208504.59375,208755.0,209008.0,209281.0,209552.40625,209818.0,210071.5,206860.59375,207112.203125,207362.90625,207613.40625,207863.40625,208115.203125,208363.5,208610.703125,208859.0,209107.796875,209355.1875,209598.203125,209844.609375,210089.09375,210333.796875,224418.390625,224737.3125,211056.90625,211296.5
Sarasota - FL,357506.59375,358098.375,358730.71875,359392.0,360028.59375,360701.1875,361382.0,362032.59375,362658.5,363263.6875,363856.59375,364489.6875,365137.6875,365816.5,366515.5,367222.40625,367941.59375,368664.09375,369380.40625,370090.90625,365536.28125,366229.0,366917.0,367605.71875,368290.09375,368973.0,369649.59375,370320.5,370994.59375,371668.6875,372342.09375,373012.59375,373684.8125,374357.3125,375029.59375,383822.125,384532.71875,377043.5,377716.1875
Savannah - GA,208443.609375,208654.796875,208923.40625,209222.5,209560.59375,209888.390625,210202.1875,210535.5,210860.59375,211175.5,211481.09375,211791.703125,212146.390625,212503.09375,212866.59375,213232.796875,213631.296875,214033.703125,214433.296875,214828.296875,212590.109375,212967.703125,213344.796875,213719.609375,214098.0,214479.40625,214858.40625,215239.203125,215622.0,216005.40625,216385.796875,216765.109375,217147.296875,217526.90625,217905.109375,225400.40625,225801.796875,219048.796875,219426.40625
Scranton - PA,271426.90625,271440.875,271458.0,271451.125,271451.28125,271463.1875,271463.40625,271441.71875,271433.8125,271427.71875,271427.40625,271454.1875,271522.0,271593.0,271681.6875,271777.90625,271898.09375,272011.40625,272116.0,272219.21875,268777.59375,268881.0,268983.875,269087.3125,269188.28125,269282.40625,269372.90625,269462.875,269553.5,269640.40625,269727.21875,269812.09375,269895.5,269975.59375,270054.40625,277895.28125,278006.0,270290.3125,270366.6875
Seattle - WA,2170003.0,2173507.0,2177544.0,2181494.0,2185543.0,2189632.0,2193553.0,2197289.0,2200853.0,2204422.0,2208095.0,2212006.0,2216059.0,2220309.0,2224658.0,2229104.0,2233585.0,2238082.0,2242517.0,2246836.0,2216070.0,2220144.0,2224221.0,2228254.0,2232296.0,2236312.0,2240348.0,2244410.0,2248456.0,2252516.0,2256537.0,2260579.0,2264609.0,2268669.0,2272706.0,2364107.0,2368685.0,2284891.0,2288926.0
Shreveport - LA,168773.703125,168640.5,168507.40625,168382.796875,168273.0,168102.203125,167918.703125,167707.59375,167496.3125,167287.40625,167139.5,167026.796875,166944.90625,166866.5,166798.59375,166729.40625,166666.203125,166597.390625,166525.0,166449.40625,165370.703125,165295.703125,165219.0,165147.40625,165071.703125,164998.90625,164924.0,164849.109375,164775.40625,164700.0,164626.5,164553.0,164481.90625,164407.0,164333.890625,175788.890625,175718.40625,164108.3125,164032.390625
Spokane - WA,267815.1875,267998.09375,268221.90625,268423.3125,268652.59375,268869.375,269061.875,269230.1875,269385.71875,269534.78125,269702.21875,269930.78125,270201.375,270482.5,270778.6875,271080.6875,271411.59375,271743.09375,272067.0,272382.125,267285.875,267602.5,267917.21875,268234.90625,268546.59375,268855.71875,269159.0,269464.8125,269769.1875,270069.09375,270362.78125,270657.0,270951.125,271240.90625,271525.6875,289187.28125,289508.5,272381.71875,272659.78125
Springfield - MA,209589.796875,209603.296875,209640.5,209639.09375,209638.703125,209625.5,209596.0,209562.609375,209533.09375,209504.890625,209489.390625,209518.296875,209586.703125,209651.90625,209733.3125,209811.203125,209904.296875,209994.59375,210078.90625,210155.703125,207505.59375,207588.5,207667.296875,207760.1875,207849.109375,207941.09375,208027.203125,208113.609375,208204.609375,208291.90625,208382.0,208469.09375,208561.0,208646.609375,208734.296875,291232.5,291366.90625,208990.09375,209074.796875
Springfield - MO,240039.90625,240226.390625,240455.0,240664.390625,240926.40625,241188.0,241430.5,241647.09375,241860.59375,242083.890625,242325.5,242599.59375,242906.796875,243210.609375,243526.09375,243843.703125,244188.90625,244529.5,244861.6875,245195.6875,243653.203125,243992.0,244328.09375,244671.296875,245008.890625,245349.390625,245682.40625,246016.5,246348.296875,246677.59375,247003.0,247327.609375,247651.203125,247969.40625,248282.8125,252932.6875,253246.90625,249218.796875,249523.5
Stamford - CT,411694.3125,411554.1875,411465.0,411368.28125,411250.09375,411118.09375,410936.625,410755.09375,410568.0,410392.6875,410230.90625,410139.8125,410101.40625,410089.1875,410100.71875,410108.875,410127.09375,410133.6875,410127.40625,410089.8125,403705.6875,403679.90625,403652.5,403625.3125,403596.71875,403568.59375,403538.3125,403500.40625,403460.78125,403422.6875,403379.40625,403333.90625,403287.8125,403240.375,403190.40625,442765.59375,442704.71875,403028.5,402971.3125
Stockton - CA,284263.40625,284685.90625,285178.8125,285711.6875,286258.59375,286780.0,287300.1875,287858.09375,288391.28125,288903.40625,289381.40625,289878.375,290410.0,290944.09375,291498.09375,292057.59375,292626.3125,293191.1875,293749.21875,294312.09375,293474.21875,294034.09375,294592.59375,295158.8125,295720.21875,296277.59375,296832.625,297392.90625,297952.78125,298506.09375,299064.09375,299621.09375,300182.09375,300736.375,301293.3125,310801.0,311296.90625,302956.59375,303509.78125
Syracuse - NY,320956.59375,320839.375,320759.71875,320628.28125,320500.875,320368.28125,320227.375,320081.78125,319913.09375,319744.125,319562.09375,319412.59375,319306.78125,319210.0,319133.78125,319062.8125,318991.09375,318922.21875,318843.5,318759.09375,314590.3125,314497.90625,314409.6875,314328.3125,314241.5,314153.1875,314061.1875,313968.0,313873.8125,313780.78125,313685.09375,313591.625,313498.40625,313403.90625,313308.59375,321331.09375,321327.0,313026.09375,312931.6875
Tallahassee - FL,204328.59375,204436.703125,204547.0,204698.296875,204883.1875,205075.890625,205257.40625,205414.390625,205547.5,205667.203125,205792.609375,205935.109375,206111.40625,206289.59375,206473.90625,206659.8125,206854.796875,207049.390625,207237.796875,207422.890625,203404.0,203572.296875,203743.109375,203913.5,204082.90625,204253.6875,204424.109375,204595.0,204764.890625,204936.40625,205105.296875,205277.5,205448.59375,205619.296875,205786.5,212513.90625,212707.5,206293.90625,206460.40625
Tampa - FL,1572693.0,1574327.0,1576281.0,1578242.0,1580284.0,1582486.0,1584718.0,1587003.0,1589336.0,1591690.0,1594060.0,1596577.0,1599194.0,1601942.0,1604751.0,1607608.0,1610505.0,1613397.0,1616259.0,1619111.0,1602273.0,1604992.0,1607723.0,1610420.0,1613127.0,1615811.0,1618479.0,1621115.0,1623761.0,1626419.0,1629074.0,1631727.0,1634388.0,1637056.0,1639720.0,1695605.0,1698495.0,1647733.0,1650402.0
Toledo - OH,308049.28125,307947.6875,307881.8125,307800.8125,307756.28125,307727.0,307697.21875,307676.6875,307668.6875,307634.1875,307583.09375,307550.8125,307575.59375,307587.71875,307611.59375,307648.71875,307700.0,307744.5,307773.40625,307780.5,302208.09375,302235.5,302263.40625,302297.21875,302329.71875,302364.6875,302391.59375,302417.5,302444.09375,302472.40625,302494.90625,302519.0,302543.40625,302562.8125,302576.6875,311812.1875,311842.8125,302616.5,302618.59375
Trenton - NJ,298637.59375,298887.21875,299226.40625,299572.5,299933.5,300285.875,300612.3125,300936.09375,301210.0,301459.40625,301714.0,302013.5,302353.90625,302687.71875,303031.1875,303376.0,303737.5,304099.21875,304455.6875,304811.0,296790.71875,297111.90625,297432.59375,297755.3125,298076.5,298404.3125,298727.59375,299054.6875,299383.6875,299709.40625,300034.40625,300356.1875,300681.875,301006.28125,301330.6875,315467.40625,315899.8125,302305.90625,302632.28125
Tucson - AZ,399051.3125,399258.59375,399498.40625,399751.0,400032.8125,400322.90625,400610.59375,400895.6875,401171.125,401443.3125,401718.09375,402043.3125,402442.6875,402835.78125,403256.5,403680.78125,404110.6875,404534.59375,404950.0,405356.5,400539.21875,400939.5,401333.59375,401726.90625,402115.8125,402505.40625,402892.5,403274.8125,403657.1875,404032.28125,404409.90625,404783.90625,405160.5,405529.21875,405897.875,429940.5,430450.0,406987.5,407348.21875
Tulsa - OK,487031.8125,487334.09375,487705.6875,487986.0,488356.40625,488714.125,489078.875,489453.1875,489843.6875,490220.0,490610.8125,491025.09375,491523.8125,492010.90625,492514.59375,493024.28125,493570.3125,494116.6875,494644.28125,495147.0,491342.28125,491784.5,492219.3125,492638.6875,493060.21875,493482.6875,493912.59375,494334.1875,494759.1875,495187.09375,495609.71875,496028.8125,496449.5,496866.40625,497282.5,502881.28125,503298.875,498521.09375,498937.40625
Vallejo-Fairfield - CA,144648.890625,144816.703125,144993.109375,145156.09375,145324.40625,145500.109375,145678.40625,145852.09375,146019.609375,146179.390625,146332.703125,146504.0,146704.890625,146909.609375,147123.90625,147343.90625,147568.6875,147791.3125,148010.5,148225.59375,144504.5,144722.5,144939.296875,145158.40625,145375.90625,145594.40625,145808.296875,146020.703125,146232.1875,146443.609375,146654.609375,146864.8125,147078.203125,147288.703125,147499.40625,155352.59375,155584.90625,148130.59375,148338.8125
Ventura - CA,320068.0,320220.3125,320445.40625,320697.21875,320954.8125,321201.8125,321455.5,321726.40625,321993.8125,322253.59375,322501.59375,322770.0,323089.8125,323411.28125,323746.625,324082.40625,324408.8125,324734.8125,325054.5,325366.78125,317676.78125,317997.71875,318318.59375,318652.09375,318978.90625,319301.21875,319617.8125,319932.09375,320243.09375,320551.78125,320861.3125,321171.8125,321482.09375,321788.5,322093.40625,335461.3125,335767.40625,323000.21875,323296.6875
Visalia - CA,146979.90625,147210.609375,147464.5,147713.703125,147979.40625,148244.09375,148505.59375,148760.796875,149002.59375,149234.703125,149469.5,149717.890625,149983.09375,150251.609375,150528.109375,150808.203125,151095.59375,151382.59375,151665.796875,151950.703125,149668.5,149942.5,150213.390625,150487.3125,150756.609375,151025.40625,151289.59375,151554.09375,151817.796875,152078.40625,152340.296875,152601.390625,152864.203125,153123.703125,153383.109375,157543.5,157822.09375,154157.59375,154413.796875
Washington - DC,3374811.0,3375611.0,3376845.0,3378440.0,3380101.0,3382042.0,3383991.0,3386149.0,3388478.0,3391313.0,3394324.0,3398312.0,3402620.0,3407284.0,3412168.0,3417129.0,3421948.0,3426642.0,3431245.0,3435862.0,3380241.0,3384584.0,3388846.0,3392978.0,3397014.0,3400981.0,3404898.0,3408763.0,3412597.0,3416413.0,3420225.0,3424037.0,3427840.0,3431621.0,3435409.0,3591325.0,3595204.0,3446811.0,3450606.0
Wichita - KS,313793.78125,313798.875,313872.71875,313921.5,313991.09375,314067.40625,314165.0,314268.59375,314376.8125,314487.625,314601.0,314754.90625,314929.0,315101.0,315276.3125,315466.1875,315652.90625,315830.6875,315999.21875,316170.5,312292.5,312454.5,312614.6875,312788.6875,312952.90625,313115.125,313272.875,313433.40625,313588.1875,313737.625,313883.90625,314040.90625,314193.78125,314335.78125,314478.21875,322114.0,322219.78125,314902.5,315032.90625
Winston-Salem - NC,285624.21875,285720.6875,285846.09375,285967.40625,286120.3125,286293.6875,286474.6875,286653.40625,286835.28125,287020.59375,287226.1875,287457.40625,287713.28125,287982.09375,288269.0,288559.375,288859.5,289160.0,289448.0,289707.5,286417.6875,286675.1875,286936.625,287203.875,287468.59375,287732.09375,287991.78125,288251.3125,288510.3125,288768.875,289024.0,289280.59375,289538.5,289794.59375,290046.125,291933.28125,292200.1875,290796.6875,291040.8125
Worcester - MA,362405.3125,362652.1875,362910.40625,363098.78125,363294.3125,363504.6875,363696.59375,363883.5,364059.125,364227.0,364407.1875,364645.90625,364936.09375,365236.78125,365563.8125,365893.5,366234.5,366569.21875,366894.40625,367195.8125,362302.40625,362607.09375,362908.125,363223.125,363533.125,363839.1875,364139.1875,364431.78125,364728.09375,365022.1875,365317.8125,365610.59375,365906.0,366198.6875,366492.40625,434681.3125,435083.40625,367365.375,367656.5
York - PA,195170.203125,195305.40625,195459.59375,195573.109375,195693.40625,195809.6875,195908.40625,195987.5,196074.09375,196178.40625,196290.296875,196405.8125,196536.703125,196678.09375,196836.109375,197000.5,197167.203125,197326.0,197477.203125,197622.0,195176.109375,195329.5,195480.890625,195635.09375,195783.90625,195924.703125,196058.59375,196190.90625,196323.703125,196449.40625,196576.203125,196699.796875,196823.703125,196941.796875,197060.390625,202720.203125,202871.5,197407.890625,197521.296875
Youngstown - OH,168737.203125,168587.796875,168461.0,168342.703125,168237.90625,168135.296875,168028.5,167914.703125,167803.5,167687.296875,167566.796875,167446.0,167345.5,167242.09375,167145.40625,167052.09375,166972.203125,166888.0,166797.5,166700.5,163339.796875,163248.59375,163155.703125,163064.0,162971.5,162878.90625,162783.0,162684.09375,162585.5,162485.3125,162382.796875,162279.0,162174.296875,162065.90625,161955.40625,208231.90625,208129.390625,161616.890625,161499.296875
