Market,2026 Q2 EST,2026 Q3,2026 Q4,2027 Q1,2027 Q2,2027 Q3,2027 Q4,2028 Q1,2028 Q2,2028 Q3,2028 Q4,2029 Q1,2029 Q2,2029 Q3,2029 Q4,2030 Q1,2030 Q2,2030 Q3,2030 Q4,2031 Q1,0
Akron - OH,0.0535411258997359,0.05357567156281074,0.05361139728476451,0.05364964610460103,0.053707619227705866,0.05376122086446357,0.05382778917556869,0.05390446845720975,0.053984962081699936,0.054066961848063755,0.054150531362350776,0.054232504784179736,0.05431532486639694,0.05439583176025693,0.05447702147845542,0.0545559798095906,0.05463284070762629,0.05471029196135153,0.054788284683557384,0.05486408692412927,
Albany - NY,0.06583079373879253,0.0659448578903341,0.06605530662708795,0.0667137189674277,0.06694106761111643,0.06716513699496104,0.06721454430654725,0.06728746809177728,0.06737545997950253,0.06747168036871252,0.06757524478214127,0.06768674050063475,0.0678020193162171,0.06791880221533193,0.06803523587973936,0.06815077653722978,0.0682653426044696,0.06837672315009442,0.06848628891072293,0.06859149712093585,
Albuquerque - NM,0.06118524974163867,0.061176933295405946,0.06139718906434392,0.06139456478497356,0.06205682882261958,0.0620933146384037,0.06214878708380823,0.06221872240335044,0.06229627757728275,0.062378428458256203,0.062465397964709124,0.06255227562517855,0.06264155359681976,0.06273079518810294,0.06282133736723985,0.06291097461643716,0.06299830337580395,0.06308558968618803,0.06316929740822076,0.06325003347199823,
Anchorage - AK,0.0324727447535483,0.03247197645929463,0.0324718440164514,0.03247039471254121,0.03246507918749276,0.032463519778225855,0.032457878611724764,0.0324535573523784,0.03244787316099809,0.03243768990605802,0.0324293489419092,0.03241931022786686,0.032407102089757216,0.03239287160998965,0.03237695979169587,0.032358880934297084,0.03233858585165424,0.0323159845013802,0.03229438372874015,0.03227036146982902,
Asheville - NC,0.05840360208325662,0.05854329797426937,0.059184322058472155,0.059286020310093675,0.061046851065059686,0.06114523797807777,0.06199570806482318,0.06279696157199677,0.06317061397944261,0.06358120530083633,0.06401897283301664,0.06447273437736593,0.06494142300573988,0.06541534818400437,0.06589386171373483,0.06637300578649784,0.06684810735997537,0.06731939621511478,0.0677819983611094,0.06824072124928417,
Atlanta - GA,0.08467999373783801,0.08485245677561397,0.08516135494373378,0.08535444098371736,0.08543051758148514,0.08569320438514984,0.08588919550681468,0.08607088355219425,0.08622015281362591,0.0863289119862344,0.0864667865532294,0.08662775670117316,0.08677487542307143,0.0869143703457096,0.0870324420619217,0.08713401179894754,0.08722618663829894,0.08731189771468427,0.08738901791729124,0.08745896067032821,
Augusta - GA,0.04950738213311584,0.049990578373434486,0.050159665349024635,0.050111381427858405,0.05006986817121803,0.05007636479421125,0.050285530666835575,0.050352833755493764,0.05043427511671111,0.05052577396246668,0.05062350701015931,0.05072606322066195,0.0508335545187778,0.05094094348196835,0.0510483338598773,0.051155829954643434,0.05126016060616238,0.05136487660438767,0.051466890801110665,0.051566279770762266,
Austin - TX,0.1286242279896616,0.12891359724145626,0.1294586754710352,0.1298394159601719,0.13008716574892676,0.13015012060582043,0.13036759195336525,0.13061051903953877,0.13072421004372584,0.13082252976678882,0.1308729402151709,0.130948833630103,0.13104178833838265,0.13114846956645812,0.1312581023740313,0.13136043875056722,0.13145123719498153,0.1315312422089913,0.13160025574479361,0.13165183035455727,
Bakersfield - CA,0.028976770386167514,0.028973378394866942,0.02969677511837828,0.0296860768915203,0.02971268349504426,0.029720986010340907,0.02973261217493447,0.029746528211812298,0.029763620273681155,0.02978121347910526,0.02979950708853597,0.029818224420839867,0.029836778486419264,0.029853849405359418,0.029871441615423773,0.02988654942521469,0.029901142484416804,0.029914422128000284,0.02992523581229176,0.0299348486503637,
Baltimore - MD,0.0759095043917975,0.0761163192194958,0.07630166075861052,0.07652586896012027,0.07657742559994059,0.07664748666264426,0.07688951670017342,0.07711098416214265,0.07723176293604427,0.07735841715619075,0.0774889318300274,0.07762201635763613,0.0777556264755448,0.07788919810648118,0.07802042719951074,0.0781495767976122,0.0782760089592706,0.07839875893181088,0.07851778958831218,0.07863222710982712,
Baton Rouge - LA,0.05024118625741566,0.050237817873853736,0.05033137214289615,0.05070602340659694,0.05070708734777092,0.050739652217023874,0.05079368649365929,0.05086272887149094,0.05094128869719774,0.0510241568160112,0.051110688358958836,0.05119872644011174,0.05128790568085803,0.051375890587569535,0.05146164043036646,0.051546207952809016,0.05162883014767132,0.05170795369299644,0.051784759393902174,0.05185768703847196,
Beaumont - TX,0.04772685649309438,0.04778356846900003,0.0478411539498424,0.04789958498778772,0.047960212447592326,0.048032026396046645,0.048110220067094964,0.048190169441288344,0.04827412362709658,0.04835350321121256,0.048434812696175535,0.04851433430051892,0.048592434533933235,0.048668755938522386,0.04874256866617011,0.04881454582586109,0.04888465745117879,0.048955631002142494,0.049022454812224316,0.049087562357224584,
Birmingham - AL,0.05680844158546024,0.05677455520513128,0.056982091318978016,0.05695100349286638,0.057005433478298055,0.057017074245702806,0.05705503658597289,0.05711250770137808,0.057180887434244716,0.057256293586675513,0.05733541844830027,0.05741791472033173,0.05750372896154622,0.05759037279475012,0.0576765393911219,0.05776324019414496,0.05784804354476557,0.05793172550121498,0.0580142363698492,0.05809475148735695,
Boise - ID,0.05166126058086683,0.05182597176029369,0.05186696436271919,0.051739845091703304,0.05169522611748677,0.05174130653417641,0.052422768788557166,0.05250547456020709,0.05260671098336894,0.05271943712968018,0.05283930737990498,0.05296487022914744,0.05309576705756101,0.053229838285279774,0.05336414287810849,0.05349822942932148,0.053629155448889396,0.05375529151245046,0.05387865212897495,0.05399731227180827,
Boston - MA,0.059534187309413324,0.05998100739920073,0.0602681754610335,0.06093889163975998,0.061343518006657445,0.061638017352681214,0.06192476575530547,0.06209842996840014,0.062494170172468035,0.06282351964877408,0.06305508690274916,0.06326592030104229,0.0634702569034208,0.06367884420149612,0.06388858328867628,0.06409787349823558,0.06430627118634058,0.06451043139784862,0.06470883666314685,0.06490153521607217,
Brownsville-Harlingen - TX,0.02587447293054843,0.025882867559472705,0.02637016529308795,0.026378216668615548,0.026389955868832853,0.026413073127257086,0.026438507247714252,0.026468753892543728,0.026497667877891016,0.02652942012786351,0.026556440230425558,0.026584103794843977,0.026612604495750262,0.02663721157427336,0.026662180818357948,0.026683220919603443,0.026704999729288328,0.026725283286611622,0.026744203144567668,0.026763832593686844,
Buffalo - NY,0.04293603687018048,0.04333661765558215,0.043443720084035437,0.04347645144761107,0.04402919545894692,0.044107201469921656,0.04428908480232199,0.04435181231296132,0.044422859669369985,0.04449962418359002,0.04458030302370069,0.04466690154601775,0.04475554132223833,0.044845942753167015,0.04493721422293974,0.04502932001513855,0.04512065871719444,0.045210862714838866,0.04529908246603444,0.04538590097255502,
Canton - OH,0.032276290969734785,0.032302480548348916,0.0323302423574669,0.03236216601345358,0.032392672404127916,0.03242646369672965,0.03246463254940846,0.032507399868220495,0.0325520032761902,0.032594317829408304,0.03263815590237697,0.032680890356396076,0.03272333631007691,0.032764026288613364,0.0327988827117575,0.03283062499234509,0.03286415277438118,0.032895978412491936,0.032924793034904594,0.032955347961961624,
Charleston - SC,0.0843107049611996,0.08510286309492571,0.085696860151143,0.08604579673221695,0.08617609697898711,0.08609276440092625,0.086104633763723,0.08618450294872147,0.08630379834091532,0.08644970768320429,0.08661333950564082,0.0867893719440857,0.0869753967612507,0.08716253358107469,0.08735019830131177,0.08753540136183972,0.0877168260861627,0.08789235646226543,0.08806293486219412,0.08822674808153977,
Charlotte - NC,0.08510408352727397,0.08577479467375905,0.08636132420697118,0.08685889416854976,0.08739241774261346,0.08755999618217372,0.08788184367808219,0.08797184018245943,0.08821620927561089,0.08839548370279926,0.08859693294256286,0.08883007710629574,0.08908710055853078,0.08936089849336429,0.08964924590121724,0.08994151645236817,0.09023307705987944,0.0905200106749958,0.09080103227774883,0.09107508572967236,
Chattanooga - TN,0.05184558130620198,0.051898749061418115,0.05223801064228837,0.05222548147042634,0.05239429298292664,0.05241328278613395,0.053607692127546396,0.053698505232672875,0.053807311553010335,0.05392812184181132,0.05405638591387916,0.05419049727888841,0.05432800441140467,0.05446523992496754,0.05460549075306433,0.054742269078085354,0.05487886031408975,0.055013751782600165,0.05514526248605908,0.055274799845,
Chicago - IL,0.0611867299528689,0.061431771795984,0.061691276688421615,0.06186070678422911,0.062040799590654415,0.062307965557145024,0.06255554433528898,0.06278890125857273,0.06303846844044021,0.0632756690607717,0.06347445587462876,0.06368010598131851,0.06388196655346273,0.06408493006184848,0.0642856717885533,0.06447808930259333,0.06466636613418801,0.06485133063128949,0.06503088454254949,0.06520566563028149,
Cincinnati - OH,0.06495624683045782,0.06510662364706324,0.06515874412234492,0.06546672218931672,0.06572731511687739,0.06581379928678309,0.06595927249795173,0.06613268487149206,0.06621405203919885,0.06629828069805338,0.06639321507197472,0.06666118797533384,0.06676839981471262,0.06687901785925407,0.06699081693602794,0.0671025494115454,0.06721288745668216,0.06732178763424138,0.0674279613964835,0.06753093512973667,
Cleveland - OH,0.06528812362716316,0.06534349718881594,0.06578971729885154,0.06601984570628225,0.06621023520195979,0.06632507378712629,0.06646379073690258,0.06655634362896092,0.06665911903271014,0.06676977568657594,0.0668873881529431,0.06701011895887499,0.06713884399201914,0.06727128255577496,0.0674072105788774,0.06754527618791219,0.06768553110174516,0.06782576589940893,0.06796549148498209,0.06810535044927706,
Colorado Springs - CO,0.07541904480282566,0.07534195352337764,0.07597095720709826,0.07668027591922649,0.07678615834455947,0.07674962107259674,0.07680356673144867,0.07717699034799605,0.07732659423243675,0.07750329617380333,0.0776991197266054,0.07790965930771114,0.07813412969474821,0.07836579155046666,0.07860142708480798,0.07883685682220942,0.07906930996466004,0.07929550191788255,0.07951934019558066,0.07973607281336233,
Columbia - SC,0.04716985444591983,0.04727377428886974,0.04718665793099167,0.047461502752209006,0.04798706274419626,0.04796033984458072,0.047971101477651414,0.048131527242092555,0.0481832394239434,0.04824411781044241,0.04861148191401754,0.04868172225866384,0.04875500763350766,0.048827914368560946,0.048899719815521756,0.04897050395148921,0.04903829624284448,0.049105475002581216,0.049168937034309024,0.049229875087918054,
Columbus - OH,0.10259466932265637,0.1029388104497895,0.10362766102530037,0.10409897251251427,0.10449930484574238,0.10491634284404139,0.10525996224163432,0.10543840467996828,0.1056350231233352,0.10591729298471628,0.10622688849947003,0.10644564363977774,0.10671570472908401,0.10695486824384659,0.1071963320920421,0.10743690877823225,0.10767432897795791,0.10790580330389099,0.10812749803144986,0.10834121410593717,
Corpus Christi - TX,0.07520782894477794,0.07522190486766407,0.07539656942242422,0.07541193458732358,0.0754353141794358,0.07548508052176468,0.07555488171928633,0.07564043733600953,0.07573205657094381,0.07582894348381315,0.07592504009465458,0.07602240809559961,0.07612160984465127,0.07622003170991756,0.07631378978796059,0.07640655505963242,0.07649804591426929,0.07658455381019003,0.07667064067706292,0.07675136704797168,
Dallas-Fort Worth - TX,0.10978773464978445,0.1100351499133665,0.11035363651143783,0.11046086133928948,0.11055619784955578,0.11050588722492638,0.11063753197836458,0.11080264135626516,0.11092544954853864,0.11111572885111451,0.11125572178656759,0.111403969591708,0.1115296503460056,0.11169929061233955,0.11186567922843432,0.11203483406164953,0.11216570913772518,0.1122914443071147,0.11238439251718566,0.11246141945558828,
Dayton - OH,0.06479828760440262,0.06525147048379275,0.06581776377298172,0.06585057269426806,0.06621867234608855,0.06649642464254826,0.06660196943904324,0.06673191645386042,0.06687288530986066,0.06702256371783091,0.06717737327765258,0.06733325109070516,0.06749140823879365,0.06765027344211057,0.06781005464355017,0.06796696239881192,0.06812119264020941,0.06827247729257276,0.0684182657264633,0.0685611893685506,
Daytona Beach - FL,0.041723993061508535,0.042548557149443104,0.04246598819781628,0.04346403398943101,0.04338553947653472,0.043699537009259486,0.043741163708292334,0.04381564306680446,0.04391249727120326,0.044024230163368545,0.04414430940263552,0.044272685478071915,0.04440417899197122,0.04453931576909754,0.04467358423055655,0.044804968060428815,0.04493303088328397,0.04505833704951897,0.045178605919052046,0.045296445234644045,
Denver - CO,0.10502263146648018,0.10555250190794563,0.1061207365234351,0.1063558064613001,0.10689941131104652,0.10726579723190235,0.10751667591139985,0.10784799438644109,0.10817053737823788,0.10847460884634295,0.10880085194293518,0.10914438079281608,0.1094405897492444,0.10979093787367457,0.11010280643566572,0.11043143478535056,0.11072086643384821,0.11100029006357096,0.11127041912636912,0.11153005132995535,
Des Moines - IA,0.08457846398408254,0.08442289905104944,0.08439698532927269,0.08486894644236825,0.08530938320294988,0.08541785790724794,0.08534288868245611,0.0853453762982796,0.08531912246838871,0.08531417049622068,0.08532258311902778,0.08533980743459062,0.08536478041371123,0.08539301962818192,0.0854220802592038,0.08545196542124173,0.08548056335971012,0.08550485876575341,0.0855261679899799,0.085540651317568,
Detroit - MI,0.05368091596103068,0.05376932280951225,0.053843828017465206,0.05395496158042533,0.054067646998446704,0.054094583535492444,0.05414289654769277,0.054170429691989,0.054216213386706374,0.05425440048885173,0.05429888063782092,0.054328170741559836,0.05436019631145636,0.054395017675426635,0.05443187031691245,0.05447079579196041,0.05451103615235192,0.054551945553689564,0.054593226735852596,0.054634094921864704,
Durham - NC,0.1030274259867327,0.10337502722747814,0.10442197397203902,0.1062679788855087,0.10705612953669624,0.10812409030963599,0.10830522391923679,0.10881676223153362,0.1091599945612964,0.1095387168734659,0.10994211939233121,0.11036082382879957,0.11078708124742398,0.11121532448114917,0.11164758100473225,0.11207415175691589,0.1124919076200212,0.11290005980769525,0.11329563176968176,0.11367929581130388,
East Bay - CA,0.06830351210989515,0.06843808628736782,0.06851349241062943,0.06850397122166953,0.0685110332813893,0.06854855655187052,0.06874941301831806,0.0688053463580336,0.06885519028413219,0.06890652217078169,0.06915449753280255,0.06920363902962498,0.06924849736087561,0.06928944823362075,0.0693256064676762,0.06935655110577907,0.06938378388999138,0.06940445872597614,0.06941886795623514,0.06942730593604113,
El Paso - TX,0.05373223625755497,0.05384708707872111,0.05381019300027146,0.053773136935542636,0.05374145083529544,0.053733373597320166,0.053734540334466244,0.053746437721056466,0.05376145848692357,0.05377854025963355,0.05379647493724396,0.05381333871410903,0.05383059264741726,0.05384691692683574,0.05386142715687166,0.05387484868422471,0.053887287609501976,0.05389766831169352,0.05390630206104622,0.05391146332747489,
Fayetteville - NC,0.06428841597310961,0.06458781595832881,0.06531800554977941,0.0652734802506339,0.06524026454672448,0.06524887872219282,0.06529370056722857,0.06536986907912612,0.0654559697865766,0.06554615977702978,0.0656370858015667,0.06573163281844135,0.0658228723577427,0.06591360189669752,0.06601092535595492,0.06610517093761822,0.06619671085870316,0.06628499630214264,0.06636749921869389,0.0664464592620181,
Flint - MI,0.05130564445279147,0.05139924246669513,0.0525478774751614,0.05264321190518404,0.05273717761495384,0.05283323468712402,0.05293935752498499,0.05305809245713512,0.05318023561493285,0.0533075247662867,0.05343488305424325,0.053564994113008545,0.053699034729337,0.05383152358534246,0.05396456000919513,0.054096097009798984,0.054228484995424216,0.05435945726148183,0.05448886209674218,0.05461895181775692,
Fort Lauderdale - FL,0.07307044026577675,0.07306446283912985,0.07369408022306548,0.07439529431170178,0.07511354653075454,0.07551937651733973,0.07554429931979474,0.07577365050554113,0.0758856515423051,0.07601761757189379,0.07616170758864267,0.07631448009498051,0.07646778541579102,0.07662096842943499,0.07677199593786971,0.07691993162191055,0.07706673417142992,0.07720442906588021,0.07733707117779492,0.07745926987145513,
Fort Myers - FL,0.04794586200809179,0.04853834279659574,0.048406246976022096,0.048567742484028155,0.04893528868086889,0.04894176947184615,0.0490257430016577,0.049719535692579524,0.05031819500440566,0.05051585019608928,0.05072842293457373,0.05095361035090858,0.05118365402246887,0.05141601723825344,0.0516477086948323,0.05187490937026285,0.05209672067735419,0.05231142593367263,0.052517138490370006,0.05271575436153529,
Fort Wayne - IN,0.056745041236248045,0.05670991614657038,0.0573255978854035,0.05729818418843219,0.0572914951938745,0.0573080431891375,0.0573650366621509,0.057449527176148756,0.05755378454729473,0.05767243191081485,0.05780013877498186,0.057934751546589,0.05807361932488196,0.05821693265476724,0.05836249867430268,0.05850624610930522,0.058648197853737864,0.058790439410357415,0.05892636062034413,0.05906033780103178,
Fresno - CA,0.05002798202407802,0.050013144723404686,0.04999115633080376,0.050038722494402076,0.05001383805355369,0.04998936736225691,0.049964520991396866,0.04993754660935551,0.04991180549445485,0.04988470439546183,0.04985595885589699,0.04982574847999573,0.04979399813718615,0.04976042848078182,0.04972405552317193,0.04968605784639502,0.04964520779738667,0.04960123169121634,0.04955489516153025,0.0495071642079192,
Grand Rapids - MI,0.046987806918915465,0.04722331891301609,0.04741778601204261,0.047504737733649265,0.04759117951912338,0.047632428689349256,0.04817311411426715,0.04819269065286109,0.04822895437666446,0.04827545440619151,0.048330834595175315,0.04839047222005378,0.0484558954645169,0.04852261263246128,0.048591277275573344,0.04866058264840635,0.048728949855748056,0.048797039169728905,0.04886390174427593,0.04893053989856735,
Greensboro - NC,0.0639060286533912,0.06452633661768632,0.06467259399471623,0.06467723308663006,0.06497134647961558,0.06527380272403523,0.06567186831102861,0.06580404194960156,0.06595549104797696,0.06611902552403275,0.0662905270588657,0.066463947888854,0.0666402129038026,0.06681671250267028,0.06699514863982643,0.06717142783317348,0.06734586718485913,0.06751561644572086,0.06768204489529851,0.06784426596114032,
Greenville - SC,0.055784240533762804,0.055649478176330716,0.05552109090519537,0.05544660679127641,0.055834224114338395,0.0560635970491277,0.05626996596726596,0.056305985688477264,0.0563619430476728,0.05643061527456214,0.05650815102626911,0.05659157024096524,0.05667749763501008,0.0567645062143915,0.0568509979661353,0.05693533426879444,0.057018793251445196,0.05710042544077047,0.05718007243874915,0.05725795488017643,
Gulfport-Biloxi-Pascagoula - MS,0.04562961763385166,0.045627709685803056,0.04563360575674055,0.045643529118764126,0.04582410662626666,0.04616841163656788,0.04620817722282587,0.04625526073379496,0.046309857834947496,0.046364149965345124,0.046423859276146784,0.04648283537948686,0.04654204471952915,0.04660344594456048,0.046663987513902,0.0467268403025719,0.046789583282466934,0.04684665761636298,0.04689524714762135,0.04694074918803229,
Harrisburg - PA,0.0547644950317204,0.05476237646271716,0.05482494578065455,0.05485134346535407,0.05511230079160707,0.0551082274277902,0.05512353721946883,0.05515479002190557,0.055196893399163165,0.055243882731123004,0.05529757234326201,0.05535272854187933,0.05540885837425328,0.05546724948000974,0.0555244025373323,0.055580546687163106,0.05563594007895427,0.05568711499142051,0.05573517020082517,0.05578072313425727,
Hartford - CT,0.06263335221733175,0.06314254559449231,0.06348040537475079,0.0636484525076385,0.06370647098980793,0.0642097166589692,0.06459554634370182,0.0647319258894156,0.06497167601041172,0.06513761309750561,0.06531412235010757,0.06549678417584846,0.0656828213627738,0.06587059375981003,0.06605787712340018,0.06624337414711494,0.06642837646386004,0.06660846330110184,0.06678555846327727,0.06695707634968913,
Honolulu - HI,0.03047697931771534,0.03051818671971231,0.030558704756311658,0.030597556941918184,0.030636082622020125,0.03067307536373902,0.030708572937782466,0.030743629912894626,0.03077602998077843,0.030805439441186005,0.030831158618430603,0.03085406437605888,0.03087299044910208,0.030888610326047013,0.030899758851054334,0.030907351458668447,0.0309107296159952,0.030909144518404208,0.03090667632500302,0.030898502829050774,
Houston - TX,0.09279830776173847,0.09287393724094743,0.09290233352371391,0.09282505839890529,0.09271737015233772,0.09275170831795733,0.09273527216428419,0.09269288949841019,0.09264579666448418,0.0926383574838952,0.09263123172876926,0.09268190657270789,0.09272994275730917,0.09276630649521593,0.09280526238411554,0.09284238279465747,0.0928750535280963,0.09290135912955765,0.09291552405880779,0.09291909205856219,
Huntsville - AL,0.09117169735408595,0.0909898398002497,0.09307276848797279,0.09389013197821926,0.09373449370865176,0.09377709064637338,0.09395621669449332,0.09422930729061958,0.09456773651790318,0.09494765694689387,0.09536087793794308,0.09579248653325209,0.0962395534552646,0.09669456946065388,0.09715520033942375,0.09761458255689467,0.09807293098881208,0.09852611675892446,0.09897344651376384,0.09941593140300733,
Indianapolis - IN,0.08104082535256699,0.08116288647516784,0.08159949478069176,0.08184099274049962,0.08189224909770322,0.082006097954906,0.08210195043881736,0.08214639201459052,0.08219585139891622,0.08225835887555047,0.08233368177439378,0.08241876316685168,0.08251059958276914,0.08260703333395429,0.08270434639751562,0.0828006302253533,0.08289396046372355,0.08298111548428082,0.08306394124401316,0.08314183460391918,
Inland Empire - CA,0.038453535145468225,0.03855982630092877,0.03870524203658749,0.03879709672311416,0.03879030196503668,0.038804292211661595,0.038748099578447215,0.03870155191334927,0.03866093036765762,0.038625431003802266,0.03859393429786334,0.038564762572814056,0.038537733501733284,0.038511794617988655,0.03848565857849244,0.0384595113365316,0.03843211812310564,0.03840399144481241,0.03837448428181659,0.03834410646926509,
Jackson - MS,0.04788662671507541,0.0483546184418713,0.04845105132952523,0.04854412194601655,0.0486300939760651,0.04873848943497588,0.04882176987387088,0.04890263274388373,0.048981173243881175,0.0490501510059977,0.049117633124251076,0.04917764420002558,0.049234855230728646,0.04928597602068402,0.049334630225880916,0.049377873988006034,0.04941926309994902,0.04945782920999194,0.049492770861473905,0.04952441979643785,
Jacksonville - FL,0.07210878404476757,0.07227982868727371,0.07259579289922663,0.07252459213619764,0.07261913164489285,0.0728114422100075,0.07283536998663749,0.07287980915480555,0.0729357626341859,0.07299978511371112,0.07306847115947655,0.07314405106355049,0.07322523867357617,0.07330978671992773,0.07339273753266308,0.07347256959106116,0.07354565567371636,0.07361131524302825,0.07366909997090341,0.0737207280700064,
Kansas City - MO,0.08127858244653688,0.08155987994321212,0.08190946330637716,0.08220142348038725,0.08267210850116255,0.08273627694393862,0.083102648976285,0.08347587229264997,0.08367143207603159,0.08389207238662753,0.08413281499214699,0.08438511939087301,0.08464594218625263,0.08491255100250648,0.08518153078217434,0.08545147681520009,0.08572091917199844,0.08598806188983582,0.08625227848933131,0.08651313985044115,
Killeen - TX,0.045910361272942374,0.04582640798728557,0.045743550651464446,0.04623695130916208,0.046170865949046194,0.046178418037745736,0.04620216068797622,0.046242427741742316,0.046294588442896176,0.04635195353035856,0.04641158688619249,0.04647662941838257,0.046539788876792255,0.04660463422865181,0.046668532843896625,0.04673209359929444,0.04679713936334168,0.0468601232049738,0.046924955315560256,0.04698573735308671,
Knoxville - TN,0.050471870247862156,0.05079850616440197,0.05096630290524744,0.051224800793084516,0.051530096893265785,0.05177595066394737,0.05185088676783179,0.05196254366644044,0.05209692930576421,0.052247015460841074,0.052405774622856144,0.05257206412521153,0.05274320400232999,0.052917713017355685,0.053093093383253784,0.05326681457642546,0.053439813878878716,0.053610203864874244,0.05377798654386464,0.053942126278277054,
Lafayette - LA,0.03937398437995989,0.04000939239880723,0.03997856576514759,0.03995059711968657,0.039931425244840134,0.03995640837447296,0.04001648459448613,0.040300436305680386,0.040406574655333545,0.04052336350341942,0.040651059980448025,0.04078392966237963,0.04092245458811108,0.041061531931325175,0.041202495653146924,0.0413460079370403,0.041489686807780514,0.04162851267031364,0.04176730857848172,0.04190113440411027,
Lakeland - FL,0.042264418249590804,0.042445505328247334,0.042623902001563095,0.04247441302555472,0.042336504850528006,0.042312123720496565,0.04273135692809933,0.04282335004570759,0.042950153433214476,0.043098458379295476,0.04326121125498144,0.04343495522000462,0.04361371614952148,0.04379701861096912,0.04397865810544718,0.044157084494063054,0.04433104951300913,0.04449961407973458,0.04466184582321965,0.044818061925908224,
Lancaster - PA,0.03683409322313142,0.03681944502053175,0.03680656803963009,0.03718258983812199,0.03725184139461051,0.03732970827771349,0.037345647628287064,0.03738627603435213,0.037446808135082985,0.037519502354066044,0.03760256741033676,0.037692387678024145,0.0377880498858974,0.03788920180851629,0.03799058612906918,0.03809387368649107,0.03819564023861077,0.03829584877097623,0.0383943782478915,0.03848933815895644,
Lansing - MI,0.06630039540089183,0.06630376438327046,0.06630790452164224,0.06659072153921959,0.06659645075273131,0.06661294023296738,0.06735939982722497,0.06740152661342855,0.06744963893099243,0.06749837405035328,0.06754760515715104,0.0675970591840132,0.06764533520441529,0.06769249298315179,0.06773844678470535,0.06778139814932142,0.06782156506484556,0.06785841830793153,0.06789197370263363,0.06792231888010673,
Las Vegas - NV,0.08123919773937066,0.08123757994412058,0.08130079292644239,0.08163194875262839,0.08165046593336313,0.08161875360733611,0.08146740993454236,0.08141369131822587,0.08128928774466011,0.08118369051462217,0.08109419530417343,0.08101600647012625,0.08094922873055549,0.080890269997683,0.08083844185876361,0.08079012940344743,0.08074306429317905,0.08069716512937007,0.08065243984674997,0.0806087027517602,
Lehigh Valley - PA,0.04422006500276128,0.04427872814189407,0.044708648293483075,0.045776751573455725,0.04591841097579945,0.045927829050372605,0.04608464817248229,0.04615921991676478,0.04625504759805565,0.04636514775275732,0.046486427284866905,0.04661655614234102,0.04675381901460363,0.04689304766112393,0.047024049841487316,0.04715517786787584,0.04728781573941054,0.0474163698423741,0.04754191166055018,0.04766508607352068,
Lexington - KY,0.07457191914146782,0.07446504112091054,0.07485770628174553,0.07481598858798356,0.07481790229781515,0.07528254854599013,0.07526491809863292,0.07527132126973002,0.0752893730177964,0.0753138791653812,0.0753442204360686,0.07537651701800208,0.07541149088370964,0.07544621330525295,0.07547910655670267,0.07551217672159748,0.07554443939049867,0.07557493103721967,0.07560174708781059,0.07562753982465356,
Little Rock - AR,0.07109571159595522,0.07113511300933816,0.07107304310410192,0.07101326242375672,0.07121506670336679,0.07134594839143349,0.07135142454391409,0.0713759544689125,0.07140741149488934,0.0714421237629226,0.07148001079111828,0.071517820258948,0.071554828327528,0.07159330839846718,0.07163311615722173,0.07167198416692293,0.07170715448160604,0.07174151852310955,0.07177232367389674,0.07180103407861416,
Long Island - NY,0.020892833966366275,0.020947600076278043,0.020998298475985958,0.02108561272655915,0.021132043785170748,0.021195719538900138,0.021283426733670556,0.021387904611930644,0.021435920847740722,0.021464373389792565,0.021495040110411454,0.02152947636572223,0.021565167921441617,0.021602264633265925,0.02163844655903435,0.021675489813244835,0.02171309535029602,0.021750161199239497,0.02178649838944453,0.021822872393274677,
Los Angeles - CA,0.11012382278875132,0.11049873595325202,0.11092822191453316,0.11130797941869935,0.11162593725611378,0.1119031779165317,0.11219170353369244,0.11243887095304493,0.11268525865653337,0.11292574682052137,0.113154545853472,0.11333387416742216,0.11349359468852065,0.1136552071419983,0.11381722473782623,0.11397830544542116,0.11413827534812702,0.11429483582163365,0.11444549375256476,0.11459158624401704,
Louisville - KY,0.07010652775156485,0.07010870836265604,0.07068661230251463,0.07073870848888546,0.07088584522629537,0.07087977392325587,0.07105476175702431,0.07127590477384704,0.07137940644899751,0.07149646978754041,0.07162307665833895,0.07175592978694444,0.07189073869267139,0.07202652978930743,0.0721612935707453,0.07229527420743814,0.07242822123722185,0.07255752381947711,0.07268512945266438,0.07281140130500381,
Madison - WI,0.11504909169384299,0.1150103146097447,0.11536148214165824,0.11644697849928143,0.11881349679939243,0.11935120179981412,0.11990705304107734,0.12051623296905296,0.12138567515608846,0.12187069673400991,0.12239623200141121,0.12295215239152649,0.12352781473860669,0.12411548482159432,0.12470982911485652,0.12530183366527023,0.12588828971123195,0.12646356270226167,0.12701858796304408,0.12755222986516618,
Manchester - NH,0.0604721443679553,0.060449132021373836,0.06042833288744153,0.06040469851146079,0.060658482745706684,0.06063222205552079,0.060637698130158214,0.06066565624377328,0.060709471194328304,0.0607659647127255,0.0608301006377384,0.060899784321877204,0.06097426349938796,0.061050873075396014,0.06112914645226237,0.06120461665351661,0.061282566749479725,0.06135817836621277,0.06143344417584347,0.06150438896876971,
McAllen - TX,0.023767398541406838,0.023730138853061165,0.023827277938589176,0.023790721957967755,0.02376038180302532,0.023755007823266155,0.023757592178945294,0.02376938129362556,0.02378576463494382,0.02380414815662805,0.023825034899953468,0.02384694433289358,0.023868957031301766,0.023892030390805882,0.023913703248704236,0.023935304994637432,0.02395684259132744,0.023977330694802283,0.023997925815283414,0.024017665102569044,
Melbourne - FL,0.05043828944274763,0.05083913244585794,0.05075874087757217,0.05067885541699106,0.051049376210288565,0.05133948402320687,0.05141236226244528,0.051709707542768935,0.05195624586160933,0.052118388479813677,0.05229317956671382,0.052477975211812994,0.05266682717156746,0.05285854235033026,0.05306479549833725,0.05326986317146251,0.05347021701045358,0.05366748289633394,0.05385934455451855,0.05404867774397379,
Memphis - TN,0.07608509578722941,0.07606864080360544,0.07605438648488441,0.0762701441114363,0.07641069982447522,0.07647618010312311,0.07653800299498144,0.07659754204350516,0.07666086183259846,0.07672642041433646,0.07679260927264199,0.07686015989473707,0.07692826216587592,0.07699616815106994,0.07706386967512073,0.07713004949007311,0.0771927098363931,0.077254749088499,0.07731240692624047,0.07736568211600418,
Miami - FL,0.07467985569846969,0.07490737101075524,0.07518386176999646,0.07589876114797274,0.07682664459051171,0.07778392787840614,0.07816351815210458,0.07835484892498704,0.07861305322103065,0.07901325277771971,0.079337309833491,0.07959187002016753,0.07996977120590334,0.08016515355116664,0.08035614550646088,0.0805427137103636,0.08072547024468353,0.08089647555089222,0.0810512025855279,0.08119372452151917,
Milwaukee - WI,0.07797106082906986,0.07821274989896311,0.07858776689923148,0.07897946879957492,0.07942323428629877,0.07986757959015717,0.08046189092362808,0.0809376350927514,0.08131737172885134,0.08170195315688696,0.0820881406008323,0.08246946654602477,0.08284556477057313,0.08321549755512263,0.08357693072451718,0.08393032379935952,0.08427620750601539,0.0846145138284694,0.08494533112323457,0.08526735209686077,
Minneapolis - MN,0.07587114055563063,0.07630339496250349,0.07646998318579798,0.07653525845188383,0.07675241268707295,0.07688904563095163,0.07700010141256199,0.07710154449066903,0.07729870739692436,0.07746715434039608,0.07762998923020573,0.07777518599103728,0.07793608763390837,0.07808483457227273,0.07823372867696789,0.07838079010188384,0.07852521813206736,0.07866559398804412,0.07880190424790791,0.07893260465525645,
Mobile - AL,0.05423888976608575,0.054224437087668845,0.054211460357658774,0.05419935781759469,0.054186766066880616,0.05419334329555156,0.054212124349586936,0.05423809603338785,0.054267235054198115,0.05429843430461073,0.05433234496089796,0.05436384905032565,0.054397195527705604,0.05443195225039707,0.05446320974903464,0.054495739444196514,0.05452725241435438,0.05455773191054009,0.054587791160698625,0.05461412552453669,
Modesto - CA,0.029808544818312434,0.029817188902392995,0.029822820323310097,0.02982320246506561,0.03039228668834867,0.030399027874015053,0.030406148750826242,0.030411883228618788,0.030420047937190105,0.030426487595236307,0.030433235276893067,0.030438197398517393,0.03044182488976874,0.030445716413006692,0.030447902747497316,0.030448630001314182,0.030447765009851323,0.030447281835987584,0.030443536585352204,0.03043652884385737,
Montgomery - AL,0.053006924822412635,0.05302200592460455,0.05366614913204384,0.05363817329856384,0.05409965811968533,0.054084991906491346,0.054081362558156106,0.054083194187691155,0.0540862175501766,0.054091928384680965,0.05409564518911194,0.054102220727210416,0.05410562076843936,0.05411069920059778,0.05411484580484034,0.05411803641998869,0.05412037544507824,0.05412420957293031,0.05412452798835928,0.054123812229693466,
Myrtle Beach - SC,0.04961855835259113,0.04940726673979695,0.049204345896460173,0.04900532764843594,0.04882130579216855,0.04870751342128666,0.04864487873961454,0.0486195418622788,0.04861545442845067,0.0486230692256674,0.04864217091074751,0.048666094954644905,0.04869556935733051,0.048726838493159196,0.048758805454599735,0.0487885581522862,0.04881614108635174,0.04884420911495359,0.04886617600539351,0.048886597992674904,
Naples - FL,0.03888884446816096,0.03882003458849088,0.04030707213931367,0.04121671995201494,0.04115408138423262,0.041154303516990044,0.04119455631102748,0.04126105213348769,0.04137548167020499,0.041473109342065835,0.04157839146537667,0.041687401996225386,0.04179878448556032,0.04190811513070384,0.04201247256215684,0.04211713260068623,0.04221568166772382,0.04230940781889905,0.042398246137749375,0.04248034362695068,
Nashville - TN,0.0864911829707298,0.08707118031715559,0.08763899924612878,0.08818760331734711,0.08866674263035842,0.08872302792891802,0.08897166426355886,0.0892479334143206,0.08933019004949555,0.08942960698448438,0.08951090164350366,0.0896297424903952,0.08978488737272167,0.08996660089462363,0.09016683209676359,0.09037829620946371,0.09059538099497888,0.09081161455826435,0.09102411256202642,0.09123231692126053,
New Haven - CT,0.07204372455781083,0.07279897815042105,0.0728672390585761,0.07304068289928105,0.07354876372394428,0.07374320545722354,0.07401406641105436,0.0741728740549344,0.07435970511883343,0.07456816313009375,0.07479350976799275,0.07503124039472797,0.07527597011328031,0.07552595716864059,0.07578149114106864,0.07603513631804784,0.07629059065940857,0.07654390562974102,0.07679329220307929,0.07703783790446515,
New Orleans - LA,0.06585276348395261,0.06610896413412803,0.0661111381585438,0.0662491780435065,0.06628464221630284,0.0663382292144843,0.06640656029265062,0.06648714298706333,0.06657399345308587,0.06666165432458099,0.06675497235928539,0.06685060957343289,0.06695075944074683,0.06704913087987713,0.06713767412262034,0.06722562787272077,0.0673144361937722,0.06739891118244637,0.0674827149073306,0.06756327383691062,
New York - NY,0.12207526953183888,0.12257564826898604,0.12296411287380735,0.12341762660810963,0.12388456656123394,0.12412859200701683,0.1243404609943164,0.12470423231737719,0.12491832012673149,0.1252266807613393,0.12547878962760267,0.12574773527748018,0.12603029635199253,0.12628633543743464,0.12654404007050882,0.12680694393522576,0.12702974469988748,0.12724162911146578,0.12741183894866892,0.12756957879675596,
Norfolk - VA,0.07052737489348453,0.07059289566775903,0.0711478699574551,0.07125645152800442,0.07126146214527472,0.07140125694144249,0.07150146423069824,0.0715974838582688,0.0717122768800418,0.07183731289390938,0.07197036093625538,0.07210969335961986,0.07225331400705709,0.07239921657419277,0.07254843236108106,0.07269727721399656,0.0728452147300489,0.0729919926922092,0.07313711886797471,0.07327906157422076,
Northern New Jersey - NJ,0.07048699813981482,0.07146975197074965,0.07203843332754535,0.07233351892510846,0.0726912957065498,0.07288470871872683,0.07334895294966683,0.07352469971065796,0.07373390497721288,0.07385706021691087,0.07400184063666025,0.07416308771855933,0.07433570541961532,0.07451663303598811,0.07470290859363792,0.07489201472644096,0.07508206426997335,0.07526980246636457,0.07544874544966132,0.07563282877572797,
Northwest Arkansas - AR,0.0773984901163409,0.07838327882099219,0.07854570293404943,0.07838055092090888,0.07855197106520266,0.08027955751090401,0.08037337049330456,0.08108066656765234,0.08199426062303357,0.08223903342311792,0.08250503222335964,0.08278374433224826,0.08307118848785017,0.08336000156679951,0.08365589459651315,0.08395006171105449,0.08424299746835838,0.0845303057980329,0.0848175943332283,0.08509931885871376,
Ocala - FL,0.026773822019832028,0.026717522226959084,0.027174413070615536,0.027117400977014837,0.02706665762597012,0.02707699498303948,0.02713380204035849,0.027221678066301824,0.02733286361168081,0.027457824674663584,0.02759341380667659,0.027731594675359957,0.027876908493102703,0.028022193111016724,0.028164873795842708,0.028309721199917533,0.028449847522262577,0.02859007504002288,0.02872620120377649,0.028860235005668262,
Ogden - UT,0.04139465254396782,0.041944503956496425,0.04188088357848311,0.04185848118591445,0.04264054437307731,0.0431030351842307,0.043098569883121184,0.04312646151184599,0.04317975339043353,0.04324899931279603,0.04333063107726443,0.043422157280991316,0.043521572133802436,0.04362410512821633,0.04372843492956625,0.043833065037597284,0.043936147272349325,0.04403789362801774,0.04413671714831471,0.04423215305265054,
Oklahoma City - OK,0.06727619799894681,0.06738896759836036,0.06745781342235431,0.0673597047188323,0.06726311114488255,0.0673204632800447,0.06726519526570762,0.06722468018553743,0.06719936576817158,0.06718541429269087,0.06718096050649901,0.06718371423543262,0.0671939552675794,0.06720901636955927,0.0672287922790267,0.06725088820953483,0.06727422359908203,0.06729616075518702,0.06731572091780502,0.06733389327366336,
Omaha - NE,0.08575066838417574,0.08675511955855303,0.08700608795806596,0.08755462507810567,0.08770854161459635,0.08801814122174215,0.08843976373239745,0.08878351275086564,0.08895156705107979,0.08915232926128741,0.08937661445781749,0.0896192579019167,0.08987668676759558,0.0901407258246849,0.09040743849432337,0.09067632674267682,0.09094536875511715,0.09120783410402306,0.09146652991661551,0.09171893446935139,
Orange County - CA,0.08364392404504277,0.08387992412526135,0.08392954309613106,0.08403901872934638,0.08424544559017057,0.08435847730958096,0.0844801477459922,0.08447310180347918,0.08460552794671447,0.08461498094106759,0.08463087167231892,0.08465149010385163,0.08468058633942006,0.08471798832529497,0.0847607454654239,0.08480704029478792,0.08485605294717931,0.08490590544545862,0.08495883099657163,0.08501080356304071,
Orlando - FL,0.08163024609226709,0.08186241336974635,0.08217888720231634,0.08248034974018702,0.08273744654280542,0.08302839927504743,0.08316394383016554,0.08317228330360397,0.08311231468415291,0.08310485899846236,0.08313342354568486,0.08318921942266151,0.08332633325538652,0.08345558309093506,0.08354988926812577,0.08363982981739916,0.08372731934572357,0.08381250844665665,0.08388652124638515,0.08394929892529715,
Palm Beach - FL,0.053102786312188933,0.053305774531741075,0.05369758421418611,0.054499265174245325,0.05515868149980424,0.05578598710909525,0.055994277503809406,0.056047891263157505,0.056333374659062734,0.056422595049204494,0.056521031664275405,0.05662532284091352,0.056728027796141056,0.056828317384001355,0.05692628116752669,0.05701868117147819,0.057107681813469625,0.05718638106947104,0.057254867934719844,0.05731392059311287,
Pensacola - FL,0.041967396215005934,0.04247851217117233,0.042442164416541965,0.04292172042871919,0.043280218962599724,0.04350491662631615,0.04377928312619433,0.04403096886460895,0.04412490384047242,0.04422957835860796,0.044341986679269335,0.04445799945635101,0.044577734160119446,0.04469863660533678,0.04481820802366241,0.04493706469238271,0.045051094950227674,0.04516283637934822,0.045272402125667445,0.04537825031956076,
Philadelphia - PA,0.06102006346735928,0.06115324267369385,0.061387807307930864,0.061596864082646835,0.061804721578837395,0.06194063345457569,0.062052304058234885,0.06222670921116689,0.06235961090736341,0.06248072712969865,0.06260405633385623,0.06273121995525133,0.0628619340979698,0.06299447811021629,0.06312740842411742,0.06325989458555978,0.06339066673224296,0.06351903102972065,0.06364387110234099,0.06376528533011194,
Phoenix - AZ,0.08284667629487813,0.08323764917743152,0.08355039455956888,0.08400264121721866,0.08432552945081917,0.0844724954758784,0.0847797530448098,0.08495622125569761,0.08506985334097966,0.08514550425188909,0.08523968842972776,0.08534496081000885,0.08545666202614752,0.08556965256606995,0.08568023243375394,0.0857850577585781,0.085881833269408,0.08596979112581474,0.08604786748447016,0.0861168884217412,
Pittsburgh - PA,0.04536178998415518,0.04558216507515055,0.045780486934852205,0.045939528165063755,0.046034669290117874,0.04622411976841135,0.0465354826860551,0.04671937193902819,0.04681693810639959,0.04692137474532394,0.04703112987999443,0.04714616113236471,0.04726589699689779,0.0473886444584119,0.04751361755123092,0.04763902899161286,0.0477653852952649,0.0478918945262445,0.04801752114475963,0.0481417068159498,
Port St. Lucie - FL,0.028316952818311897,0.02869031023194854,0.028995355410502563,0.029056839009384612,0.029122316436632666,0.029628195176262667,0.029603312459651955,0.029594272389137512,0.02959495263328441,0.029599473970593235,0.029608775079280975,0.02962018030351351,0.029633657954209774,0.029647024195415296,0.02965820486971409,0.02966926116786193,0.029678295968050092,0.02968386698642051,0.02968957636549228,0.029692334824363106,
Portland - ME,0.03365068543709739,0.03362732109672002,0.03375988671294857,0.033737626701893085,0.03385957211586969,0.03383905763602329,0.033833733213950556,0.03384110049433747,0.03385864990225264,0.03388045830629095,0.03390884377039082,0.033940220043269145,0.033974350995904276,0.034009612437879554,0.03404669740219687,0.034084942265223454,0.03412305434899522,0.03416057691536382,0.034198499390778306,0.03423384877565138,
Portland - OR,0.09453397685200994,0.09465538021188968,0.09470554948577556,0.09477943188798912,0.09480233086629905,0.09494691938646774,0.0950294194894898,0.09512912767540561,0.09524589902299023,0.09537385749783084,0.09550962638836914,0.09565169190885524,0.09579946030217505,0.0959517458805998,0.09610565996967253,0.09626079010869465,0.0964157948700593,0.09657027236637002,0.09672439155828078,0.0968770302440846,
Poughkeepsie - NY,0.03373685038136702,0.03419114669740901,0.03417962731745624,0.03421857818584701,0.03420462638876187,0.034191881765483996,0.03419694867662416,0.034218363197402894,0.03491733028344644,0.03495553094850941,0.0350892687929491,0.035140687925891353,0.03519498450056002,0.03524949374166126,0.03530661440862603,0.03536244070233066,0.035418463587296584,0.03547109051693995,0.035523134248395656,0.03557176519518262,
Providence - RI,0.038097575496740456,0.03809141940657578,0.0384273575314451,0.03843686483180644,0.038804228792362165,0.03887340308790132,0.03904700039960638,0.03906558968045993,0.03909070373945007,0.03911995931017369,0.03915154543876196,0.039184031066212155,0.03921733007924369,0.03924922876405337,0.03928084795784111,0.03931040216781603,0.039338726902988896,0.03936491189696545,0.03938884060774627,0.03941048953009223,
Provo - UT,0.03030563415658861,0.030420438876868766,0.03032185362878598,0.030220004356016548,0.03050415081286752,0.030422597326395337,0.030385806739412064,0.030378268773378153,0.030389573267205088,0.030415311080088603,0.030452418329690267,0.03049594812006842,0.030547367987182703,0.03060160918331225,0.030657749585898588,0.030714218477077004,0.030768520099948155,0.03082040082441576,0.030868048572083733,0.03091394056987935,
Raleigh - NC,0.08689091219822707,0.08692081785762762,0.08731550399702913,0.08770513954176694,0.0880022186100579,0.08805873708686023,0.08834954580978481,0.08863859465960476,0.08867543045973679,0.08875287469491651,0.08885775925477818,0.08898311933921346,0.08911994967355254,0.08926431509938487,0.08941222667223446,0.08955816929157137,0.08969917367062347,0.08983234460239857,0.08995529989589103,0.09006932854024907,
Reading - PA,0.02624612195629742,0.026244145182410916,0.026647266943607147,0.02664774064985724,0.026830228435809744,0.026830753109527074,0.026838295373429116,0.026852710818847672,0.0268708128581607,0.02689204703633608,0.02691414950290719,0.02693702076601513,0.026958786524814426,0.026981611301988943,0.027005401080216044,0.027025664354167322,0.02704712739622632,0.02706729487267362,0.02708589089758892,0.0271053672242098,
Reno - NV,0.08294751652667214,0.08282974738713547,0.08288680252922458,0.08274635732918337,0.08264450035636695,0.08256963293529208,0.082509963136635,0.08245725557305145,0.08241417345647718,0.08237751418914069,0.08234446855380864,0.0823147198935485,0.08228674019130693,0.08225949755627203,0.08223308814168112,0.0822041704137903,0.08217560979787723,0.08214293640284363,0.08210943386068348,0.08207350980970902,
Richmond - VA,0.07843288404693481,0.07920812030767814,0.0797510681909522,0.0800145951218391,0.07997126737842815,0.08056542777395795,0.08069069712297884,0.08129658209472325,0.08152282753609091,0.0819195332726866,0.08227057799659167,0.08270611805032034,0.08310635535951814,0.08335990207520852,0.08361020243076141,0.08385604474480679,0.08409545027178113,0.08432752115835628,0.08455077473114934,0.08476632366222264,
Rochester - NY,0.056466639343640185,0.056515125330679664,0.05690519949747884,0.05698948759764743,0.057029491943118946,0.057081542612646405,0.05712619894138763,0.057178590868317274,0.05723570783935787,0.05729334010966225,0.057350828741314835,0.05741240955807682,0.05747392583232396,0.057535205953551195,0.05759547154051092,0.057653402357100425,0.057709735468143224,0.05776466940487902,0.05781730508781182,0.05786870307487613,
Sacramento - CA,0.05962265993019453,0.059626824320860784,0.05979830606383585,0.05978764874512318,0.059804081035141794,0.059780496727775294,0.05986231375302286,0.059847277408142094,0.059836801712904286,0.05983098015772914,0.059824064985560296,0.05981759309053447,0.0598105687106186,0.059802994576226516,0.059793113307901255,0.05978167464535645,0.05976814439753491,0.059751978388378806,0.059732432731256724,0.059710116761203705,
Saint Louis - MO,0.054997058087842374,0.055236287893358396,0.055408098976982186,0.05553445203735975,0.05570758718383468,0.05594332289831923,0.05620340231355038,0.05634619663172736,0.05650023427841711,0.056661643636197155,0.056975589151768216,0.05714464820794982,0.05731486559631219,0.057485055284507355,0.05765505736577894,0.05782338331683815,0.05798958885760564,0.05815305717850727,0.05831271086259051,0.058469075180487426,
Salem - OR,0.0710421820693672,0.07141502077448869,0.07154249304347252,0.07157733569785613,0.07155767033902956,0.07156263216762192,0.07157862915073854,0.0716013439244494,0.07163493575552664,0.07166900822091431,0.07170846979486474,0.07174829956975523,0.07178827109181564,0.07182791178561695,0.07186909842267847,0.07190757888217382,0.07194785372958432,0.07198579727440658,0.07202452961411276,0.07206486321981866,
Salinas - CA,0.04639767295728658,0.04643660725571988,0.04646834760904301,0.04649730989604128,0.04652115009238043,0.046541191937531944,0.0465589774033875,0.04657206354117687,0.046583379404425376,0.046592129710560336,0.046598504761784704,0.04660431854398307,0.04660764021294031,0.0466060541311831,0.04660396773021097,0.04659939555621455,0.04658998702351553,0.04658039536699404,0.04656818341747593,0.046550898563732214,
Salisbury - MD,0.04395344670501634,0.04548018292682927,0.0454673984699186,0.04545423166127761,0.045440245211311514,0.04542627276960876,0.04542033538452135,0.04542217731149879,0.0454303447016946,0.04544410730486986,0.04545651566468742,0.04546704677738181,0.045483710529213225,0.045498669832726456,0.045511197413826206,0.04552966326546083,0.04553881134166218,0.04554632606605178,0.045552796850513215,0.045557466593585214,
Salt Lake City - UT,0.07754741161678287,0.07780916436180627,0.07816129438932384,0.07866120583142423,0.07869482777179358,0.07877792961204091,0.07879050791282459,0.07911244195361085,0.07922585394647952,0.0793699992307227,0.07953710096131623,0.07972134552514878,0.07991826414556172,0.08012104148458181,0.08032737282787773,0.0805383545503672,0.08074950533414071,0.08095809650790757,0.08116267660838569,0.08136600068768243,
San Antonio - TX,0.0832956718849614,0.08329335305144349,0.08350345404062669,0.08348735759054271,0.08352948725545921,0.08351562177555821,0.08357373237480757,0.08381310852206734,0.08389097811583479,0.08408534879017175,0.08418114518939963,0.08428317747413698,0.08438989943765496,0.0844991987673766,0.08460694585893659,0.08471363497874423,0.0848178709316318,0.08491921145308917,0.08501688336523952,0.08510881985167298,
San Diego - CA,0.08860552558443681,0.08868429225847978,0.08902350824733496,0.08959565057681083,0.09000546143009279,0.09018601465187229,0.09018919251921453,0.09027879506956456,0.09056099832721028,0.09061419176391018,0.09085973031451201,0.09092283685541135,0.09099058867038834,0.09105972409675178,0.09112869152821661,0.09119619349569542,0.09126145808882388,0.09132292442570353,0.09137958366058754,0.09143207379191703,
San Francisco - CA,0.12084371213619939,0.12128332191419004,0.12175643393296398,0.12191667665147074,0.12253279193563636,0.12297357638242694,0.12358411282089099,0.12401723832996363,0.1243350991868076,0.1246588520099382,0.12498549822982788,0.12530947579487925,0.12562670753478236,0.12593591096184617,0.12623524236893297,0.126525264315296,0.12680697367152272,0.12707618759942296,0.12732643414085004,0.1275631469913208,
San Jose - CA,0.08141083928231332,0.08154355115788842,0.08178201471250562,0.08213426825109993,0.08243264501274006,0.08334402765551717,0.08371744959508545,0.08434920491552385,0.08468835776660917,0.08502886066287883,0.08536615991658413,0.08569535485705301,0.08640047180047743,0.086704935193315,0.08699429599936521,0.08726975877386757,0.0875336503813208,0.08778311957237106,0.08801611066910713,0.08823426272147612,
Santa Barbara - CA,0.049450666051930665,0.0494882045502605,0.04951810134552919,0.049544886292156184,0.04981901561226909,0.04986144143326023,0.04990809868381199,0.04995442353676202,0.05000340316126627,0.05016356042124017,0.050211852611467704,0.05026165248935945,0.050308814249229124,0.05035322776754386,0.050396934624721106,0.050440304336217864,0.050478758910277734,0.05051679929036791,0.050554448716477074,0.050586892407294685,
Santa Rosa - CA,0.05260673488020858,0.05266406947352615,0.05271299381247025,0.053654063311350725,0.05377163481186991,0.053862932153301304,0.0539652899572804,0.054072490841433916,0.054188130337501646,0.05430715619415468,0.05442794086370175,0.054549950854956106,0.054672044564088154,0.05479582706121716,0.054916858869602396,0.05503758896119656,0.05515559475760891,0.05527346919848833,0.0553892404771093,0.055502696592783715,
Sarasota - FL,0.05448328969496205,0.05556858736050865,0.05553960562248359,0.05726423769899607,0.05782347353222511,0.05842078841270896,0.059131078584346276,0.05954464473062744,0.059798346477985556,0.06008319213225619,0.06038681609376722,0.06070360416929925,0.061029036468015566,0.06135813108891367,0.06168701671486019,0.062011251277215254,0.0623293978360246,0.06264088291023502,0.06294423277289195,0.06324073178641208,
Savannah - GA,0.09334203506401934,0.0950850683167527,0.09553605294330385,0.09649119566153394,0.09705766077123014,0.09746505132156867,0.09776867582877512,0.0981796382017314,0.09866529876369624,0.09920069409787556,0.09977393400620078,0.10036913494883694,0.10098333040706839,0.10160537662533017,0.10223316272427468,0.10285790718622442,0.1034748581654906,0.10408654982865709,0.10468847490863713,0.1052785633213807,
Scranton - PA,0.017548548091591013,0.01755970439790539,0.017572674517450156,0.01758566381138923,0.017598544732344113,0.017611411624864005,0.017626072999734878,0.017642492054845676,0.017658314565608745,0.017676730095958038,0.017692434454714537,0.017710684361017644,0.01772650192862274,0.017743324491717557,0.01775762665244182,0.01777291553951646,0.017787544737585943,0.017801389859707643,0.017814391232834032,0.017826495110849553,
Seattle - WA,0.09698995382246574,0.09745708141759038,0.09779962761213101,0.09807584129221271,0.09818715747427803,0.09861671829317746,0.09878274093203233,0.09898937005072003,0.09912647179465697,0.09927754442649435,0.09954358018573992,0.09977071069845751,0.10007379669991259,0.10024314510303148,0.10041393372633778,0.10058274361768893,0.10074842135309939,0.10090744093227207,0.1010583719956406,0.10120160607676804,
Shreveport - LA,0.06279314960127093,0.06285536954029183,0.06291917144822866,0.06298295393727622,0.06304289752339186,0.06310791618078679,0.063176717175211,0.06324608814490307,0.06331627880846333,0.0633837735454731,0.06344946384936415,0.06351472922899565,0.06357570294998721,0.0636372239937642,0.0636952931328636,0.06374858617488732,0.06380251652434071,0.06385450082141865,0.06390487406000141,0.06394989645727438,
Spokane - WA,0.07290922072499612,0.07284836823799304,0.07331396790141663,0.07345858114995119,0.0736525027895336,0.07366852767403573,0.07370616588532121,0.07376213114948454,0.0738260713935306,0.07389526581683113,0.07396705259589559,0.07403812043524763,0.07411280422691224,0.074185323075771,0.0742578982920043,0.07432827003800987,0.07439439968620394,0.07445887079012567,0.07451866195129367,0.07457726878233514,
Springfield - MA,0.04108665186705133,0.04109949800593425,0.041114634605033624,0.04139539994347948,0.041409287765469045,0.041420645704524375,0.04143616922691257,0.04145157655013576,0.04146975374152607,0.04148791395877611,0.04150605711958017,0.04152844123427061,0.04155233422388368,0.041577661054756035,0.041604396631289835,0.04163470996312522,0.04166867761393644,0.04170414733253036,0.04174309738994027,0.04178557212319003,
Springfield - MO,0.055046610132321525,0.054997428739918454,0.05553079114918391,0.05582402889408362,0.055782282295970896,0.05577137672323205,0.05577311734108962,0.055797011332467984,0.05583614057547675,0.0558854859939449,0.055943713755554306,0.0560033768572298,0.05606800925945347,0.05613522931176575,0.056201200079497,0.05626993253926328,0.05633730428915485,0.056405418614311455,0.05647391254029884,0.056538568560352415,
Stamford - CT,0.04529481702894242,0.04572705646442937,0.046403396547861527,0.04687947268045025,0.04704791994920578,0.047360730511343783,0.04753618118790095,0.04782190509159611,0.04807557401795442,0.048353035415200134,0.04864834971156972,0.04895945955294236,0.0492781654184815,0.0496018992175333,0.04993188916077966,0.05026468342773704,0.05059680823963392,0.05092805569468524,0.05125700653776044,0.0515814673741228,
Stockton - CA,0.036592067168212596,0.03657328244338962,0.03654914020325252,0.03652232800848298,0.03649901183322565,0.03647834292594274,0.03645779325880479,0.036437257731302276,0.03641649176593436,0.03639612118547548,0.036375112977650656,0.03635304419625824,0.036328929485873386,0.0363039687000234,0.036276799203174837,0.03624767602159243,0.03621788978488876,0.03618490573102919,0.03615120036506456,0.03611430355575359,
Syracuse - NY,0.05391348350803678,0.054171043844078066,0.05467757378855877,0.05473620988715871,0.05479534524370939,0.0550878204561709,0.05600470289754181,0.05609236291537342,0.05618744315216021,0.05628651574615084,0.0563889981883314,0.05649511196046229,0.056604080055797965,0.05671252399624627,0.05682122097229176,0.05692928040488591,0.05703500898393119,0.05714012844654329,0.05724123758848304,0.057337684006621634,
Tallahassee - FL,0.063720173855087,0.06422645952395,0.06478652400415874,0.06524723171334529,0.06518831445874286,0.065171286888211,0.06517494342951806,0.06519862103605796,0.0652308091318644,0.06526803260817363,0.06530871673008014,0.06534765628881756,0.06538718984026412,0.06542411080433108,0.06545763311056618,0.06548622949764688,0.06550977652716809,0.06552642868276085,0.06554098560465381,0.06554905515372368,
Tampa - FL,0.07215868803967201,0.07276606441695227,0.07329239071806715,0.07379089369430152,0.07406760047948184,0.07420895209411808,0.07468185007192729,0.0749936155660113,0.07510013063885672,0.0751983490984236,0.07531536210975343,0.07544998896249447,0.07559561263930749,0.07574765714077535,0.07590106842329859,0.07605384253494471,0.07620396456245637,0.07634953081964556,0.07648884353894896,0.07662145343318215,
Toledo - OH,0.06878114449944708,0.06881346067852073,0.06884842090591377,0.06888623462533937,0.06927348966706116,0.06933051226376222,0.06940610234170602,0.06949537436518709,0.06959054839545513,0.06968902555702525,0.0697880014111452,0.06988840866507434,0.06999018534173079,0.07008944483388854,0.07018948696643969,0.0702870513903067,0.07038217574383221,0.07047502446932673,0.07056591207587455,0.0706537733291009,
Trenton - NJ,0.05846924171396527,0.05848643859952969,0.058988603898366285,0.059007661360559856,0.05933579894891586,0.05936048081507453,0.05942880419549693,0.0595378951377428,0.05966992248364749,0.05982374608256255,0.05998886835945541,0.060164595376319456,0.06034168284073909,0.06052329524227295,0.06070177049478253,0.06087966374766844,0.06105534053220502,0.06122472625415823,0.061387455485528195,0.0615411641357197,
Tucson - AZ,0.07935050713977591,0.07947895156640576,0.07970357581006322,0.08042009812712382,0.08036853959843299,0.08041909239499734,0.08043921479390817,0.08047474534469005,0.08051972798837638,0.08056936674379778,0.08062082424184784,0.08067203859014417,0.08072388559621356,0.08077416437454472,0.08082225587628096,0.08086808691784392,0.08091202619390686,0.08095257970677851,0.08099073350816369,0.08102558626518715,
Tulsa - OK,0.06364771353070274,0.06360891289467648,0.06383274183206335,0.06379296533711873,0.06375471864977961,0.06374792980889112,0.06377149871437804,0.06381584572888048,0.06387350515636292,0.0639396066111897,0.06400993745489089,0.06408226528012874,0.06415635756019666,0.06423076246787536,0.06430361863304304,0.06437584289382771,0.06444629413968563,0.06451476116466907,0.06458111958041056,0.0646461060490817,
Vallejo-Fairfield - CA,0.0429389583383466,0.04295051972115269,0.042957251354003294,0.04295698782307699,0.04297348813030671,0.042997499279301396,0.04302369056631924,0.043054417385732326,0.043085500821623206,0.043118670599456184,0.04315182616179925,0.043184718982439155,0.04321751923698603,0.043248033335926916,0.043278207865200535,0.043304107576820114,0.04332981495060563,0.04335325193876175,0.043372256978379924,0.04338902586161675,
Ventura - CA,0.04614376851133044,0.04618172195411566,0.04653811584679642,0.04682870324188018,0.04687810795291958,0.046943664698480304,0.04701846562987102,0.04709894451239934,0.04718587394757453,0.047274825689433364,0.047366209695934636,0.04745849649837833,0.04755123319569551,0.04764403009946244,0.047735455641134295,0.04782580358223776,0.04791365926712381,0.04800062901372595,0.04808552533433411,0.0481693108037068,
Visalia - CA,0.017417247159290952,0.017419283870275665,0.017472474432886635,0.017471660434755176,0.017478809567922807,0.01749173515773565,0.01750681588035209,0.017523991425887384,0.0175423490564374,0.017561635808320552,0.01757990286637493,0.01759917179759115,0.017619789891038573,0.017639516029341842,0.017658297261984427,0.017676238136976278,0.01769319850065804,0.017709422430927265,0.0177228119516401,0.017737426752210485,
Washington - DC,0.0913707720192928,0.09142363013330755,0.09150463390296004,0.09170494076796197,0.09189357023043207,0.09223980908989643,0.09241351888667992,0.09272582203255114,0.09301989853969014,0.09325003797602663,0.09353206689278734,0.0938548507937621,0.0941664726183186,0.09441806409170554,0.09463787213949712,0.09485036560834642,0.0950383128286729,0.09521527768315521,0.09538043038702239,0.09553380906732259,
Wichita - KS,0.05550253299184356,0.055504051389238626,0.05550643182133867,0.05576372020901231,0.055956729837537356,0.055970537344078274,0.05600396252320555,0.0560497523827885,0.05610608250507957,0.056169080364234444,0.05623407645185811,0.05630276913878582,0.05637504910530002,0.05644741160988801,0.05652133004648012,0.05659531419065303,0.05666789624930895,0.05674061365250493,0.056812037154720336,0.05688218436580125,
Winston-Salem - NC,0.0489573231059043,0.04889435328481914,0.049280835022827214,0.04922992564766364,0.04961831198669476,0.04960094339049194,0.049603661020938106,0.04962395280672993,0.049647701739299284,0.04967554503080811,0.049703017853905525,0.049730434179274634,0.04975881755898421,0.04978504605329248,0.049813606356233844,0.04984005435064757,0.04986452946769494,0.049887055453017824,0.04990772513252955,0.04992607388761994,
Worcester - MA,0.034656573802655466,0.035109774521016,0.03509265850751631,0.035075061554219446,0.03505812861222014,0.03504288898077472,0.03554329920230712,0.035568352682510435,0.0356058661117642,0.035652944560771366,0.03570621313221638,0.035765350665319925,0.03582621454720925,0.03588780094316904,0.035948980850992227,0.03600970938464803,0.03606796729051923,0.03612454286569853,0.036177031956680865,0.036226617263436345,
York - PA,0.029785554511413098,0.029772364449625967,0.029761395661611918,0.031829079912908224,0.03181738923674408,0.03180570504534476,0.03183837720372192,0.03191105440145991,0.03201218526981,0.032138957325664755,0.032280814199257234,0.032439865185967864,0.032608475328968586,0.03278407761304681,0.03296877943347596,0.03315403316992815,0.03334405132665195,0.033532496804779925,0.03372145500969621,0.033908761122989385,
Youngstown - OH,0.037272291555648214,0.03731808025198955,0.037364844407539205,0.03741251880436915,0.03746056086794112,0.037509822837157335,0.03756057757418633,0.0376152961775551,0.0376660480955567,0.037714634079983655,0.03776143312851907,0.03780615837866091,0.03785225810819961,0.03789451864778127,0.03793524844483971,0.0379746204764915,0.03801486875295527,0.03805146897515634,0.0380894110092549,0.03812586246075107,
