Market,2025 Q2 EST,2025 Q3,2025 Q4,2026 Q1,2026 Q2,2026 Q3,2026 Q4,2027 Q1,2027 Q2,2027 Q3,2027 Q4,2028 Q1,2028 Q2,2028 Q3,2028 Q4,2029 Q1,2029 Q2,2029 Q3,2029 Q4,2030 Q1,2030 Q2,2030 Q3,2030 Q4,2031 Q1,2031 Q2,2031 Q3,2031 Q4,2032 Q1,2032 Q2,2032 Q3,2032 Q4,2033 Q1,2033 Q2,2033 Q3,2033 Q4,2034 Q1,2034 Q2,2034 Q3,2034 Q4,2035 Q1,2035 Q2,2024 Q3 QTD,2024 Q3 EST,2024 Q4,2025 Q1,2025 Q2
Akron - OH,339633.40625,344115.0,344259.625,344354.875,344478.0,344545.0,344594.59375,344614.8125,344656.3125,344703.71875,344751.1875,344776.21875,344809.90625,344842.90625,344870.90625,344900.0,344948.5,344973.78125,344996.5,345013.78125,345055.59375,345095.09375,345126.5,345150.0,345191.0,345241.3125,345297.40625,345352.28125,345407.71875,345463.71875,345514.09375,345566.40625,345618.59375,345672.09375,345722.40625,345773.59375,345823.59375,345871.09375,340184.0,340191.71875,340197.125,,342944.6875,343372.1875,343696.90625,343964.28125
Albany - NY,480289.875,477040.09375,477475.3125,477807.71875,478180.21875,478443.59375,478655.90625,478812.28125,478997.3125,479183.5,479366.78125,479512.21875,479670.59375,479842.28125,480008.5,480190.0,480446.1875,480643.59375,480844.6875,481044.90625,481255.625,481473.59375,481676.0,481875.21875,482098.375,482343.6875,482597.28125,482844.78125,483093.1875,483351.90625,483602.59375,483851.09375,484100.71875,484353.59375,484601.0,484850.1875,485101.1875,485346.8125,490746.625,491003.375,491258.0,,474671.375,475443.3125,476065.3125,476632.90625
Albuquerque - NM,429506.40625,429881.1875,430471.71875,430982.90625,431522.3125,431970.3125,432387.21875,432752.6875,433167.125,433578.0,433988.59375,434355.28125,434720.3125,435101.71875,435474.21875,435841.5,436231.8125,436573.59375,436908.125,437241.0,437551.3125,437864.09375,438169.59375,438447.375,438734.71875,439032.28125,439333.1875,439633.6875,439934.59375,440230.90625,440521.09375,440806.875,441090.21875,441376.09375,441659.3125,441945.3125,442232.21875,442516.375,444413.21875,444737.3125,445062.0,,426783.90625,427875.5,428606.1875,429302.1875
Anchorage - AK,186439.703125,184990.703125,185137.40625,185250.90625,185434.59375,185580.90625,185702.0,185805.09375,185935.0,186069.59375,186194.90625,186319.0,186450.1875,186578.40625,186701.09375,186822.296875,186972.59375,187101.5,187226.890625,187351.890625,187499.40625,187644.5,187782.203125,187920.296875,188054.203125,188199.09375,188346.40625,188494.90625,188644.609375,188794.09375,188941.40625,189090.703125,189241.0,189388.796875,189534.1875,189679.5,189825.0,189968.3125,190667.5,190778.3125,190886.90625,,183737.90625,184243.1875,184562.8125,184829.296875
Asheville - NC,210598.90625,210929.703125,211253.296875,211531.0,211843.59375,212124.09375,212395.09375,212666.90625,212959.0,213251.0,213541.3125,213823.0,214112.796875,214393.5,214678.40625,214957.59375,215260.40625,215547.609375,215830.3125,216110.109375,216424.609375,216740.40625,217055.203125,217371.90625,217672.8125,217982.796875,218298.90625,218604.203125,218919.40625,219234.703125,219555.6875,219873.3125,220195.796875,220522.203125,220842.109375,221166.203125,221485.59375,221809.296875,222339.203125,222652.0,222960.6875,,209171.703125,209706.796875,210156.40625,210589.5
Atlanta - GA,3141739.0,3143405.0,3150265.0,3157052.0,3163725.0,3169654.0,3175383.0,3181058.0,3187073.0,3193141.0,3199191.0,3205230.0,3211222.0,3217055.0,3222906.0,3228667.0,3234424.0,3240072.0,3245644.0,3251218.0,3256867.0,3262466.0,3268110.0,3273815.0,3279402.0,3284970.0,3290588.0,3296121.0,3301712.0,3307277.0,3312880.0,3318548.0,3324209.0,3329857.0,3335491.0,3341151.0,3346815.0,3352468.0,3371309.0,3377261.0,3383230.0,,3111803.0,3120624.0,3128382.0,3136417.0
Augusta - GA,250150.296875,250246.703125,250498.390625,250698.390625,250924.703125,251115.90625,251306.390625,251470.703125,251678.09375,251891.59375,252105.390625,252295.0,252473.6875,252647.59375,252818.0,252981.796875,253167.609375,253329.5,253483.796875,253631.8125,253795.5,253970.59375,254137.6875,254279.296875,254413.296875,254558.59375,254709.203125,254861.09375,255010.40625,255159.5,255304.90625,255448.203125,255584.5,255724.390625,255855.890625,255989.90625,256120.78125,256252.109375,256980.40625,257123.6875,257261.109375,,248651.203125,249224.703125,249631.609375,249986.5
Austin - TX,1383679.0,1396238.0,1401897.0,1407733.0,1413623.0,1419340.0,1424941.0,1430479.0,1436092.0,1441730.0,1447400.0,1451838.0,1456283.0,1460805.0,1465376.0,1469984.0,1474645.0,1479308.0,1483976.0,1488652.0,1493369.0,1498098.0,1502812.0,1507507.0,1512220.0,1516963.0,1521757.0,1526550.0,1531367.0,1536186.0,1540999.0,1545842.0,1550702.0,1555584.0,1560449.0,1565345.0,1570248.0,1575158.0,1571093.0,1575927.0,1580758.0,,1372121.0,1378855.0,1384786.0,1390668.0
Bakersfield - CA,296925.28125,298636.6875,299206.59375,299743.28125,300283.1875,300751.3125,301205.6875,301649.09375,302079.40625,302510.0,302941.71875,303358.78125,303773.8125,304187.1875,304584.59375,304992.1875,305441.3125,305856.1875,306274.09375,306687.90625,307113.40625,307531.09375,307946.28125,308369.28125,308812.8125,309260.8125,309713.8125,310172.5,310627.28125,311082.5,311533.6875,311984.71875,312434.6875,312882.8125,313337.09375,313789.71875,314246.5,314698.09375,313927.71875,314385.40625,314843.1875,,295969.5,296756.40625,297452.3125,298079.40625
Baltimore - MD,1433426.0,1432347.0,1433929.0,1435221.0,1436667.0,1437865.0,1439031.0,1440081.0,1441362.0,1442637.0,1443879.0,1445060.0,1446223.0,1447424.0,1448611.0,1449746.0,1450967.0,1452061.0,1453152.0,1454260.0,1455385.0,1456499.0,1457580.0,1458693.0,1459650.0,1460644.0,1461655.0,1462654.0,1463667.0,1464662.0,1465675.0,1466669.0,1467680.0,1468680.0,1469678.0,1470673.0,1471667.0,1472657.0,1475996.0,1476950.0,1477901.0,,1423064.0,1426282.0,1428495.0,1430696.0
Baton Rouge - LA,426655.40625,429017.5,429535.5,429952.5,430456.0,430882.0,431301.5,431674.40625,432088.8125,432494.5,432888.5,433274.40625,433670.6875,434069.3125,434459.59375,434853.5,435322.59375,435732.78125,436147.875,436546.21875,436953.3125,437352.21875,437750.21875,438145.8125,438509.71875,438903.1875,439309.0,439713.8125,440120.3125,440529.375,440933.0,441328.875,441735.28125,442140.8125,442550.0,442960.21875,443376.59375,443787.40625,441979.40625,442320.8125,442670.40625,,426095.3125,427010.90625,427800.5,428502.40625
Beaumont - TX,167926.1875,167278.90625,167409.0,167505.09375,167636.5,167728.0,167799.296875,167857.796875,167925.796875,167987.703125,168047.609375,168108.796875,168174.1875,168252.703125,168342.109375,168433.109375,168550.59375,168658.90625,168764.5,168865.796875,168990.90625,169119.796875,169249.09375,169370.0,169491.703125,169616.109375,169746.59375,169868.296875,169995.796875,170120.0,170245.796875,170369.90625,170493.703125,170624.0,170747.296875,170873.390625,170997.09375,171122.5,171622.703125,171726.296875,171825.890625,,166503.40625,166760.890625,166954.0,167137.6875
Birmingham - AL,581827.0625,579632.0,580158.375,580611.5625,581081.8125,581449.8125,581831.8125,582168.0625,582575.0,583008.9375,583405.25,583798.375,584157.3125,584523.3125,584864.625,585217.75,585651.5,586015.9375,586382.0,586740.1875,587109.6875,587486.375,587845.5,588225.25,588597.75,588999.875,589399.125,589819.375,590237.6875,590657.75,591066.875,591483.0,591907.5625,592323.9375,592748.4375,593174.625,593609.1875,594031.3125,599645.0625,600096.375,600557.1875,,576233.5625,577336.1875,578291.8125,579083.6875
Boise - ID,414662.0,409700.28125,410943.5,412089.28125,413284.0,414421.28125,415520.28125,416577.0,417684.0,418798.71875,419921.375,421024.28125,422140.09375,423256.0,424366.40625,425460.5,426601.09375,427695.1875,428790.40625,429878.0,430971.3125,432062.71875,433147.40625,434197.90625,435276.21875,436372.1875,437480.90625,438586.78125,439700.8125,440811.8125,441925.28125,443031.40625,444142.90625,445256.40625,446368.1875,447479.40625,448594.21875,449704.71875,457578.5,458685.21875,459792.78125,,404354.71875,405785.875,407106.28125,408454.8125
Boston - MA,2908513.0,2915648.0,2920052.0,2924298.0,2928948.0,2932996.0,2936878.0,2940710.0,2944776.0,2948882.0,2952790.0,2956493.0,2960319.0,2964123.0,2967897.0,2971603.0,2975346.0,2978874.0,2982341.0,2985802.0,2989262.0,2992621.0,2995966.0,2999309.0,3002725.0,3006141.0,3009640.0,3013026.0,3016479.0,3019884.0,3023313.0,3026716.0,3030119.0,3033544.0,3036938.0,3040364.0,3043777.0,3047207.0,3037285.0,3040472.0,3043658.0,,2893358.0,2899624.0,2905398.0,2911081.0
Brownsville-Harlingen - TX,167513.796875,166448.390625,166733.40625,167001.40625,167278.390625,167515.703125,167742.0,167962.40625,168206.5,168449.5,168689.109375,168923.59375,169156.296875,169400.296875,169635.296875,169861.6875,170102.0,170334.390625,170568.09375,170801.5,171049.390625,171302.203125,171546.59375,171786.703125,172039.90625,172295.390625,172548.59375,172802.703125,173049.609375,173293.0,173528.203125,173760.09375,173990.40625,174218.203125,174441.296875,174662.40625,174882.203125,175098.09375,177920.109375,178146.890625,178369.59375,,165125.109375,165526.59375,165851.703125,166173.203125
Buffalo - NY,566912.0,570145.625,570777.25,571364.0625,571932.6875,572393.6875,572808.0,573149.75,573519.75,573890.6875,574255.1875,574560.75,574871.5625,575190.5,575510.0,575840.5,576217.75,576548.1875,576885.375,577221.6875,577548.8125,577889.25,578212.8125,578513.1875,578848.375,579196.3125,579557.6875,579913.8125,580269.125,580622.5,580973.875,581315.4375,581655.6875,582013.9375,582362.1875,582719.625,583072.3125,583425.875,578528.3125,578803.5625,579068.125,,566815.6875,567868.75,568802.4375,569556.0
Canton - OH,172676.40625,172833.5,172858.40625,172863.0,172872.296875,172842.703125,172804.203125,172754.390625,172725.40625,172701.09375,172677.59375,172647.0,172616.296875,172581.703125,172540.203125,172490.203125,172453.09375,172400.09375,172346.09375,172289.390625,172248.3125,172205.90625,172161.5,172109.890625,172064.703125,172024.796875,171984.203125,171940.40625,171895.40625,171852.09375,171806.390625,171759.203125,171713.109375,171665.296875,171617.203125,171566.1875,171515.703125,171464.296875,171332.0,171279.296875,171226.890625,,172346.890625,172573.0,172699.296875,172799.5
Charleston - SC,438456.90625,434247.59375,435180.78125,436019.28125,436927.09375,437741.6875,438520.1875,439256.71875,440039.09375,440825.71875,441621.5,442400.59375,443186.875,443968.8125,444748.0,445545.59375,446407.0,447227.8125,448042.375,448853.6875,449664.3125,450481.5,451287.40625,452087.3125,452899.40625,453736.6875,454585.21875,455437.1875,456292.0,457151.78125,458014.90625,458883.3125,459749.90625,460621.78125,461486.90625,462358.625,463228.59375,464098.125,471094.90625,471968.8125,472839.6875,,429868.09375,431182.90625,432304.5,433352.125
Charlotte - NC,1397871.0,1396695.0,1400380.0,1403917.0,1407417.0,1410780.0,1414081.0,1417419.0,1420710.0,1424057.0,1427441.0,1430361.0,1433297.0,1436195.0,1439177.0,1442210.0,1445263.0,1448333.0,1451412.0,1454502.0,1457599.0,1460703.0,1463799.0,1466973.0,1470058.0,1473140.0,1476280.0,1479383.0,1482522.0,1485655.0,1488819.0,1491989.0,1495176.0,1498374.0,1501544.0,1504760.0,1507957.0,1511166.0,1516390.0,1519445.0,1522487.0,,1380036.0,1384811.0,1388883.0,1393003.0
Chattanooga - TN,292883.5,290094.40625,290435.59375,290747.40625,291101.71875,291406.5,291694.09375,291948.0,292249.3125,292558.90625,292862.0,293168.0,293462.3125,293746.71875,294013.0,294277.0,294568.0,294827.6875,295080.1875,295334.8125,295609.8125,295884.875,296154.6875,296461.59375,296771.59375,297094.90625,297423.8125,297761.1875,298102.28125,298440.40625,298776.875,299118.0,299461.6875,299808.6875,300148.59375,300499.0,300846.59375,301192.5,306675.40625,307060.0,307445.09375,,288203.78125,288844.09375,289335.0,289762.5
Chicago - IL,4835037.0,4861693.0,4865223.0,4868545.0,4871979.0,4874791.0,4877658.0,4880482.0,4883267.0,4886201.0,4889175.0,4892336.0,4895288.0,4898098.0,4900768.0,4903283.0,4905792.0,4908128.0,4910438.0,4912649.0,4914750.0,4916593.0,4918407.0,4920113.0,4921703.0,4923328.0,4924973.0,4926617.0,4928284.0,4929962.0,4931658.0,4933314.0,4935010.0,4936610.0,4938254.0,4939835.0,4941500.0,4943073.0,4915184.0,4916433.0,4917776.0,,4836196.0,4844946.0,4851806.0,4857832.0
Cincinnati - OH,1174502.0,1173955.0,1175222.0,1176242.0,1177386.0,1178341.0,1179208.0,1179949.0,1180778.0,1181609.0,1182505.0,1183324.0,1184186.0,1185063.0,1185925.0,1186775.0,1187828.0,1188754.0,1189672.0,1190594.0,1191489.0,1192401.0,1193283.0,1194111.0,1195028.0,1195996.0,1197001.0,1197959.0,1198939.0,1199943.0,1200953.0,1201970.0,1202972.0,1203986.0,1204987.0,1206004.0,1207008.0,1208017.0,1212878.0,1213820.0,1214749.0,,1167680.0,1169567.0,1171115.0,1172722.0
Cleveland - OH,1079224.0,1080925.0,1081232.0,1081372.0,1081593.0,1081614.0,1081609.0,1081517.0,1081508.0,1081523.0,1081557.0,1081541.0,1081554.0,1081578.0,1081604.0,1081626.0,1081735.0,1081764.0,1081795.0,1081813.0,1081815.0,1081790.0,1081745.0,1081708.0,1081677.0,1081678.0,1081703.0,1081708.0,1081718.0,1081732.0,1081743.0,1081749.0,1081766.0,1081779.0,1081794.0,1081810.0,1081830.0,1081843.0,1082038.0,1082031.0,1082031.0,,1077764.0,1079055.0,1079894.0,1080611.0
Colorado Springs - CO,339738.0,340177.875,341023.09375,341835.0,342692.90625,343479.1875,344252.5,344988.8125,345784.5,346580.90625,347382.28125,348156.59375,348921.90625,349698.21875,350471.40625,351250.875,352060.3125,352843.40625,353627.0,354413.6875,355200.28125,355993.0,356777.3125,357552.71875,358321.5,359103.90625,359883.6875,360653.8125,361417.90625,362186.625,362946.90625,363705.09375,364460.78125,365212.09375,365958.3125,366699.1875,367440.09375,368174.40625,370852.0,371599.78125,372346.40625,,336200.8125,337369.8125,338381.5,339336.78125
Columbia - SC,440905.21875,441054.40625,441693.90625,442258.09375,442894.1875,443466.40625,444027.3125,444552.625,445135.90625,445712.59375,446299.8125,446874.5,447443.3125,448009.875,448559.375,449090.5,449672.40625,450209.09375,450727.8125,451240.5,451767.3125,452307.5,452831.09375,453338.28125,453857.5,454400.90625,454950.59375,455513.3125,456077.40625,456645.5,457210.5,457789.71875,458366.21875,458948.0,459525.78125,460105.71875,460687.90625,461265.6875,462874.6875,463432.09375,463992.1875,,437552.0,438760.71875,439640.28125,440433.0
Columbus - OH,1175092.0,1178715.0,1180686.0,1182596.0,1184529.0,1186254.0,1187936.0,1189498.0,1191167.0,1192853.0,1194566.0,1196217.0,1197834.0,1199474.0,1201096.0,1202709.0,1204472.0,1206114.0,1207773.0,1209421.0,1211078.0,1212734.0,1214372.0,1215955.0,1217591.0,1219269.0,1220957.0,1222675.0,1224394.0,1226106.0,1227798.0,1229481.0,1231182.0,1232865.0,1234552.0,1236232.0,1237926.0,1239601.0,1235949.0,1237499.0,1239069.0,,1169481.0,1172302.0,1174645.0,1176821.0
Corpus Christi - TX,202501.09375,202778.90625,202870.796875,202953.203125,203066.703125,203146.609375,203220.0,203295.390625,203390.390625,203485.796875,203580.703125,203677.40625,203778.5,203883.296875,203981.0,204069.703125,204185.296875,204286.890625,204387.890625,204487.796875,204601.890625,204716.59375,204827.1875,204938.09375,205042.203125,205153.5,205267.109375,205376.0,205486.40625,205596.09375,205703.0,205805.609375,205910.5,206017.109375,206118.390625,206220.796875,206321.796875,206421.796875,206269.890625,206360.203125,206447.0,,201995.0,202284.390625,202502.703125,202683.90625
Dallas-Fort Worth - TX,4373482.0,4384881.0,4396947.0,4409700.0,4422261.0,4434167.0,4446021.0,4457924.0,4469562.0,4481328.0,4493139.0,4503842.0,4514724.0,4525784.0,4537041.0,4548468.0,4559669.0,4571037.0,4582438.0,4593828.0,4605187.0,4616568.0,4627948.0,4639421.0,4650752.0,4661990.0,4673343.0,4684584.0,4695904.0,4707265.0,4718643.0,4730047.0,4741485.0,4752949.0,4764365.0,4775847.0,4787320.0,4798813.0,4818931.0,4830513.0,4842056.0,,4327223.0,4343780.0,4358619.0,4372631.0
Dayton - OH,394339.0,392312.5,392466.5,392601.09375,392751.3125,392831.78125,392897.5,392924.0,392975.71875,393044.90625,393122.3125,393187.40625,393253.125,393331.5,393401.09375,393464.0,393556.40625,393611.78125,393661.0,393705.0,393748.6875,393788.90625,393825.40625,393841.71875,393869.375,393913.21875,393961.40625,394009.40625,394056.875,394105.71875,394149.09375,394191.3125,394237.0,394279.5,394321.5,394360.59375,394400.0,394439.59375,397499.0,397545.0,397589.8125,,390993.09375,391499.6875,391876.90625,392169.3125
Daytona Beach - FL,229804.390625,230767.703125,231154.203125,231504.5,231875.796875,232203.09375,232510.296875,232801.296875,233115.296875,233431.796875,233739.59375,234045.390625,234351.703125,234658.5,234963.59375,235266.6875,235588.8125,235896.703125,236206.0,236512.09375,236850.90625,237192.703125,237528.796875,237860.390625,238199.90625,238545.109375,238890.0,239230.296875,239571.90625,239914.0,240254.109375,240592.609375,240935.8125,241276.796875,241615.90625,241950.890625,242287.40625,242619.796875,243585.09375,243944.5,244305.09375,,228811.90625,229414.796875,229915.609375,230380.703125
Denver - CO,1656454.0,1666795.0,1670328.0,1673716.0,1677320.0,1680628.0,1683927.0,1687161.0,1690540.0,1693931.0,1697273.0,1700529.0,1703827.0,1707070.0,1710320.0,1713617.0,1716989.0,1720292.0,1723607.0,1726919.0,1730334.0,1733715.0,1737092.0,1740510.0,1743883.0,1747294.0,1750715.0,1754109.0,1757522.0,1760958.0,1764389.0,1767840.0,1771317.0,1774782.0,1778258.0,1781719.0,1785212.0,1788671.0,1788844.0,1792136.0,1795431.0,,1649013.0,1654152.0,1658817.0,1663125.0
Des Moines - IA,400424.59375,404984.1875,405698.6875,406362.0,407097.0,407779.5,408443.78125,409064.90625,409698.90625,410328.875,410950.28125,411565.09375,412170.6875,412775.09375,413369.90625,413965.78125,414613.0,415220.09375,415830.28125,416437.28125,417042.375,417641.90625,418234.0,418808.28125,419392.5,419995.3125,420598.78125,421205.09375,421812.40625,422414.71875,423016.375,423617.09375,424225.09375,424834.28125,425440.40625,426045.28125,426650.5,427253.59375,422898.40625,423447.28125,423999.125,,401644.09375,402542.21875,403476.40625,404274.90625
Detroit - MI,2067975.125,2066597.875,2068556.875,2070132.125,2071688.0,2072667.0,2073440.875,2074174.125,2075092.0,2076157.0,2077398.875,2078795.875,2080108.875,2081156.0,2081935.0,2082623.0,2083379.875,2083920.875,2084212.875,2084570.125,2085034.875,2085545.875,2086043.0,2086673.125,2087148.875,2087520.0,2087763.0,2088006.125,2088254.875,2088597.875,2089048.125,2089733.875,2090285.875,2090888.0,2091393.125,2092025.875,2092576.875,2093136.0,2101030.0,2101751.0,2102367.0,,2056058.125,2059678.0,2062152.125,2064729.0
Durham - NC,361179.5,358855.59375,359464.59375,360043.0,360669.3125,361258.3125,361830.8125,362391.5,362995.3125,363605.59375,364232.3125,364853.09375,365446.8125,366056.0,366670.40625,367279.78125,367914.3125,368534.21875,369163.6875,369787.28125,370406.40625,371033.1875,371650.09375,372271.09375,372862.625,373471.59375,374085.21875,374696.6875,375309.59375,375923.40625,376535.40625,377143.09375,377761.28125,378378.375,378992.0,379611.125,380232.59375,380853.78125,384148.0,384760.09375,385373.28125,,355738.09375,356744.6875,357530.3125,358264.09375
East Bay - CA,1217897.0,1221277.0,1223305.0,1225185.0,1227023.0,1228657.0,1230242.0,1231796.0,1233356.0,1234922.0,1236517.0,1237952.0,1239389.0,1240842.0,1242291.0,1243800.0,1245446.0,1247029.0,1248619.0,1250207.0,1251805.0,1253420.0,1255018.0,1256599.0,1258222.0,1259870.0,1261537.0,1263216.0,1264886.0,1266562.0,1268230.0,1269912.0,1271589.0,1273259.0,1274942.0,1276623.0,1278308.0,1279981.0,1280573.0,1282265.0,1283958.0,,1210195.0,1213801.0,1216627.0,1219188.0
El Paso - TX,354771.40625,353749.59375,354331.90625,354949.875,355572.8125,356163.3125,356746.625,357339.28125,357947.90625,358554.8125,359164.3125,359763.0,360367.1875,360981.5,361597.40625,362204.8125,362839.6875,363454.8125,364074.8125,364696.1875,365328.3125,365963.40625,366587.8125,367203.3125,367833.90625,368475.1875,369120.6875,369776.09375,370431.21875,371085.21875,371734.8125,372385.40625,373037.28125,373698.6875,374348.125,375005.875,375659.59375,376318.3125,379140.5,379777.09375,380404.78125,,350810.59375,351757.5,352489.6875,353176.21875
Fayetteville - NC,139680.6875,138949.0,139086.0,139203.5,139340.5,139459.109375,139569.90625,139685.296875,139816.1875,139947.5,140079.09375,140214.796875,140342.703125,140466.0,140587.796875,140698.8125,140812.0,140919.40625,141024.09375,141127.390625,141234.40625,141349.796875,141462.40625,141578.0,141680.890625,141793.703125,141910.59375,142017.203125,142131.8125,142243.109375,142359.203125,142470.3125,142588.296875,142707.5,142817.796875,142935.390625,143046.40625,143164.09375,143685.59375,143786.109375,143885.609375,,138124.09375,138408.796875,138613.296875,138809.09375
Flint - MI,143346.796875,142619.40625,142686.296875,142732.703125,142790.796875,142820.796875,142842.609375,142856.90625,142886.703125,142927.09375,142980.703125,143043.59375,143092.5,143134.203125,143163.0,143190.09375,143221.796875,143248.3125,143267.296875,143288.609375,143316.40625,143348.5,143376.6875,143409.1875,143423.09375,143435.890625,143442.5,143454.703125,143465.703125,143482.890625,143501.90625,143535.59375,143563.59375,143589.09375,143605.5,143625.0,143643.703125,143661.796875,144621.3125,144647.59375,144669.40625,,142120.703125,142321.59375,142444.390625,142561.796875
Fort Lauderdale - FL,947810.4375,947897.875,949612.5,951260.375,952884.875,954411.625,955909.4375,957386.25,958913.5625,960465.5,961980.75,963452.875,964918.6875,966350.5625,967816.5,969280.875,970719.8125,972175.0,973625.0,975081.5,976584.5,978088.0625,979588.3125,981131.75,982660.1875,984163.5625,985682.6875,987185.1875,988699.25,990189.6875,991685.9375,993195.3125,994711.6875,996224.125,997731.8125,999235.75,1000746.0,1002251.0,1006339.0,1007798.0,1009256.0,,938945.6875,941662.0,943991.8125,946109.3125
Fort Myers - FL,317407.0,317079.59375,317963.40625,318818.6875,319673.875,320458.8125,321213.59375,321938.0,322684.125,323431.09375,324169.90625,324892.21875,325623.40625,326357.78125,327103.6875,327863.59375,328650.90625,329427.40625,330206.0,330987.625,331773.71875,332573.5,333370.90625,334153.59375,334943.90625,335743.0,336549.5,337355.28125,338162.59375,338964.8125,339768.0,340575.40625,341383.78125,342199.40625,343011.40625,343830.28125,344648.5,345468.40625,348863.59375,349704.1875,350541.5,,313082.78125,314290.1875,315265.90625,316215.90625
Fort Wayne - IN,239040.40625,240941.09375,241168.796875,241347.703125,241580.40625,241766.796875,241935.703125,242089.203125,242281.796875,242472.703125,242648.109375,242833.09375,243016.296875,243192.0,243359.40625,243521.109375,243693.890625,243847.109375,243984.296875,244116.390625,244286.40625,244461.5,244625.703125,244782.203125,244946.5,245124.40625,245301.796875,245484.40625,245663.890625,245853.0,246041.703125,246247.890625,246450.8125,246666.390625,246879.109375,247103.890625,247321.0,247541.90625,247352.703125,247597.203125,247835.0,,239559.796875,240020.90625,240366.203125,240695.40625
Fresno - CA,403182.90625,401947.90625,402798.8125,403604.1875,404406.71875,405128.0,405833.90625,406521.40625,407199.1875,407873.09375,408544.59375,409206.09375,409857.0,410516.59375,411163.6875,411827.90625,412532.8125,413207.875,413886.6875,414561.875,415241.21875,415920.0,416591.0,417267.78125,417965.59375,418672.3125,419377.28125,420096.8125,420807.1875,421514.8125,422213.0,422915.5,423617.1875,424318.3125,425023.0,425726.28125,426436.625,427138.09375,431433.5,432176.90625,432923.8125,,397659.5,398946.6875,400072.28125,401084.40625
Grand Rapids - MI,594193.75,598797.1875,599887.3125,600925.875,601967.5,602929.5,603875.9375,604817.875,605816.0,606904.4375,608077.875,609355.75,610539.9375,611672.75,612701.0,613730.75,614791.1875,615799.0,616768.375,617773.625,618795.5,619823.3125,620829.3125,621897.25,622876.3125,623861.5,624800.125,625785.6875,626734.9375,627717.25,628688.75,629765.9375,630800.75,631805.625,632742.6875,633705.875,634654.125,635579.875,624471.1875,625213.9375,625920.5,,593371.25,595105.5,596434.375,597720.875
Greensboro - NC,370030.59375,371379.5,371651.3125,371901.09375,372148.8125,372353.78125,372558.5,372759.875,372982.3125,373209.6875,373444.78125,373684.0,373916.6875,374154.21875,374400.6875,374641.8125,374918.21875,375179.09375,375446.6875,375712.1875,375966.09375,376225.90625,376481.1875,376742.0,376988.1875,377244.6875,377507.375,377773.28125,378043.5,378307.1875,378574.09375,378841.0,379113.40625,379383.3125,379649.90625,379921.0,380190.875,380459.5,378918.5,379155.09375,379392.0,,369663.21875,370292.125,370709.5,371106.8125
Greenville - SC,475418.21875,475492.8125,476430.3125,477318.5,478214.375,478995.5,479747.8125,480466.1875,481214.375,481965.78125,482721.59375,483455.59375,484192.59375,484912.0,485607.59375,486310.21875,487042.6875,487744.375,488436.3125,489122.3125,489795.28125,490467.28125,491130.71875,491794.09375,492486.78125,493196.40625,493913.90625,494629.40625,495345.875,496072.375,496807.1875,497549.59375,498287.6875,499033.125,499768.1875,500506.90625,501245.5,501983.5,504909.40625,505664.21875,506415.5,,470962.875,472314.5,473475.59375,474560.0
Gulfport-Biloxi-Pascagoula - MS,168918.796875,167510.890625,167640.390625,167723.609375,167796.5,167839.90625,167861.203125,167883.0,167914.0,167943.890625,167976.390625,168012.609375,168048.90625,168071.59375,168097.5,168122.296875,168158.40625,168187.890625,168213.890625,168238.90625,168280.5,168320.296875,168358.703125,168393.5,168424.390625,168455.703125,168489.8125,168513.203125,168539.90625,168567.90625,168598.09375,168625.703125,168651.0,168675.5,168696.90625,168717.1875,168734.609375,168751.90625,171096.40625,171126.609375,171153.90625,,166624.40625,166891.59375,167117.296875,167351.0
Harrisburg - PA,371613.1875,368264.59375,368663.90625,369042.6875,369451.59375,369789.0,370106.40625,370384.625,370670.1875,370941.0,371208.3125,371438.6875,371670.90625,371913.3125,372147.3125,372375.875,372625.875,372855.90625,373082.875,373310.21875,373525.5,373748.5,373960.90625,374176.3125,374405.6875,374644.5,374889.0,375134.71875,375379.90625,375619.8125,375856.90625,376090.21875,376322.90625,376553.90625,376782.71875,377012.0,377240.375,377466.8125,381259.78125,381477.6875,381694.3125,,366089.90625,366799.59375,367352.90625,367865.21875
Hartford - CT,652031.625,649412.625,649709.0,649908.375,650143.8125,650243.5625,650341.9375,650414.0,650541.375,650654.1875,650744.0,650847.6875,650900.0,650982.4375,651023.6875,651048.875,651102.3125,651092.4375,651090.1875,651056.6875,651031.125,650971.8125,650905.0,650875.4375,650835.5625,650837.5625,650829.75,650833.1875,650828.0,650829.5,650807.625,650770.8125,650756.5625,650734.375,650721.125,650687.9375,650672.9375,650640.375,655185.9375,655169.0,655171.5,,647306.5,648043.1875,648621.1875,649103.5625
Honolulu - HI,470926.21875,471916.8125,472502.09375,473033.8125,473587.59375,474038.09375,474482.09375,474862.6875,475264.8125,475662.125,476072.8125,476440.5,476794.1875,477152.5,477475.0,477802.78125,478169.59375,478469.09375,478771.21875,479073.5,479325.5,479570.90625,479820.59375,480092.71875,480355.59375,480643.875,480933.5,481229.1875,481522.09375,481816.3125,482104.71875,482385.40625,482669.59375,482946.40625,483228.3125,483505.625,483787.59375,484060.21875,483201.0,483451.125,483708.71875,,468192.0,469675.8125,470594.21875,471361.375
Houston - TX,3495592.0,3505312.0,3512403.0,3519749.0,3527251.0,3534191.0,3540938.0,3547545.0,3554295.0,3561047.0,3567731.0,3574475.0,3581262.0,3588054.0,3594920.0,3601812.0,3608847.0,3615859.0,3622850.0,3629816.0,3636953.0,3644043.0,3651138.0,3658258.0,3665408.0,3672568.0,3679818.0,3686977.0,3694186.0,3701380.0,3708590.0,3715771.0,3722994.0,3730258.0,3737480.0,3744731.0,3751994.0,3759244.0,3751855.0,3758665.0,3765433.0,,3470594.0,3480723.0,3489522.0,3497930.0
Huntsville - AL,286240.8125,286160.0,286638.3125,287047.6875,287478.21875,287859.3125,288230.09375,288604.3125,289013.5,289426.3125,289840.40625,290250.40625,290669.09375,291092.1875,291512.78125,291935.0,292400.375,292835.5,293263.5,293696.90625,294143.0,294598.0,295047.0,295508.3125,295975.59375,296453.625,296934.59375,297411.40625,297890.59375,298370.0,298848.21875,299331.59375,299818.5,300309.5,300796.0,301295.0,301790.5,302285.0,307924.8125,308524.40625,309120.5,,283739.59375,284461.21875,285094.6875,285682.40625
Indianapolis - IN,1209739.0,1201489.0,1203721.0,1205749.0,1208018.0,1210026.0,1211961.0,1213775.0,1215710.0,1217633.0,1219506.0,1221311.0,1223094.0,1224869.0,1226580.0,1228315.0,1230225.0,1231954.0,1233673.0,1235379.0,1237052.0,1238683.0,1240295.0,1241948.0,1243612.0,1245335.0,1247065.0,1248830.0,1250590.0,1252317.0,1254055.0,1255773.0,1257492.0,1259228.0,1260961.0,1262729.0,1264489.0,1266243.0,1277970.0,1279683.0,1281392.0,,1191197.0,1194275.0,1196834.0,1199291.0
Inland Empire - CA,1738116.0,1743497.0,1749258.0,1754767.0,1760304.0,1765542.0,1770699.0,1775811.0,1781121.0,1786403.0,1791676.0,1795575.0,1799492.0,1803473.0,1807399.0,1811315.0,1815454.0,1819459.0,1823478.0,1827520.0,1831589.0,1835689.0,1839758.0,1843905.0,1848164.0,1852464.0,1856772.0,1861091.0,1865401.0,1869720.0,1874013.0,1878336.0,1882666.0,1887008.0,1891348.0,1895706.0,1900080.0,1904432.0,1905110.0,1909541.0,1913980.0,,1718971.0,1725499.0,1731581.0,1737767.0
Jackson - MS,288274.90625,289711.78125,290008.59375,290221.5,290496.5,290720.78125,290910.1875,291069.3125,291268.3125,291468.40625,291674.09375,291885.0,292097.90625,292300.40625,292503.59375,292698.90625,292935.90625,293137.6875,293324.71875,293508.78125,293727.59375,293948.6875,294159.40625,294362.625,294557.3125,294769.28125,294992.625,295212.3125,295437.59375,295664.0,295891.90625,296126.09375,296357.78125,296594.5,296824.8125,297062.28125,297294.5,297527.90625,297607.6875,297860.90625,298108.1875,,287943.3125,288517.90625,288990.8125,289413.40625
Jacksonville - FL,819796.0625,816636.5,818305.8125,819913.3125,821567.3125,823095.6875,824578.625,825975.5,827484.0625,829005.5,830533.6875,832010.375,833479.1875,834968.375,836436.0,837897.6875,839433.3125,840897.5,842356.375,843825.6875,845263.3125,846717.25,848144.25,849613.25,851092.875,852604.3125,854127.0,855656.5,857184.875,858707.25,860223.8125,861746.8125,863276.9375,864806.5,866334.25,867868.5,869406.9375,870941.3125,882047.3125,883650.6875,885256.4375,,809328.9375,811441.6875,813260.0625,815042.1875
Kansas City - MO,1165976.0,1161044.0,1162586.0,1163976.0,1165403.0,1166673.0,1167902.0,1169082.0,1170247.0,1171439.0,1172599.0,1173750.0,1174910.0,1176060.0,1177184.0,1178349.0,1179567.0,1180722.0,1181871.0,1183013.0,1184133.0,1185234.0,1186314.0,1187418.0,1188522.0,1189657.0,1190802.0,1191940.0,1193086.0,1194235.0,1195382.0,1196532.0,1197690.0,1198847.0,1200000.0,1201160.0,1202323.0,1203478.0,1211722.0,1212867.0,1214016.0,,1152721.0,1155382.0,1157514.0,1159490.0
Killeen - TX,157913.609375,158434.59375,158698.203125,158976.296875,159291.90625,159573.109375,159841.203125,160107.796875,160402.6875,160695.609375,160984.0,161273.796875,161561.203125,161847.203125,162124.5,162389.296875,162664.390625,162930.0,163194.203125,163454.609375,163724.703125,163994.296875,164262.296875,164536.5,164814.109375,165100.09375,165391.40625,165680.40625,165970.390625,166260.1875,166549.296875,166838.109375,167129.390625,167421.09375,167710.296875,168001.5,168292.609375,168584.203125,167530.203125,167771.0,168010.0,,157127.390625,157556.796875,157869.09375,158181.703125
Knoxville - TN,447790.40625,446947.5,447721.71875,448454.40625,449215.3125,449869.1875,450506.1875,451080.59375,451685.3125,452311.625,452964.375,453616.5,454222.90625,454811.625,455357.40625,455905.21875,456481.0,457008.0,457530.59375,458052.40625,458560.90625,459077.3125,459580.28125,460099.21875,460613.3125,461155.5,461694.5,462248.1875,462794.0,463352.125,463891.28125,464435.40625,464980.09375,465518.59375,466042.3125,466570.8125,467101.71875,467631.90625,470671.8125,471230.5,471785.875,,443008.09375,444247.90625,445279.90625,446201.375
Lafayette - LA,207396.5,208263.796875,208371.796875,208423.203125,208497.40625,208543.390625,208598.796875,208635.09375,208693.203125,208740.90625,208788.890625,208820.203125,208859.609375,208887.296875,208917.0,208944.5,209005.59375,209036.5,209068.5,209092.796875,209131.703125,209168.0,209205.203125,209240.703125,209287.796875,209344.09375,209408.59375,209471.796875,209536.5,209600.203125,209661.5,209718.59375,209777.609375,209838.203125,209898.0,209959.203125,210023.796875,210085.90625,208695.609375,208729.90625,208765.296875,,207335.09375,207671.59375,207918.796875,208130.09375
Lakeland - FL,283498.59375,281931.875,282499.125,283050.1875,283640.09375,284204.5,284759.0,285280.5,285855.8125,286438.375,287005.0,287559.8125,288116.78125,288662.0,289211.5,289749.375,290304.28125,290846.71875,291386.09375,291919.09375,292497.3125,293080.8125,293658.125,294222.8125,294788.5,295355.09375,295925.125,296485.09375,297044.59375,297599.21875,298150.59375,298700.40625,299250.21875,299801.5,300345.21875,300887.5,301427.1875,301966.3125,306375.6875,306955.0,307530.6875,,279070.0,279945.40625,280666.90625,281359.09375
Lancaster - PA,269138.5,268912.8125,269214.59375,269481.40625,269799.0,270065.1875,270320.90625,270550.125,270839.90625,271117.40625,271373.6875,271616.09375,271872.40625,272126.09375,272375.875,272616.09375,272898.09375,273150.09375,273399.09375,273648.40625,273930.375,274212.3125,274490.375,274787.5,275106.0,275433.1875,275766.21875,276089.125,276421.21875,276752.0,277085.78125,277420.0,277758.0,278093.6875,278428.90625,278763.21875,279097.0,279429.28125,280753.21875,281089.1875,281426.59375,,267209.6875,267727.0,268160.40625,268586.90625
Lansing - MI,246062.296875,245134.5,245346.796875,245535.5,245768.40625,245955.59375,246124.5,246265.796875,246446.0,246639.296875,246839.09375,247043.5,247227.5,247396.109375,247553.09375,247708.203125,247870.296875,248003.6875,248123.59375,248246.5,248384.59375,248524.09375,248658.296875,248785.90625,248895.203125,249007.703125,249112.0,249217.796875,249315.0,249414.59375,249507.796875,249614.109375,249708.6875,249799.296875,249877.59375,249960.40625,250035.59375,250104.90625,253350.6875,253480.0,253601.203125,,243884.09375,244319.5,244627.703125,244932.0
Las Vegas - NV,1174933.0,1181485.0,1184716.0,1188019.0,1191214.0,1194201.0,1197198.0,1200181.0,1203050.0,1205860.0,1208724.0,1211456.0,1214140.0,1216714.0,1219286.0,1221940.0,1224719.0,1227514.0,1230341.0,1233200.0,1236049.0,1238924.0,1241842.0,1244789.0,1247785.0,1250783.0,1253814.0,1256814.0,1259829.0,1262838.0,1265843.0,1268847.0,1271860.0,1274872.0,1277882.0,1280894.0,1283915.0,1286924.0,1293839.0,1296916.0,1299993.0,,1166026.0,1170622.0,1174549.0,1178216.0
Lehigh Valley - PA,406667.78125,403004.0,403533.28125,404068.90625,404601.1875,405074.875,405540.1875,406012.09375,406462.8125,406912.8125,407361.21875,407801.78125,408242.625,408696.59375,409144.09375,409589.1875,410036.90625,410484.8125,410942.09375,411404.5,411878.8125,412349.78125,412817.40625,413296.59375,413794.0,414291.8125,414789.625,415294.59375,415798.8125,416303.5,416801.5,417300.5,417806.3125,418306.875,418810.21875,419309.28125,419815.5,420313.5,425558.0,426039.3125,426520.6875,,400086.90625,400948.09375,401763.21875,402450.59375
Lexington - KY,304842.5,302476.8125,302843.59375,303168.90625,303554.0,303892.3125,304199.1875,304501.8125,304812.90625,305133.40625,305445.0,305758.09375,306072.5,306370.0,306670.5,306975.0,307309.28125,307604.875,307896.90625,308184.375,308504.0,308808.59375,309114.6875,309431.0,309752.59375,310087.875,310430.5,310774.5,311121.71875,311466.0,311812.0,312162.0,312517.0,312871.40625,313228.90625,313592.28125,313951.125,314306.78125,316745.78125,317090.3125,317431.6875,,300442.59375,301088.1875,301601.90625,302087.1875
Little Rock - AR,403322.8125,402182.1875,402662.40625,403049.8125,403494.125,403866.78125,404214.8125,404524.6875,404853.90625,405180.78125,405510.5,405838.28125,406155.21875,406473.375,406777.8125,407077.90625,407435.78125,407751.5,408077.3125,408396.0,408739.09375,409079.59375,409411.28125,409743.0,410072.90625,410427.78125,410781.8125,411144.09375,411503.125,411869.5,412232.40625,412592.09375,412958.59375,413321.0,413686.5,414044.40625,414410.3125,414768.59375,418264.1875,418646.59375,419037.5,,399545.59375,400367.1875,401047.40625,401693.90625
Long Island - NY,1356497.0,1350538.0,1351643.0,1352758.0,1353958.0,1354928.0,1355917.0,1356767.0,1357879.0,1359040.0,1360105.0,1361116.0,1362187.0,1363272.0,1364385.0,1365488.0,1366709.0,1367829.0,1368968.0,1370083.0,1371227.0,1372377.0,1373512.0,1374666.0,1375853.0,1377106.0,1378375.0,1379685.0,1381013.0,1382344.0,1383641.0,1384932.0,1386266.0,1387601.0,1388943.0,1390294.0,1391686.0,1393045.0,1398189.0,1399302.0,1400456.0,,1343596.0,1346740.0,1348412.0,1349644.0
Los Angeles - CA,4648862.0,4663507.0,4670396.0,4676626.0,4682504.0,4687470.0,4692249.0,4696853.0,4701434.0,4706023.0,4710730.0,4715108.0,4719452.0,4723843.0,4728103.0,4732467.0,4737063.0,4741491.0,4745916.0,4750390.0,4754861.0,4759364.0,4763809.0,4768522.0,4773395.0,4778261.0,4783131.0,4788020.0,4792861.0,4797718.0,4802500.0,4807332.0,4812142.0,4816912.0,4821714.0,4826504.0,4831326.0,4836077.0,4843617.0,4848602.0,4853582.0,,4625128.0,4637316.0,4647192.0,4656375.0
Louisville - KY,709486.375,708701.75,709642.0,710441.125,711285.5625,711993.75,712658.6875,713268.375,713952.25,714627.5,715313.3125,715972.25,716642.875,717323.9375,717985.3125,718644.75,719394.0,720074.5,720746.1875,721412.75,722051.25,722692.6875,723318.125,723944.0625,724598.0625,725278.625,725980.6875,726699.0,727427.9375,728140.375,728853.8125,729568.3125,730283.875,731014.0,731748.0,732499.375,733247.0625,733995.8125,737117.1875,737825.6875,738535.5625,,704126.5,705707.6875,706822.5625,707826.5
Madison - WI,433780.09375,435127.6875,435937.5,436669.0,437414.5,438081.21875,438720.6875,439333.3125,440000.0,440669.59375,441338.0,442008.90625,442669.0,443340.0,444010.5,444679.09375,445401.78125,446080.59375,446759.78125,447436.875,448116.09375,448798.40625,449473.6875,450144.09375,450795.8125,451460.78125,452129.09375,452797.21875,453466.0,454127.59375,454788.90625,455442.90625,456098.3125,456753.8125,457401.875,458048.8125,458695.0,459335.6875,457047.59375,457612.21875,458176.78125,,431230.09375,432343.59375,433380.09375,434331.09375
Manchester - NH,229207.5,227720.09375,227963.296875,228145.703125,228378.6875,228574.203125,228757.703125,228922.5,229135.5,229350.59375,229554.3125,229747.0,229952.1875,230151.203125,230347.109375,230543.59375,230771.609375,230978.0,231185.203125,231386.0,231617.5,231848.796875,232074.703125,232313.203125,232560.109375,232821.203125,233091.09375,233360.796875,233635.703125,233913.609375,234193.890625,234471.796875,234753.796875,235038.703125,235324.40625,235612.3125,235902.09375,236191.40625,237915.796875,238192.59375,238471.5,,226211.0,226691.09375,227094.09375,227458.0
McAllen - TX,307180.21875,307543.6875,308263.78125,309009.875,309779.5,310493.59375,311199.8125,311899.0,312626.1875,313358.3125,314094.90625,314828.1875,315551.5,316294.90625,317020.8125,317734.59375,318488.5,319213.8125,319944.875,320676.59375,321426.0,322176.0,322916.28125,323649.0,324381.0,325124.59375,325863.59375,326608.625,327347.09375,328081.5,328806.40625,329525.78125,330248.59375,330966.09375,331681.3125,332392.09375,333105.90625,333811.5,334196.59375,334876.40625,335555.375,,304143.59375,305126.5,305988.59375,306824.1875
Melbourne - FL,260388.890625,261066.71875,261482.703125,261902.40625,262306.21875,262674.40625,263030.5,263354.875,263698.59375,264042.125,264382.375,264698.90625,265005.1875,265322.8125,265645.90625,265966.0,266282.59375,266597.6875,266913.3125,267227.375,267532.5,267845.0,268149.0,268453.40625,268761.5,269073.78125,269393.0,269705.8125,270015.8125,270318.375,270614.6875,270906.5,271200.90625,271496.5,271788.5,272079.90625,272369.5,272661.0,274106.90625,274442.1875,274776.625,,259027.890625,259656.890625,260189.390625,260670.984375
Memphis - TN,659114.0,663795.0,664482.125,665099.3125,665788.8125,666377.3125,666940.125,667448.4375,668039.6875,668632.875,669244.3125,669828.6875,670393.1875,670950.0625,671493.6875,672031.6875,672661.1875,673235.5,673803.3125,674371.8125,674921.875,675467.125,676000.3125,676557.3125,677121.1875,677708.375,678313.4375,678933.4375,679557.6875,680173.375,680787.75,681403.625,682022.5,682637.375,683247.9375,683867.625,684488.5625,685098.3125,681869.8125,682451.4375,683035.875,,660557.625,661584.3125,662407.6875,663172.5
Miami - FL,1353037.0,1355539.0,1357575.0,1359538.0,1361485.0,1363304.0,1365109.0,1366901.0,1368740.0,1370619.0,1372453.0,1374233.0,1376005.0,1377750.0,1379531.0,1381322.0,1383068.0,1384844.0,1386619.0,1388407.0,1390263.0,1392113.0,1393956.0,1395865.0,1397753.0,1399612.0,1401491.0,1403354.0,1405226.0,1407069.0,1408915.0,1410778.0,1412656.0,1414523.0,1416384.0,1418236.0,1420104.0,1421955.0,1424609.0,1426394.0,1428184.0,,1344125.0,1347722.0,1350738.0,1353390.0
Milwaukee - WI,862599.125,870395.8125,871079.3125,871598.0625,872142.0625,872532.6875,872917.8125,873247.625,873669.5,874095.5625,874519.6875,874944.875,875385.8125,875848.3125,876296.6875,876709.4375,877232.75,877680.8125,878149.4375,878604.0,879039.6875,879466.1875,879880.6875,880258.4375,880540.25,880853.0,881163.0,881479.3125,881800.1875,882108.0,882421.875,882718.625,883027.5625,883345.6875,883661.9375,883975.5625,884299.6875,884614.625,877327.6875,877619.0625,877911.625,,866255.625,867600.125,868653.0625,869698.5
Minneapolis - MN,1999031.0,2029352.0,2032018.0,2034514.0,2037224.0,2039583.0,2041890.0,2044149.0,2046409.0,2048739.0,2051009.0,2053275.875,2055525.875,2057716.125,2059933.125,2062220.0,2064470.0,2066657.0,2068836.875,2071002.0,2073283.875,2075489.0,2077690.0,2079897.0,2081944.125,2084007.125,2086086.0,2088136.0,2090193.125,2092261.0,2094343.0,2096419.0,2098526.0,2100595.0,2102663.0,2104714.0,2106787.0,2108833.0,2080967.0,2082920.875,2084891.125,,2014211.0,2018775.0,2022744.0,2026477.0
Mobile - AL,192386.09375,191714.0,191857.703125,191942.203125,192042.609375,192085.296875,192113.0,192128.09375,192178.09375,192226.890625,192261.390625,192294.796875,192325.703125,192355.1875,192375.5,192391.796875,192438.59375,192462.5,192478.703125,192494.5,192519.5,192545.296875,192565.5,192596.796875,192607.796875,192628.296875,192647.90625,192669.40625,192690.0,192707.390625,192721.296875,192737.90625,192754.703125,192774.09375,192790.796875,192814.890625,192836.8125,192857.609375,195378.40625,195456.5,195532.703125,,190936.796875,191184.59375,191379.703125,191571.90625
Modesto - CA,196624.6875,197614.59375,198018.796875,198397.5,198783.796875,199126.609375,199464.90625,199770.203125,200093.0,200409.390625,200730.796875,201033.703125,201327.890625,201629.390625,201923.796875,202221.203125,202561.90625,202871.5,203183.90625,203493.390625,203796.203125,204103.890625,204407.203125,204719.0,205042.203125,205379.703125,205720.703125,206067.59375,206414.5,206759.296875,207103.703125,207446.109375,207789.3125,208133.890625,208478.890625,208824.203125,209171.40625,209516.09375,209996.0,210364.296875,210734.0,,195691.0,196294.6875,196778.703125,197229.703125
Montgomery - AL,187335.6875,186506.390625,186625.3125,186699.703125,186819.59375,186897.59375,186958.6875,187006.890625,187071.0,187136.0,187191.0,187247.1875,187298.09375,187344.890625,187387.796875,187434.59375,187502.90625,187550.0,187589.5,187627.90625,187674.609375,187721.6875,187764.09375,187811.09375,187858.59375,187908.796875,187957.203125,187996.703125,188036.796875,188076.203125,188112.3125,188149.3125,188184.09375,188217.796875,188246.796875,188279.609375,188309.90625,188337.90625,190291.390625,190348.6875,190402.6875,,185710.296875,185990.296875,186201.796875,186391.796875
Myrtle Beach - SC,201046.5,204000.703125,204503.09375,204954.5,205431.203125,205852.59375,206256.8125,206630.09375,207042.0,207458.5,207876.90625,208281.59375,208690.203125,209085.40625,209479.796875,209877.5,210302.40625,210706.203125,211104.296875,211500.0,211911.609375,212326.59375,212736.609375,213144.609375,213561.296875,213986.09375,214420.5,214851.203125,215284.390625,215717.296875,216151.796875,216585.203125,217019.8125,217454.09375,217883.5,218313.296875,218740.40625,219167.40625,217288.296875,217713.703125,218135.703125,,201619.203125,202428.09375,202967.890625,203517.109375
Naples - FL,179140.59375,178202.703125,178710.0,179192.3125,179683.5,180150.796875,180613.296875,181068.6875,181554.3125,182037.796875,182511.5,182969.890625,183421.796875,183862.5,184303.296875,184739.0,185185.203125,185635.703125,186082.390625,186528.3125,186981.0,187442.59375,187898.609375,188352.296875,188807.09375,189262.09375,189718.5,190173.796875,190625.90625,191072.90625,191515.203125,191956.609375,192396.1875,192836.390625,193270.90625,193706.890625,194141.5,194575.5,197111.296875,197554.90625,197995.109375,,176059.203125,176640.0,177153.59375,177695.0
Nashville - TN,1183828.0,1187942.0,1190606.0,1193209.0,1195801.0,1198263.0,1200681.0,1203064.0,1205504.0,1207976.0,1210511.0,1213055.0,1215623.0,1218195.0,1220779.0,1223379.0,1226069.0,1228748.0,1231399.0,1234082.0,1236726.0,1239404.0,1242053.0,1244748.0,1247504.0,1250279.0,1253093.0,1255936.0,1258798.0,1261643.0,1264494.0,1267377.0,1270256.0,1273149.0,1276024.0,1278933.0,1281830.0,1284726.0,1285281.0,1288137.0,1290984.0,,1175747.0,1179470.0,1182499.0,1185386.0
New Haven - CT,403333.59375,401769.90625,401943.0,402062.0,402197.6875,402256.59375,402283.5,402283.375,402319.09375,402352.125,402379.40625,402405.09375,402438.1875,402471.0,402495.09375,402510.5,402575.8125,402607.3125,402635.3125,402654.90625,402700.0,402742.625,402777.8125,402807.59375,402862.90625,402932.0,403010.8125,403086.90625,403171.125,403256.71875,403338.90625,403417.125,403496.3125,403578.875,403653.1875,403728.0,403802.40625,403877.28125,406810.09375,406892.59375,406970.40625,,400241.78125,400802.78125,401253.90625,401590.90625
New Orleans - LA,570693.4375,568173.0,568542.4375,568760.375,569040.25,569245.9375,569438.75,569570.9375,569756.4375,569926.875,570092.3125,570227.125,570382.8125,570528.5,570667.5,570808.3125,571040.5625,571214.0,571392.0625,571567.625,571749.3125,571922.5,572101.0,572287.4375,572500.9375,572749.1875,573016.8125,573283.8125,573555.4375,573828.1875,574097.5,574360.3125,574630.125,574902.5625,575177.625,575455.0625,575737.9375,576015.3125,582133.75,582457.875,582782.25,,565502.0625,566421.0,567133.75,567761.625
New York - NY,7521550.0,7538455.0,7548729.0,7558800.0,7569246.0,7578520.0,7587602.0,7596297.0,7605631.0,7615229.0,7624507.0,7633662.0,7642736.0,7651871.0,7660848.0,7669826.0,7679116.0,7687944.0,7696834.0,7705700.0,7714522.0,7723295.0,7731981.0,7740602.0,7749432.0,7758425.0,7767433.0,7776618.0,7785824.0,7795010.0,7804060.0,7813103.0,7822271.0,7831347.0,7840403.0,7849443.0,7858625.0,7867645.0,7865528.0,7874019.0,7882682.0,,7481708.0,7501000.0,7515677.0,7528484.0
Norfolk - VA,832790.125,831190.8125,831746.5625,832256.0,832843.375,833312.9375,833765.1875,834187.3125,834645.0625,835118.5625,835602.1875,836066.3125,836505.9375,836958.125,837390.6875,837826.8125,838332.375,838778.375,839230.6875,839688.75,840120.5,840552.3125,840969.9375,841395.3125,841815.125,842260.6875,842710.1875,843173.375,843641.5,844104.8125,844562.0625,845018.125,845483.0,845947.3125,846402.125,846857.625,847318.4375,847772.5625,852060.5,852554.375,853047.75,,827261.25,828669.0,829698.4375,830612.4375
Northern New Jersey - NJ,1321715.0,1328999.0,1330378.0,1331613.0,1332772.0,1333686.0,1334536.0,1335364.0,1336156.0,1336972.0,1337835.0,1338691.0,1339494.0,1340302.0,1341039.0,1341778.0,1342511.0,1343171.0,1343826.0,1344486.0,1345094.0,1345683.0,1346233.0,1346785.0,1347330.0,1347886.0,1348432.0,1348977.0,1349516.0,1350068.0,1350617.0,1351180.0,1351734.0,1352276.0,1352805.0,1353322.0,1353840.0,1354359.0,1350345.0,1350902.0,1351452.0,,1320521.0,1322991.0,1325318.0,1327481.0
Northwest Arkansas - AR,318708.09375,317474.21875,318359.5,319167.3125,320032.09375,320833.1875,321598.0,322360.28125,323150.3125,323925.0,324695.8125,325469.09375,326258.0,327017.0,327775.375,328529.5,329363.5,330149.8125,330931.5,331703.78125,332535.3125,333353.40625,334174.0,335009.40625,335820.71875,336656.09375,337496.40625,338317.8125,339149.8125,339979.5,340815.3125,341645.59375,342479.0,343314.6875,344140.0,344964.5,345783.28125,346602.8125,350679.0,351518.875,352353.09375,,313826.125,314769.90625,315663.21875,316618.09375
Ocala - FL,123300.0,122849.1953125,122957.8984375,123056.296875,123168.1015625,123268.6015625,123368.8984375,123470.8046875,123594.203125,123718.296875,123838.3984375,123955.203125,124074.09375,124194.296875,124311.6015625,124422.3984375,124541.5,124656.6015625,124771.1015625,124883.796875,125010.0,125139.8984375,125264.6015625,125390.1015625,125516.296875,125647.1015625,125778.0,125908.3984375,126036.5,126165.6015625,126291.1015625,126419.0,126547.3984375,126674.3046875,126800.90625,126926.5,127053.203125,127177.6953125,128138.5078125,128268.09375,128398.1015625,,122139.296875,122393.703125,122581.203125,122733.8046875
Ogden - UT,306025.90625,305331.5,306032.09375,306668.3125,307349.21875,307983.875,308600.3125,309199.40625,309835.125,310481.59375,311125.3125,311764.8125,312414.0,313063.0,313710.5,314358.3125,315025.375,315674.40625,316318.78125,316958.59375,317637.59375,318322.5,319001.59375,319692.0,320365.5,321044.90625,321729.625,322402.8125,323081.21875,323757.1875,324433.1875,325106.40625,325784.0,326459.90625,327129.78125,327800.0,328471.3125,329141.28125,331185.40625,331852.0,332519.90625,,301810.40625,302924.71875,303807.59375,304631.0
Oklahoma City - OK,723131.75,722634.0,723598.0,724446.5,725452.5,726367.375,727264.375,728090.875,729005.0,729898.3125,730785.25,731680.4375,732542.4375,733419.0,734267.5625,735116.25,736130.625,737054.3125,737984.6875,738916.5,739830.875,740763.8125,741682.9375,742639.875,743528.0625,744467.125,745411.5,746347.6875,747307.3125,748252.5,749208.9375,750152.3125,751118.5,752079.25,753030.8125,753993.75,754953.5,755912.875,758423.0,759347.875,760276.9375,,716900.875,718747.375,720327.25,721661.1875
Omaha - NE,528681.8125,523035.875,523577.28125,524072.5625,524605.5,525045.0,525475.5625,525896.5,526363.6875,526826.8125,527282.5625,527749.0625,528246.5625,528742.125,529225.5625,529695.6875,530214.625,530689.5625,531164.6875,531639.5,532141.125,532642.1875,533136.125,533627.375,534144.5,534676.6875,535214.875,535761.125,536316.125,536863.75,537413.375,537965.5625,538525.0,539082.5625,539640.5,540197.5625,540759.8125,541317.375,548988.75,549508.1875,550031.8125,,519835.03125,520978.5,521812.0,522505.90625
Orange County - CA,1730884.0,1734654.0,1737536.0,1740148.0,1742655.0,1744852.0,1746989.0,1749083.0,1751185.0,1753293.0,1755454.0,1757505.0,1759585.0,1761634.0,1763678.0,1765802.0,1768048.0,1770249.0,1772438.0,1774651.0,1776851.0,1779055.0,1781255.0,1783548.0,1785893.0,1788239.0,1790606.0,1792954.0,1795299.0,1797655.0,1799997.0,1802363.0,1804720.0,1807064.0,1809417.0,1811773.0,1814132.0,1816473.0,1820834.0,1823217.0,1825598.0,,1718847.0,1723800.0,1727888.0,1731674.0
Orlando - FL,1509207.0,1519272.0,1524209.0,1529015.0,1533950.0,1538550.0,1543011.0,1547212.0,1551604.0,1555994.0,1560379.0,1564046.0,1567724.0,1571395.0,1575063.0,1578795.0,1582676.0,1586477.0,1590267.0,1594077.0,1597867.0,1601717.0,1605521.0,1609333.0,1613213.0,1617159.0,1621163.0,1625180.0,1629204.0,1633212.0,1637222.0,1641244.0,1645268.0,1649320.0,1653344.0,1657396.0,1661435.0,1665485.0,1667743.0,1671812.0,1675861.0,,1498517.0,1504377.0,1509448.0,1514496.0
Palm Beach - FL,712674.0,713405.5,714869.375,716272.375,717631.25,718919.1875,720200.375,721473.5625,722773.375,724093.3125,725388.625,726648.625,727910.375,729158.625,730427.8125,731702.5625,732965.875,734238.375,735509.0,736786.6875,738103.0625,739418.875,740731.3125,742067.375,743397.8125,744715.0,746041.8125,747361.5,748686.25,749996.0,751306.375,752623.4375,753947.1875,755267.25,756584.75,757898.0,759218.0625,760531.5,763592.0,764872.0,766153.5,,706147.0,708275.0625,710093.875,711878.125
Pensacola - FL,207630.296875,207358.0,207606.296875,207860.90625,208157.5,208433.59375,208707.3125,208977.203125,209281.796875,209589.90625,209893.09375,210183.703125,210471.6875,210757.59375,211035.90625,211304.203125,211580.40625,211847.703125,212111.890625,212374.5,212643.0,212915.6875,213179.390625,213452.390625,213732.0,214018.796875,214311.5,214603.0,214894.109375,215186.59375,215477.40625,215768.90625,216060.5,216355.109375,216645.5,216940.09375,217233.59375,217529.609375,218518.296875,218815.203125,219111.09375,,205975.40625,206465.0,206814.890625,207124.09375
Philadelphia - PA,3163708.0,3153559.0,3156921.0,3160193.0,3163762.0,3166733.0,3169604.0,3172249.0,3174804.0,3177321.0,3179782.0,3182095.0,3184381.0,3186773.0,3189038.0,3191278.0,3193575.0,3195693.0,3197820.0,3199941.0,3202155.0,3204306.0,3206377.0,3208596.0,3210862.0,3213206.0,3215534.0,3217905.0,3220279.0,3222651.0,3225004.0,3227348.0,3229732.0,3232067.0,3234416.0,3236737.0,3239093.0,3241397.0,3265779.0,3268189.0,3270646.0,,3133036.0,3140043.0,3145376.0,3150024.0
Phoenix - AZ,2497092.0,2510212.0,2517070.0,2523734.0,2530433.0,2536770.0,2543119.0,2549547.0,2555834.0,2562035.0,2568177.0,2574140.0,2580014.0,2585755.0,2591482.0,2597278.0,2603135.0,2608954.0,2614760.0,2620575.0,2626358.0,2632155.0,2637985.0,2643937.0,2649875.0,2655802.0,2661798.0,2667760.0,2673740.0,2679649.0,2685578.0,2691477.0,2697384.0,2703297.0,2709173.0,2715090.0,2720963.0,2726866.0,2737483.0,2743608.0,2749708.0,,2477424.0,2486550.0,2495043.0,2503130.0
Pittsburgh - PA,1193954.0,1184085.0,1184656.0,1185076.0,1185672.0,1186075.0,1186425.0,1186640.0,1186900.0,1187144.0,1187359.0,1187499.0,1187711.0,1187923.0,1188158.0,1188418.0,1188794.0,1189096.0,1189400.0,1189707.0,1190048.0,1190392.0,1190700.0,1191002.0,1191345.0,1191736.0,1192162.0,1192594.0,1193047.0,1193478.0,1193898.0,1194312.0,1194737.0,1195159.0,1195570.0,1195991.0,1196413.0,1196827.0,1206052.0,1206330.0,1206603.0,,1179460.0,1181196.0,1182499.0,1183544.0
Port St. Lucie - FL,179377.390625,178019.5,178396.5,178761.5,179158.5,179536.296875,179907.703125,180263.109375,180654.09375,181049.296875,181436.59375,181814.796875,182192.59375,182570.90625,182949.09375,183322.59375,183710.90625,184088.5,184463.0,184839.296875,185231.5,185628.09375,186020.59375,186410.703125,186806.109375,187206.09375,187607.796875,188004.5,188399.90625,188794.90625,189188.203125,189581.0,189972.3125,190363.296875,190750.90625,191137.6875,191523.5,191908.296875,194461.109375,194854.796875,195246.703125,,176165.890625,176738.5,177206.296875,177643.90625
Portland - ME,310679.90625,309961.09375,310258.40625,310503.90625,310770.28125,310998.40625,311221.8125,311418.90625,311657.0,311884.875,312105.28125,312326.375,312546.0,312762.375,312971.0,313178.09375,313426.59375,313645.6875,313866.09375,314077.5,314318.21875,314557.1875,314789.3125,315029.375,315274.6875,315534.78125,315796.125,316059.8125,316325.71875,316594.09375,316859.1875,317128.90625,317405.5,317676.78125,317948.40625,318214.5,318485.8125,318747.5,322808.40625,323140.6875,323476.90625,,308268.59375,308836.90625,309258.40625,309670.6875
Portland - OR,1255393.0,1263169.0,1265749.0,1268063.0,1270552.0,1272725.0,1274834.0,1276827.0,1278990.0,1281133.0,1283253.0,1285329.0,1287355.0,1289419.0,1291422.0,1293424.0,1295518.0,1297474.0,1299459.0,1301362.0,1303381.0,1305366.0,1307331.0,1309269.0,1311172.0,1313156.0,1315137.0,1317149.0,1319156.0,1321185.0,1323184.0,1325160.0,1327187.0,1329202.0,1331247.0,1333250.0,1335300.0,1337314.0,1334489.0,1336537.0,1338613.0,,1249581.0,1253664.0,1257257.0,1260523.0
Poughkeepsie - NY,144307.90625,145619.5,145704.40625,145789.703125,145887.09375,145952.796875,146016.296875,146059.59375,146132.703125,146209.203125,146280.5,146343.796875,146411.40625,146480.1875,146550.796875,146617.203125,146697.90625,146765.703125,146833.890625,146898.5,146962.40625,147028.703125,147091.09375,147154.203125,147221.796875,147295.0,147369.0,147444.390625,147522.40625,147601.5,147677.703125,147752.5,147831.203125,147910.90625,147991.0,148072.796875,148157.890625,148240.5,146396.8125,146445.09375,146495.609375,,145017.5,145310.0,145457.0,145558.5
Providence - RI,756182.125,762035.875,762719.75,763393.9375,764050.1875,764547.625,765057.5,765560.5,766127.6875,766688.1875,767183.75,767678.5,768149.75,768628.8125,769094.9375,769545.3125,770024.0,770461.1875,770901.6875,771332.25,771747.8125,772149.625,772538.0625,772915.5,773314.1875,773729.9375,774150.5,774581.75,775006.875,775415.25,775816.0,776213.625,776614.8125,777016.1875,777414.9375,777817.625,778218.3125,778619.0625,772787.75,773146.3125,773507.5,,757720.875,759131.875,760244.5,761255.8125
Provo - UT,321570.09375,324166.40625,325492.625,326715.5,327916.5,329062.0,330189.21875,331297.5,332432.71875,333579.5,334736.90625,335893.8125,337045.0,338197.375,339358.3125,340532.09375,341758.0,342966.625,344182.71875,345400.09375,346636.09375,347873.5,349110.1875,350376.1875,351627.6875,352892.59375,354167.21875,355433.28125,356708.59375,357989.59375,359273.28125,360560.5,361860.8125,363157.90625,364459.09375,365764.90625,367077.6875,368388.625,368152.59375,369460.375,370775.5,,318578.5,320040.40625,321419.59375,322838.59375
Raleigh - NC,759209.125,757753.625,759897.6875,761979.375,764162.0,766245.4375,768314.6875,770366.25,772446.75,774538.5625,776651.5,778701.625,780716.625,782723.0,784733.25,786749.375,788819.6875,790849.9375,792889.5625,794931.875,796933.625,798929.1875,800922.9375,802936.1875,804922.625,806930.8125,808962.0,810990.8125,813037.875,815076.0,817126.75,819170.3125,821227.3125,823292.3125,825349.8125,827418.0,829485.0,831556.1875,838953.625,841050.0,843147.25,,748429.6875,750983.875,753336.6875,755654.9375
Reading - PA,183487.703125,182636.703125,182774.59375,182882.90625,183024.203125,183141.90625,183254.703125,183347.3125,183457.703125,183563.09375,183665.796875,183753.59375,183857.296875,183958.296875,184062.5,184163.09375,184290.09375,184399.59375,184507.796875,184614.90625,184743.296875,184872.5,185000.0,185138.703125,185277.203125,185424.5,185578.5,185729.09375,185884.203125,186039.09375,186192.203125,186344.796875,186498.390625,186650.203125,186801.703125,186952.890625,187104.296875,187254.890625,188127.5,188261.09375,188395.703125,,181661.296875,182043.296875,182287.5,182494.59375
Reno - NV,276818.21875,276370.78125,277083.5,277809.59375,278533.375,279217.71875,279906.3125,280584.0,281242.625,281869.6875,282492.0,283051.6875,283584.28125,284072.375,284555.78125,285053.3125,285575.59375,286099.3125,286625.6875,287156.40625,287712.1875,288274.1875,288840.59375,289399.40625,289972.1875,290550.28125,291139.40625,291712.1875,292290.5,292864.90625,293441.3125,294020.125,294598.5,295180.21875,295758.90625,296342.09375,296923.1875,297507.59375,300177.625,300779.125,301378.375,,272811.71875,273900.5,274828.625,275642.09375
Richmond - VA,738506.3125,734808.4375,735855.25,736822.0,737838.3125,738724.1875,739594.8125,740421.375,741287.75,742168.5625,743077.5,743943.75,744784.5,745636.75,746472.6875,747317.5,748203.125,749049.625,749902.0,750754.875,751587.8125,752428.3125,753258.625,754097.0,754933.3125,755794.9375,756659.5,757525.6875,758386.875,759261.5,760126.3125,760993.5625,761867.625,762735.0,763602.1875,764469.5,765343.3125,766210.5625,772320.8125,773163.0625,774011.75,,729450.375,731142.375,732500.9375,733782.3125
Rochester - NY,541292.4375,540359.375,540731.0,541051.0,541405.6875,541642.1875,541834.125,541968.0625,542161.375,542352.8125,542539.1875,542676.875,542818.8125,542963.9375,543091.1875,543203.625,543349.6875,543444.5625,543538.875,543623.5,543733.8125,543843.375,543936.5625,544039.9375,544191.6875,544359.9375,544537.125,544718.3125,544901.0,545089.5,545276.125,545460.875,545649.1875,545844.5,546035.6875,546226.9375,546423.8125,546616.0625,547675.1875,547865.1875,548057.125,,538023.0625,538826.625,539457.8125,539992.0
Sacramento - CA,1113418.0,1118123.0,1120512.0,1122714.0,1124953.0,1126923.0,1128805.0,1130604.0,1132448.0,1134282.0,1136100.0,1137874.0,1139643.0,1141436.0,1143204.0,1144997.0,1146951.0,1148797.0,1150647.0,1152493.0,1154346.0,1156221.0,1158076.0,1159966.0,1161906.0,1163883.0,1165860.0,1167850.0,1169828.0,1171807.0,1173763.0,1175729.0,1177694.0,1179651.0,1181612.0,1183572.0,1185545.0,1187499.0,1190381.0,1192393.0,1194415.0,,1106986.0,1110272.0,1113086.0,1115771.0
Saint Louis - MO,1476659.0,1464673.0,1465792.0,1466818.0,1468019.0,1468974.0,1469873.0,1470708.0,1471561.0,1472404.0,1473217.0,1474031.0,1474815.0,1475574.0,1476281.0,1476983.0,1477746.0,1478424.0,1479100.0,1479780.0,1480446.0,1481061.0,1481651.0,1482299.0,1482996.0,1483696.0,1484406.0,1485100.0,1485815.0,1486512.0,1487219.0,1487903.0,1488616.0,1489324.0,1490032.0,1490745.0,1491467.0,1492173.0,1510382.0,1511209.0,1512047.0,,1457511.0,1459824.0,1461679.0,1463486.0
Salem - OR,186270.5,186340.296875,186679.390625,186985.703125,187340.1875,187652.796875,187950.609375,188233.5,188549.5,188864.90625,189167.890625,189468.09375,189760.296875,190058.0,190344.1875,190617.59375,190921.59375,191200.390625,191483.09375,191757.40625,192052.09375,192350.796875,192645.703125,192949.796875,193254.8125,193575.1875,193894.609375,194220.90625,194544.5,194871.59375,195194.796875,195517.703125,195845.0,196169.203125,196495.109375,196815.40625,197142.59375,197463.296875,197918.0,198241.0,198567.90625,,184681.390625,185182.5,185611.609375,186014.09375
Salinas - CA,149680.296875,149751.609375,150033.0,150291.5,150546.5,150764.6875,150970.5,151172.109375,151374.609375,151573.703125,151769.109375,151955.90625,152143.0,152322.296875,152497.296875,152679.90625,152883.1875,153073.703125,153262.890625,153451.796875,153649.703125,153846.5,154043.703125,154242.40625,154442.5,154644.296875,154847.203125,155049.8125,155250.90625,155455.5,155656.796875,155860.203125,156060.8125,156260.296875,156462.09375,156661.890625,156863.609375,157062.5,158160.40625,158376.296875,158592.703125,,148285.296875,148740.296875,149113.0,149460.40625
Salisbury - MD,174901.5,178105.796875,178432.609375,178723.796875,179065.59375,179383.296875,179693.09375,179979.796875,180306.203125,180628.5,180946.390625,181256.109375,181557.296875,181850.40625,182135.5,182415.203125,182727.796875,183012.796875,183294.40625,183572.296875,183863.09375,184155.0,184444.5,184737.203125,185029.6875,185335.6875,185646.109375,185956.890625,186269.703125,186582.203125,186893.59375,187206.296875,187519.203125,187830.90625,188138.0,188444.109375,188750.390625,189055.5,186215.703125,186514.609375,186812.5,,176477.90625,176980.390625,177387.296875,177775.09375
Salt Lake City - UT,854163.5,848753.125,850927.9375,852995.9375,855199.375,857273.9375,859336.5,861305.8125,863391.125,865470.8125,867573.9375,869642.25,871678.125,873693.9375,875699.5,877707.1875,879842.0,881843.0,883838.9375,885831.9375,887796.5625,889739.3125,891674.0,893655.375,895594.125,897580.0,899590.0625,901606.875,903643.3125,905663.0625,907689.25,909720.25,911766.5,913812.0,915859.9375,917923.0,919991.25,922067.8125,930608.1875,932602.8125,934604.9375,,838652.3125,841688.8125,844228.5625,846629.0625
San Antonio - TX,1209887.0,1207882.0,1210725.0,1213639.0,1216539.0,1219265.0,1221963.0,1224604.0,1227197.0,1229801.0,1232403.0,1234943.0,1237546.0,1240218.0,1242912.0,1245652.0,1248489.0,1251300.0,1254116.0,1256950.0,1259742.0,1262576.0,1265396.0,1268172.0,1270961.0,1273755.0,1276580.0,1279416.0,1282275.0,1285114.0,1287947.0,1290790.0,1293630.0,1296502.0,1299342.0,1302218.0,1305083.0,1307967.0,1316496.0,1319352.0,1322188.0,,1194191.0,1198393.0,1201880.0,1205074.0
San Diego - CA,1587507.0,1593138.0,1595703.0,1597986.0,1600494.0,1602667.0,1604777.0,1606782.0,1608967.0,1611139.0,1613281.0,1615337.0,1617373.0,1619393.0,1621380.0,1623396.0,1625614.0,1627730.0,1629832.0,1631911.0,1634062.0,1636242.0,1638401.0,1640548.0,1642778.0,1645056.0,1647357.0,1649673.0,1651970.0,1654273.0,1656532.0,1658823.0,1661103.0,1663389.0,1665675.0,1667952.0,1670245.0,1672510.0,1672552.0,1674717.0,1676880.0,,1579308.0,1584120.0,1587585.0,1590639.0
San Francisco - CA,1173824.0,1194276.0,1197038.0,1199618.0,1202240.0,1204713.0,1207060.0,1209384.0,1211795.0,1214223.0,1216700.0,1218931.0,1221135.0,1223335.0,1225553.0,1227809.0,1230161.0,1232459.0,1234753.0,1237067.0,1239375.0,1241711.0,1244042.0,1246352.0,1248721.0,1251076.0,1253467.0,1255819.0,1258189.0,1260547.0,1262914.0,1265297.0,1267663.0,1270036.0,1272403.0,1274782.0,1277154.0,1279525.0,1262452.0,1264778.0,1267101.0,,1180699.0,1184912.0,1188249.0,1191464.0
San Jose - CA,1175887.0,1187253.0,1189990.0,1192608.0,1195179.0,1197583.0,1199886.0,1202173.0,1204558.0,1206954.0,1209383.0,1211759.0,1214103.0,1216478.0,1218856.0,1221271.0,1223770.0,1226240.0,1228701.0,1231158.0,1233640.0,1236124.0,1238603.0,1241131.0,1243708.0,1246313.0,1248931.0,1251533.0,1254123.0,1256719.0,1259305.0,1261925.0,1264534.0,1267131.0,1269759.0,1272381.0,1275010.0,1277616.0,1270178.0,1272703.0,1275229.0,,1174746.0,1178456.0,1181438.0,1184500.0
Santa Barbara - CA,195060.890625,195086.296875,195310.5,195508.796875,195739.90625,195938.703125,196128.203125,196303.609375,196512.6875,196723.6875,196930.609375,197122.296875,197314.796875,197502.59375,197683.8125,197861.6875,198066.296875,198252.296875,198434.5,198614.59375,198810.890625,199013.90625,199209.390625,199405.203125,199608.90625,199820.6875,200036.0,200250.0,200463.109375,200681.703125,200896.5,201115.0,201330.90625,201548.09375,201763.703125,201979.40625,202196.109375,202410.796875,203055.796875,203275.609375,203494.0,,193711.390625,194207.796875,194554.203125,194861.5
Santa Rosa - CA,212196.203125,213727.59375,214085.203125,214385.1875,214726.390625,215032.890625,215326.296875,215603.296875,215914.90625,216227.40625,216527.890625,216816.703125,217101.59375,217375.703125,217636.90625,217895.796875,218182.5,218444.90625,218700.1875,218947.40625,219223.0,219496.796875,219768.09375,220040.40625,220328.296875,220628.40625,220935.8125,221241.5,221547.5,221855.1875,222161.0,222469.703125,222779.09375,223089.09375,223399.203125,223706.609375,224014.203125,224320.296875,224097.59375,224418.390625,224737.3125,,211736.890625,212375.90625,212897.59375,213354.09375
Sarasota - FL,355312.90625,353193.78125,353977.125,354750.6875,355515.09375,356202.21875,356867.875,357483.0,358145.59375,358810.6875,359476.28125,360113.40625,360750.6875,361403.1875,362058.28125,362715.40625,363422.90625,364103.5,364786.09375,365475.71875,366175.5,366891.28125,367600.40625,368315.1875,369041.5,369778.90625,370523.5,371267.3125,372014.90625,372757.375,373501.1875,374247.3125,374996.875,375747.3125,376495.09375,377246.875,377999.5,378752.40625,383113.40625,383822.125,384532.71875,,349767.90625,350759.40625,351598.0,352440.09375
Savannah - GA,210644.8125,210271.109375,210648.296875,210992.296875,211352.5,211665.5,211974.203125,212262.796875,212604.703125,212947.5,213283.09375,213614.109375,213945.796875,214270.0,214594.1875,214909.8125,215252.8125,215577.296875,215896.890625,216214.90625,216563.90625,216921.59375,217278.703125,217630.90625,217974.109375,218331.609375,218693.796875,219052.703125,219416.390625,219784.890625,220152.5,220523.296875,220895.296875,221269.703125,221640.90625,222011.90625,222384.40625,222755.90625,224999.0,225400.40625,225801.796875,,208433.5,208997.796875,209454.703125,209899.203125
Scranton - PA,274040.8125,273643.3125,273834.8125,273959.8125,274142.40625,274263.6875,274372.1875,274448.90625,274537.59375,274619.375,274682.5,274730.09375,274802.0,274871.09375,274935.21875,275001.8125,275101.09375,275171.5,275242.09375,275308.90625,275415.5,275521.09375,275622.40625,275729.3125,275838.71875,275959.90625,276081.78125,276199.3125,276321.1875,276444.0,276565.625,276687.8125,276813.8125,276937.71875,277060.3125,277180.5,277301.5,277418.625,277785.8125,277895.28125,278006.0,,272195.59375,272727.21875,273115.90625,273440.875
Seattle - WA,2185376.0,2197436.0,2202804.0,2208034.0,2213257.0,2218217.0,2223038.0,2227895.0,2232764.0,2237660.0,2242557.0,2247309.0,2251951.0,2256524.0,2261200.0,2265922.0,2270581.0,2275266.0,2279950.0,2284655.0,2289358.0,2294054.0,2298761.0,2303448.0,2308276.0,2313066.0,2317934.0,2322787.0,2327667.0,2332502.0,2337371.0,2342243.0,2347107.0,2351982.0,2356839.0,2361717.0,2366602.0,2371506.0,2359494.0,2364107.0,2368685.0,,2172065.0,2179157.0,2185746.0,2191941.0
Shreveport - LA,178632.703125,179549.609375,179560.703125,179528.5,179526.09375,179496.3125,179468.3125,179421.5,179391.5,179361.796875,179331.09375,179290.890625,179264.890625,179237.0,179201.296875,179165.296875,179152.5,179118.703125,179084.703125,179045.5,179021.8125,178995.890625,178966.40625,178935.5,178915.6875,178907.0,178903.0,178904.09375,178903.59375,178904.0,178901.09375,178895.796875,178892.90625,178891.0,178890.390625,178891.09375,178893.90625,178895.703125,175862.0,175788.890625,175718.40625,,178891.796875,179233.59375,179416.0,179523.296875
Spokane - WA,277057.3125,279551.78125,279928.8125,280253.0,280584.28125,280864.8125,281132.0,281376.8125,281685.21875,281991.6875,282293.0,282574.1875,282850.40625,283123.09375,283395.6875,283663.78125,283955.1875,284222.0,284483.5,284742.40625,285037.125,285338.0,285630.1875,285916.40625,286228.40625,286552.3125,286879.59375,287209.5,287537.6875,287863.8125,288184.28125,288505.8125,288827.78125,289146.0,289459.0,289769.40625,290082.40625,290390.5,288866.40625,289187.28125,289508.5,,277604.8125,278209.59375,278726.71875,279185.78125
Springfield - MA,285605.09375,287803.09375,288047.09375,288255.3125,288517.5,288729.1875,288933.8125,289119.125,289351.09375,289584.0,289796.5,290001.90625,290197.0,290395.125,290577.5,290749.6875,290952.78125,291112.90625,291275.5,291430.375,291612.09375,291786.40625,291953.875,292120.09375,292288.90625,292472.5,292653.09375,292841.0,293025.0,293203.09375,293371.875,293535.8125,293704.71875,293866.21875,294025.59375,294179.0,294335.90625,294484.40625,291100.3125,291232.5,291366.90625,,286241.3125,286775.375,287195.59375,287557.71875
Springfield - MO,241330.59375,240647.0,240990.40625,241290.890625,241621.59375,241910.40625,242181.796875,242426.109375,242710.0,242996.40625,243273.5,243537.09375,243798.796875,244054.59375,244304.703125,244552.90625,244819.390625,245063.296875,245301.296875,245536.890625,245803.203125,246066.40625,246323.0,246585.796875,246853.5,247134.40625,247422.109375,247711.0,248003.0,248298.0,248589.0,248883.609375,249180.296875,249478.390625,249772.203125,250068.296875,250363.40625,250657.203125,252617.0,252932.6875,253246.90625,,239015.90625,239515.703125,239898.296875,240302.796875
Stamford - CT,442849.90625,442675.40625,442798.3125,442834.0,442933.6875,442965.3125,442976.71875,442958.59375,442997.90625,443024.1875,443028.90625,443029.3125,443009.0,442984.1875,442944.09375,442901.625,442921.5,442897.09375,442869.6875,442834.59375,442798.0,442754.0,442696.8125,442631.40625,442591.40625,442569.875,442561.1875,442550.28125,442546.0,442538.40625,442530.90625,442512.6875,442493.90625,442478.78125,442455.8125,442432.40625,442408.0,442382.375,442824.3125,442765.59375,442704.71875,,441413.6875,441876.59375,442251.5,442533.90625
Stockton - CA,291145.8125,284668.90625,285188.8125,285679.59375,286167.21875,286601.28125,287022.1875,287430.125,287856.125,288273.1875,288689.3125,289097.6875,289501.5,289906.5,290305.5,290712.71875,291157.40625,291578.71875,292002.5,292422.5,292849.0,293276.78125,293698.5,294117.8125,294539.40625,294972.5,295406.0,295848.125,296285.1875,296720.875,297150.375,297584.40625,298018.3125,298449.1875,298881.28125,299312.28125,299745.21875,300172.6875,310306.625,310801.0,311296.90625,,282251.59375,282957.21875,283554.40625,284156.90625
Syracuse - NY,322352.59375,322513.0,322565.40625,322578.1875,322624.3125,322622.8125,322609.8125,322557.5,322516.375,322478.40625,322445.0,322383.90625,322316.09375,322251.0,322174.5,322103.5,322069.40625,321998.1875,321927.09375,321851.40625,321771.0,321691.59375,321605.09375,321524.5,321462.8125,321418.40625,321386.8125,321361.5,321340.5,321323.90625,321305.0,321287.5,321273.71875,321262.78125,321250.21875,321240.0,321233.78125,321227.21875,321334.40625,321331.09375,321327.0,,321653.8125,322081.59375,322328.875,322479.40625
Tallahassee - FL,205003.40625,203572.0,203810.0,204010.296875,204243.5,204446.796875,204631.609375,204817.59375,205021.8125,205226.5,205431.703125,205631.390625,205822.40625,206012.203125,206194.59375,206370.40625,206565.3125,206737.796875,206906.796875,207076.5,207254.59375,207433.90625,207607.09375,207778.59375,207955.09375,208137.796875,208325.609375,208513.3125,208701.703125,208890.90625,209079.796875,209270.296875,209460.203125,209651.796875,209840.8125,210033.59375,210225.296875,210416.90625,212318.890625,212513.90625,212707.5,,202352.203125,202742.703125,203048.59375,203331.703125
Tampa - FL,1585220.0,1582939.0,1585788.0,1588364.0,1590956.0,1593399.0,1595751.0,1598013.0,1600294.0,1602673.0,1605053.0,1607366.0,1609788.0,1612170.0,1614651.0,1617194.0,1619729.0,1622286.0,1624815.0,1627371.0,1629984.0,1632606.0,1635215.0,1637893.0,1640569.0,1643235.0,1645950.0,1648619.0,1651320.0,1654010.0,1656703.0,1659426.0,1662147.0,1664880.0,1667598.0,1670333.0,1673069.0,1675808.0,1692730.0,1695605.0,1698495.0,,1568094.0,1572651.0,1576433.0,1579976.0
Toledo - OH,310851.09375,312182.3125,312318.6875,312399.09375,312509.5,312554.59375,312580.8125,312560.90625,312565.40625,312573.21875,312580.59375,312569.6875,312569.5,312569.625,312561.09375,312555.78125,312604.3125,312603.78125,312601.28125,312595.5,312594.90625,312592.28125,312582.5,312566.8125,312579.3125,312609.59375,312646.5,312683.6875,312722.8125,312767.6875,312806.3125,312845.3125,312886.5,312931.5,312971.59375,313014.59375,313057.90625,313099.0,311781.5,311812.1875,311842.8125,,311170.6875,311576.0,311850.5,312071.6875
Trenton - NJ,298988.1875,298747.8125,299227.0,299658.6875,300130.3125,300557.40625,300962.8125,301351.5,301788.6875,302233.5,302680.125,303116.59375,303530.5,303942.5,304343.09375,304735.0,305155.59375,305538.09375,305919.59375,306295.8125,306689.3125,307080.28125,307462.71875,307848.3125,308231.90625,308631.90625,309031.3125,309435.5,309839.59375,310249.6875,310654.6875,311066.3125,311481.8125,311895.90625,312311.0,312722.28125,313138.0,313550.40625,315036.40625,315467.40625,315899.8125,,296438.5,297120.90625,297727.28125,298289.0
Tucson - AZ,409738.71875,410610.0,411209.5,411724.09375,412258.09375,412711.90625,413159.0,413571.1875,414009.71875,414443.90625,414866.40625,415256.71875,415666.09375,416083.40625,416493.0,416915.8125,417424.0,417876.3125,418334.59375,418792.59375,419257.375,419724.625,420184.90625,420648.0,421113.3125,421599.6875,422094.5,422580.0,423071.1875,423558.28125,424047.5,424528.40625,425015.5,425499.78125,425979.09375,426460.59375,426938.375,427413.3125,429429.28125,429940.5,430450.0,,407461.21875,408442.1875,409242.8125,410010.59375
Tulsa - OK,484998.8125,486151.5,486690.0,487112.0,487702.90625,488216.625,488707.875,489133.40625,489622.71875,490107.21875,490563.1875,491000.5,491459.0,491909.0,492337.1875,492774.59375,493309.375,493777.5,494241.78125,494689.09375,495174.1875,495661.71875,496140.90625,496588.59375,497004.0,497452.5,497913.09375,498362.90625,498828.625,499285.5,499750.40625,500201.90625,500662.5,501127.40625,501587.59375,502050.1875,502514.8125,502978.78125,502462.875,502881.28125,503298.875,,482350.3125,483624.0,484687.28125,485582.6875
Vallejo-Fairfield - CA,146391.90625,147783.203125,148073.0,148335.203125,148590.1875,148813.90625,149034.296875,149242.796875,149463.0,149681.0,149896.296875,150099.796875,150307.40625,150514.0,150717.1875,150924.390625,151158.203125,151376.5,151595.0,151812.8125,152039.703125,152270.0,152498.59375,152720.0,152959.109375,153204.09375,153450.890625,153700.109375,153950.1875,154201.59375,154449.703125,154697.0,154945.203125,155193.203125,155442.703125,155691.0,155942.703125,156190.59375,155121.703125,155352.59375,155584.90625,,146329.09375,146777.09375,147158.796875,147498.09375
Ventura - CA,322361.78125,324204.8125,324645.8125,325060.59375,325464.0,325809.6875,326157.90625,326478.09375,326827.0,327177.625,327531.40625,327855.0,328159.5,328468.8125,328761.5,329059.0,329387.0,329688.8125,329989.59375,330286.28125,330557.3125,330829.3125,331092.8125,331360.0,331657.09375,331962.5,332274.0,332591.0,332904.21875,333214.1875,333517.5,333818.21875,334117.09375,334414.5,334713.09375,335012.59375,335313.375,335611.5,335151.3125,335461.3125,335767.40625,,321723.6875,322546.21875,323233.625,323779.375
Visalia - CA,146215.109375,146827.703125,147111.09375,147380.0,147656.40625,147901.203125,148137.6875,148371.59375,148620.796875,148867.296875,149110.796875,149348.609375,149584.0,149814.5,150041.390625,150265.296875,150504.296875,150731.59375,150956.40625,151177.90625,151414.09375,151649.5,151883.703125,152123.59375,152368.390625,152616.296875,152863.296875,153106.5,153347.203125,153587.40625,153821.703125,154054.59375,154286.296875,154515.5,154743.890625,154969.5,155196.0,155418.390625,157264.890625,157543.5,157822.09375,,145418.703125,145862.0,146213.0,146542.09375
Washington - DC,3431763.0,3445079.0,3449857.0,3454369.0,3458968.0,3463234.0,3467399.0,3471480.0,3475503.0,3479674.0,3483927.0,3488077.0,3492218.0,3496312.0,3500506.0,3504819.0,3509133.0,3513398.0,3517641.0,3521910.0,3525971.0,3529955.0,3533906.0,3537858.0,3541794.0,3545749.0,3549771.0,3553728.0,3557730.0,3561708.0,3565701.0,3569689.0,3573684.0,3577705.0,3581703.0,3585730.0,3589754.0,3593797.0,3587445.0,3591325.0,3595204.0,,3417730.0,3426926.0,3433893.0,3440106.0
Wichita - KS,317942.1875,318617.0,318707.625,318778.28125,318889.3125,318965.40625,319032.1875,319087.875,319171.21875,319243.8125,319309.5,319386.5,319458.59375,319538.3125,319607.0,319670.09375,319774.09375,319848.3125,319926.78125,319998.8125,320074.3125,320146.90625,320215.21875,320292.375,320368.40625,320464.59375,320561.40625,320660.40625,320758.21875,320856.6875,320948.3125,321032.90625,321122.5,321210.90625,321297.0,321382.8125,321471.40625,321550.90625,322010.3125,322114.0,322219.78125,,317698.6875,318101.28125,318351.40625,318532.90625
Winston-Salem - NC,280944.78125,281196.0,281465.21875,281706.375,281975.59375,282220.3125,282450.71875,282672.21875,282903.09375,283137.09375,283377.90625,283615.8125,283843.28125,284073.21875,284314.6875,284559.8125,284822.90625,285074.875,285330.40625,285582.0,285837.875,286097.6875,286348.78125,286590.78125,286812.0,287044.40625,287284.5,287530.59375,287776.5,288021.0,288265.40625,288508.59375,288752.6875,288999.125,289243.1875,289492.09375,289739.5,289988.0,291664.78125,291933.28125,292200.1875,,279627.5,280137.78125,280529.6875,280909.78125
Worcester - MA,417571.40625,418411.5,418942.8125,419413.78125,419919.59375,420332.78125,420734.1875,421093.40625,421530.5,421965.5,422379.78125,422775.78125,423167.90625,423576.5,423972.40625,424362.21875,424817.1875,425216.1875,425618.71875,426013.3125,426409.3125,426805.3125,427192.8125,427581.0,427985.90625,428413.40625,428841.40625,429275.21875,429706.78125,430128.90625,430543.90625,430949.1875,431360.90625,431766.6875,432175.0,432577.78125,432985.28125,433385.09375,434281.09375,434681.3125,435083.40625,,415790.8125,416576.28125,417285.09375,417909.59375
York - PA,196481.203125,196897.09375,197074.296875,197228.609375,197436.5,197615.09375,197795.296875,197952.609375,198149.40625,198337.5,198509.59375,198666.5,198831.09375,198994.59375,199158.09375,199310.703125,199478.609375,199631.0,199783.703125,199931.3125,200089.5,200243.609375,200396.8125,200553.5,200713.890625,200884.90625,201058.109375,201223.90625,201391.5,201556.390625,201719.296875,201876.203125,202035.90625,202196.5,202354.203125,202509.09375,202665.203125,202817.5,202570.609375,202720.203125,202871.5,,195936.90625,196247.609375,196491.296875,196730.703125
Youngstown - OH,212578.0,213574.703125,213486.40625,213374.796875,213304.3125,213209.203125,213107.609375,212982.703125,212880.796875,212775.296875,212666.703125,212546.40625,212433.0,212317.0,212197.296875,212069.203125,211958.6875,211822.59375,211681.109375,211534.109375,211412.203125,211288.296875,211157.0,211027.796875,210915.296875,210814.1875,210718.3125,210619.203125,210522.09375,210428.703125,210335.0,210242.59375,210152.203125,210064.296875,209973.40625,209883.609375,209791.796875,209698.703125,208333.203125,208231.90625,208129.390625,,213537.703125,213625.5,213646.109375,213651.390625
