Market,2015 Q2,2015 Q3,2015 Q4,2016 Q1,2016 Q2,2016 Q3,2016 Q4,2017 Q1,2017 Q2,2017 Q3,2017 Q4,2018 Q1,2018 Q2,2018 Q3,2018 Q4,2019 Q1,2019 Q2,2019 Q3,2019 Q4,2020 Q1,2020 Q2,2020 Q3,2020 Q4,2021 Q1,2021 Q2,2021 Q3,2021 Q4,2022 Q1,2022 Q2,2022 Q3,2022 Q4,2023 Q1,2023 Q2,2023 Q3,2023 Q4,2024 Q1,2024 Q2,2024 Q3,2024 Q4,2025 Q1,2025 Q2 QTD,2025 Q2 EST,2025 Q3,2025 Q4,2026 Q1,2026 Q2,2026 Q3,2026 Q4,2027 Q1,2027 Q2,2027 Q3,2027 Q4,2028 Q1,2028 Q2,2028 Q3,2028 Q4,2029 Q1,2029 Q2,2029 Q3,2029 Q4,2030 Q1,2030 Q2,2030 Q3,2030 Q4,2031 Q1,2031 Q2,2031 Q3,2031 Q4,2032 Q1,2032 Q2,2032 Q3,2032 Q4,2033 Q1,2033 Q2,2033 Q3,2033 Q4,2034 Q1,2034 Q2,2034 Q3,2034 Q4,2035 Q1,2035 Q2
Akron - OH,34598,34917,34917,35153,35153,35335,35446,35446,35436,35628,35628,35678,35678,35648,35648,35624,35792,35792,35864,36122,36104,36104,36104,36302,36626,36800,36800,36900,37039,37086,37236,37236,37334,37365,37649,37649,37995,37995,37995,38011,38011,38114,38112,38110,38108,38105,38105,38164,38183,38207,38237,38270,38305,38343,38381,38421,38462,38503,38545,38586,38628,38670,38712,38755,38797,38839,38881,38923,38965,39007,39049,39091,39133,39175,39217,39259,39301,39343,39385,39427,39469,39511
Albany - NY,46152,46551,47067,48093,48328,48433,48840,49618,50042,50198,50876,50882,51162,51467,51840,52330,52414,52464,52464,53001,53611,53754,54293,54632,54746,54783,55045,55397,55397,55766,56106,56725,56891,56987,57064,57240,57539,58062,58276,58625,58625,58947,58945,59086,59083,59149,59216,59279,59428,59529,59646,59775,59915,60063,60216,60374,60536,61028,61193,61360,61528,61696,61864,62033,62202,62371,62539,62708,62877,63045,63214,63382,63550,63718,63886,64054,64221,64389,64557,64724,64892,65060
Albuquerque - NM,51116,51509,52094,52128,52156,52385,52416,52485,52485,52318,52364,52433,52659,52659,52728,52855,52855,52980,52980,53038,53012,53012,53382,53390,53534,53636,53636,53636,53636,53636,53662,53677,53883,54372,55004,55753,55991,55991,56192,56217,56237,56446,56916,56914,57244,57568,57565,57699,57972,58059,58166,58287,58421,58566,58718,58877,59042,59212,59384,59560,59738,59918,60099,60282,60466,60651,60836,61023,61210,61397,61585,61773,61961,62150,62339,62528,62717,62907,63097,63286,63477,63667
Anchorage - AK,12814,12814,12814,12814,12814,12866,12866,12866,12866,12899,12899,12979,12990,12990,12990,12990,12990,12990,13040,13040,13040,12976,12976,12976,12976,13016,13016,13016,12995,12995,12995,13006,13006,13006,13006,13054,13091,13095,13071,13071,13071,13071,13070,13070,13069,13068,13067,13067,13066,13066,13067,13068,13070,13072,13074,13077,13079,13082,13085,13088,13091,13094,13097,13100,13103,13106,13110,13113,13116,13119,13122,13125,13129,13132,13135,13138,13141,13144,13148,13151,13154,13157
Asheville - NC,12565,12894,12894,13086,13086,13122,13290,13278,13590,14157,14976,15038,15038,15797,16153,16153,16321,16321,16663,17312,17603,17716,17716,18164,18372,18932,19194,19194,19676,20009,20102,20405,20701,20701,20903,20903,21491,21667,21667,22147,22646,22918,23544,23842,24272,24486,24670,24799,25191,25290,25407,25539,25682,25834,25993,26157,26326,26498,26672,26847,27024,27201,27379,27557,27736,27915,28093,28272,28451,28629,28808,28986,29164,29343,29521,29699,29877,30055,30233,30411,30588,30766
Atlanta - GA,404529,407142,408671,409841,412522,414420,416347,418880,422802,425477,428367,430459,431614,434492,435665,439478,442436,444618,447038,449981,452802,459268,461536,464791,466180,467712,469808,471644,474336,478962,484292,487609,495142,499478,505463,511357,520072,525988,530902,535991,537168,539804,542410,544199,546181,548060,549635,551415,552190,553512,554820,556318,558250,560037,561925,563892,566174,568234,570319,572418,574526,576639,578754,580869,582985,585101,587219,589339,591457,593571,595681,597787,599888,601986,604079,606169,608255,610339,612420,614497,616573,618651
Augusta - GA,23350,23372,23422,23842,23842,24094,24094,24094,24094,24492,24492,24492,24772,24772,24804,25032,25513,25625,25625,25625,25625,25929,25938,26486,26486,26641,27155,27617,28034,28324,28912,29024,29099,29409,29409,29948,30368,30877,31019,31488,31488,31488,31487,31486,31796,31794,31791,31814,31856,31912,31979,32054,32137,32224,32316,32411,32508,32607,32708,32809,32911,33013,33116,33219,33322,33425,33528,33631,33735,33838,33941,34044,34146,34249,34352,34454,34557,34660,34762,34865,34967,35070
Austin - TX,183422,185635,187423,190013,192239,194435,198077,200123,201074,205006,208472,209361,212353,214699,215753,218372,220336,222470,226141,229689,233017,234948,238556,241054,243350,246155,250337,254861,258172,261542,264792,268168,273985,280659,286014,294802,302363,312373,317876,321484,323042,325494,328080,330290,332274,334215,336031,338032,340187,342623,345007,346448,348184,350159,352320,354626,357042,359539,362094,364687,367306,369938,372577,375220,377863,380502,383135,385762,388380,390989,393591,396183,398765,401336,403896,406445,408985,411515,414037,416550,419055,421554
Bakersfield - CA,23895,23895,23895,23895,24108,24108,24222,24286,24286,24286,24286,24286,24286,24286,24286,24286,24286,24286,24430,24470,24899,24899,24899,25054,25510,25688,25688,25688,25688,25688,25688,25737,25737,25745,25745,25839,26039,26180,26180,26180,26180,26180,26179,26406,26405,26403,26446,26444,26489,26496,26510,26529,26551,26577,26606,26636,26668,26700,26734,26769,26804,26839,26875,26911,26947,26983,27020,27057,27093,27130,27167,27204,27240,27277,27314,27351,27388,27425,27462,27499,27536,27573
Baltimore - MD,185326,186257,186510,187110,187643,188107,189200,189671,190350,192676,193306,195024,195826,196499,196864,197631,198142,198715,199617,201410,202785,203380,203465,204434,204646,204868,205191,205398,205623,205877,206371,207052,209091,209711,210084,211209,212661,213827,214261,214933,214933,215456,215645,216046,216503,216917,217132,217407,218102,218495,218927,219389,219878,220389,220920,221469,222032,222608,223196,223792,224397,225007,225625,226248,226877,227510,228147,228787,229430,230074,230721,231367,232015,232664,233315,233967,234619,235273,235927,236583,237239,237897
Baton Rouge - LA,35931,36039,36102,36373,36704,36898,36965,37241,37365,37589,37589,38235,38589,38589,39569,39605,39820,40304,40304,40580,40580,40790,40790,40822,41092,41247,41247,41187,41356,41580,41590,41722,41722,42021,42741,42749,43557,44014,44116,44168,44168,44500,44499,44657,44653,44990,44986,45111,45158,45222,45298,45384,45479,45579,45684,45792,45904,46017,46132,46248,46365,46482,46600,46718,46836,46954,47072,47190,47308,47426,47544,47662,47780,47897,48015,48132,48250,48367,48484,48602,48719,48836
Beaumont - TX,16986,17066,17034,17034,17034,17034,17034,17034,17034,17034,17034,17034,17034,17034,17034,17034,17034,17084,17084,17370,17468,17468,17468,17468,17468,17468,17688,18154,18311,18311,18311,18321,18331,18536,18536,18536,18536,18644,18644,18644,18644,18644,18643,18642,18642,18641,18640,18641,18645,18651,18658,18667,18676,18686,18697,18708,18720,18732,18744,18757,18769,18782,18795,18808,18821,18834,18848,18861,18874,18888,18901,18914,18928,18941,18955,18968,18982,18995,19009,19022,19036,19049
Birmingham - AL,58601,58856,59300,59806,59820,60761,60904,61057,61188,61188,61188,61188,61188,61188,61188,61196,61252,61252,61212,61354,61684,61684,62005,62263,62299,62758,62972,63258,63465,63531,63821,64239,64321,64811,65415,65535,66115,66392,66366,66366,66462,67066,67220,67716,67710,68452,68447,68751,68817,68907,69014,69135,69268,69408,69556,69709,69865,70025,70186,70349,70513,70678,70843,71009,71175,71341,71507,71673,71839,72004,72170,72336,72501,72666,72831,72997,73162,73326,73491,73656,73821,73986
Boise - ID,21281,21639,21639,21639,22017,22113,22554,22817,23055,23514,23676,24242,24755,25277,25705,26347,27515,27686,28022,29332,29524,30503,30796,31749,32263,32801,33163,33828,34454,35170,35699,36168,37654,38475,38917,39033,40695,41728,41879,42177,42265,42615,42614,42612,42874,42871,42891,43189,43267,43773,43922,44122,44360,44629,44922,45234,45560,45898,46245,46598,46956,47319,47685,48053,48424,48796,49169,49544,49919,50295,50672,51049,51426,51804,52182,52560,52938,53316,53695,54074,54453,54832
Boston - MA,207134,209987,210522,211446,212913,214198,216731,217666,221290,224079,225769,228327,231812,232811,234183,235127,237155,239687,242181,245371,247696,251529,253820,255223,258164,260448,261954,262521,264541,266511,268433,270756,271701,275177,277183,278968,281061,282481,284611,285816,286167,287472,289146,290811,293480,295098,296881,298436,300114,301846,302931,303920,305106,306451,307925,309501,311158,312879,314650,316458,318294,320152,322026,323910,325800,327694,329589,331483,333377,335266,337152,339035,340914,342788,344657,346522,348382,350240,352093,353944,355791,357634
Brownsville-Harlingen - TX,9037,9157,9196,9346,9346,9426,9580,9596,9596,9626,9706,9794,9906,9906,9971,9971,9999,9999,10015,10015,10095,10095,10095,10215,10215,10215,10401,10417,10429,10429,10465,10698,10698,10704,10704,10751,10751,10951,10951,10951,10951,10951,10950,10950,10949,10949,10948,10950,10953,10958,10964,10971,10978,10987,10995,11004,11014,11024,11034,11044,11054,11064,11075,11085,11096,11107,11117,11128,11139,11150,11160,11171,11182,11193,11204,11215,11226,11237,11247,11258,11269,11280
Buffalo - NY,39169,39559,39587,39766,39940,40415,40568,40909,41212,41550,41599,41655,41993,42014,42253,42312,42906,43127,43306,43338,43527,43792,44119,44453,44746,44846,45302,45426,45468,45698,46008,46143,46143,46181,46939,46970,47074,47673,47805,47823,47823,48016,48164,48162,48257,48277,48570,48674,49036,49529,49637,49757,49887,50023,50165,50311,50460,50612,50765,50919,51074,51230,51385,51541,51697,51853,52009,52165,52321,52477,52632,52788,52943,53099,53254,53409,53564,53719,53874,54029,54184,54339
Canton - OH,12463,12463,12463,12702,12692,12692,12692,12740,12740,12788,12788,12788,12788,12788,12788,12788,12788,12788,12788,12788,12788,12788,12788,12788,12965,12965,12965,13058,13058,13058,13058,13058,13058,13058,13058,13058,13058,13111,13111,13111,13111,13111,13110,13109,13108,13108,13107,13107,13107,13108,13109,13110,13112,13114,13115,13117,13119,13121,13123,13124,13126,13128,13130,13132,13134,13136,13138,13140,13141,13143,13145,13147,13149,13151,13153,13154,13156,13158,13160,13162,13164,13165
Charleston - SC,40865,42137,42427,42427,42723,43359,44040,44823,46717,47807,48695,49752,50068,51073,51834,52428,53058,53279,53902,54916,55675,56966,57636,58332,59510,61069,61937,62331,62667,63689,64870,65420,66205,66931,67863,69305,70587,72477,73558,74471,75329,75931,76105,76450,76466,76765,76831,77427,77613,77862,78159,78493,78856,79242,79645,80063,80491,80926,81368,81813,82261,82711,83163,83615,84068,84522,84975,85429,85882,86335,86788,87240,87693,88145,88597,89048,89500,89951,90403,90854,91305,91757
Charlotte - NC,137852,140466,142880,143979,146501,147385,148717,150224,152807,155447,157599,158914,161467,163364,165877,167071,168752,170514,172047,173847,175963,179565,182178,183937,186527,190725,192787,194080,195999,199285,201561,205196,207643,211758,214961,218998,222640,226731,232233,236757,237753,240995,244382,247209,250098,252346,254413,256503,258626,260740,261948,263360,264939,266654,268477,270386,272362,274385,276443,278523,280617,282717,284820,286921,289018,291109,293192,295266,297330,299384,301427,303456,305474,307479,309475,311465,313444,315413,317373,319325,321269,323204
Chattanooga - TN,20863,21111,21398,21495,21503,21503,21558,21844,21980,22150,22683,22683,22799,23168,23218,23501,23691,23691,23991,24208,24896,25151,25248,25267,25438,25438,25601,25795,25936,26536,26694,26744,27212,27609,27609,28169,28509,29310,29771,30292,30292,30344,30502,30501,30498,30556,30554,30586,30646,30726,30821,31328,31444,31568,31697,31831,31968,32108,32249,32392,32536,32680,32825,32970,33115,33261,33406,33552,33697,33842,33988,34133,34278,34423,34568,34713,34857,35002,35147,35292,35436,35581
Chicago - IL,487917,489390,490342,492342,494670,497793,499028,500716,503790,506783,508224,509437,511278,514466,517776,519815,523309,524801,526959,530956,534626,536396,537193,539034,542162,544806,546641,548764,549733,551550,552691,555390,559625,561190,563504,566670,569858,571607,572330,573524,573969,575161,576508,577830,578832,580216,581267,582938,584929,586497,588341,590069,591865,593707,595584,597486,599401,601326,603256,605188,607119,609050,610979,612906,614832,616754,618675,620594,622510,624423,626334,628242,630148,632053,633955,635855,637755,639653,641550,643446,645341,647236
Cincinnati - OH,123328,123841,124159,125632,126073,126755,127233,127573,128360,128646,128993,128981,129576,130016,130147,130153,130375,130567,131021,131826,132655,132995,133385,133679,134192,133915,134287,134414,134977,136020,136532,137547,138487,140210,140592,141260,142695,143523,144360,144831,145311,146074,146920,147807,148420,149144,149146,149706,150387,150750,151176,151648,152152,152679,153222,153774,154332,154892,155450,156006,156558,157104,157644,158177,158704,159225,159739,160246,160747,161242,161730,162213,162690,163162,163629,164093,164553,165009,165461,165910,166355,166799
Cleveland - OH,121738,122532,123190,123357,123357,123905,124090,124275,124688,125101,125793,125793,126303,127261,127320,127345,127627,127799,128388,128620,128913,129714,130083,130181,130406,130430,130611,131057,131168,131929,132455,132838,134127,134439,134806,135138,135574,136230,136647,137334,137334,137965,138755,139183,139571,139826,139820,139972,140028,140128,140263,140426,140613,140820,141044,141282,141532,141791,142059,142333,142614,142898,143187,143481,143778,144078,144380,144685,144992,145301,145612,145923,146236,146550,146865,147181,147499,147818,148137,148457,148778,149099
Colorado Springs - CO,40127,40147,40435,40468,40468,40636,40914,41223,41223,41489,42025,42025,42073,42251,42251,42601,42913,42913,43259,43680,44112,44716,45264,45255,45245,45438,45438,45438,45932,46493,46749,48014,48914,49635,50009,51500,53696,55246,56071,56524,56524,56738,57020,57294,57585,57808,57974,58056,58421,58638,58901,59201,59531,59886,60261,60652,61056,61471,61895,62326,62762,63203,63648,64096,64546,64999,65454,65911,66369,66828,67289,67750,68211,68674,69137,69601,70065,70529,70995,71460,71926,72393
Columbia - SC,36009,36009,36009,36531,36771,37195,37195,37195,36720,36720,36720,37108,37459,37663,37948,38078,38264,38264,38408,38664,38722,38838,38838,38958,38958,38990,38990,38990,39281,39380,39408,39408,39660,39963,39963,40533,41012,41068,41132,41132,41132,41267,41266,41632,41988,42292,42288,42551,42836,42912,43002,43103,43214,43332,43455,43583,43714,43847,43982,44118,44255,44393,44531,44670,44808,44947,45086,45225,45363,45502,45640,45779,45917,46055,46194,46332,46470,46608,46746,46883,47021,47159
Columbus - OH,168348,169555,170123,170879,171470,172295,172384,173130,174491,176542,177824,178387,180517,181998,182784,183997,185530,186369,186528,187910,190815,191585,193023,194187,195682,198090,199233,199803,201536,202865,203837,205666,208919,210412,212599,213894,215696,217463,219349,221624,221846,223263,224529,225958,227238,228179,229385,230551,231508,232228,233069,234000,234999,236051,237141,238258,239397,240550,241713,242881,244052,245223,246396,247566,248735,249903,251069,252232,253394,254553,255710,256865,258018,259169,260319,261467,262615,263761,264907,266053,267198,268343
Corpus Christi - TX,25646,25646,25982,25982,26722,26842,27357,27645,28285,28609,28681,28846,28804,28900,29124,29373,29589,29589,29730,29818,30287,30287,30647,30998,30998,30998,30998,30998,31054,31204,31612,31612,31740,32124,32124,32427,32667,33003,33119,33365,33365,33365,33364,33743,33741,33739,33737,33752,33783,33825,33877,33936,34001,34071,34146,34223,34303,34386,34470,34555,34642,34729,34817,34906,34996,35086,35176,35267,35358,35449,35540,35631,35723,35815,35907,35999,36091,36183,36275,36368,36460,36553
Dallas-Fort Worth - TX,641772,645780,647059,650608,656674,665063,668467,674735,680882,689671,695802,702305,706325,714345,719160,725750,733926,737569,744993,752229,756610,763303,770505,778873,786158,791407,797910,802483,807744,816855,821273,827738,835311,843268,853384,863763,875562,885454,895421,902291,904261,909351,914500,918168,921775,925451,929317,933468,937696,941703,945292,949298,953630,958212,962982,967888,972889,977947,983034,988128,993213,998276,1003312,1008332,1013341,1018320,1023295,1028244,1033169,1038068,1042943,1047793,1052621,1057429,1062220,1066992,1071747,1076489,1081216,1085948,1090670,1095380
Dayton - OH,46794,46794,47474,47441,47907,47907,48228,48228,48228,48361,48587,48795,49026,49020,49020,49000,49106,49418,49890,49974,50354,50317,50317,50317,50427,50367,50367,50325,50585,50585,50585,50971,51418,51871,51871,52012,52349,52344,52344,52455,52455,52455,52453,52450,52734,52977,52981,53012,53062,53128,53205,53290,53381,53478,53578,53681,53786,53892,53999,54106,54215,54323,54431,54540,54648,54757,54866,54974,55083,55191,55300,55408,55516,55625,55733,55841,55949,56058,56166,56274,56382,56491
Daytona Beach - FL,18983,19007,19007,19007,19007,19007,19007,19271,19271,19271,19271,19631,19626,19626,19626,19626,19927,19927,20338,20777,21069,22111,22835,23194,23592,23649,23649,24110,24636,24930,24930,25170,25335,26242,26539,27522,27691,27993,28585,29895,29895,29895,30364,30619,31120,31321,31680,31739,32138,32279,32446,32635,32839,33057,33284,33519,33760,34005,34254,34505,34757,35010,35265,35519,35774,36030,36285,36540,36796,37051,37306,37561,37815,38070,38324,38579,38833,39087,39341,39596,39850,40104
Denver - CO,213873,216406,218181,218503,220075,221677,224188,224851,228116,231786,233487,237648,241009,243261,244278,246041,248138,251420,253896,256251,258296,259696,261571,262762,264318,267779,271148,272647,275277,277884,280489,282704,285209,289266,291817,295536,301040,307220,309960,313199,314057,316102,318062,319693,321150,322425,323801,325220,326701,328140,329368,330761,332289,333927,335656,337457,339316,341220,343157,345120,347102,349096,351100,353108,355121,357133,359145,361153,363158,365159,367153,369142,371125,373101,375072,377036,378994,380947,382894,384836,386774,388707
Des Moines - IA,41361,41830,42600,43251,43431,44100,44530,45379,46617,48059,49275,49339,50363,50519,51167,51692,51692,52062,52637,52874,53239,53514,53668,54045,54921,55090,55252,55756,55868,56258,56486,56668,57452,58053,58566,58986,59297,60231,60257,60680,60680,60836,60965,61157,61390,61607,62045,62302,62633,62820,63038,63279,63539,63811,64094,64384,64679,64978,65280,65583,65888,66193,66499,66805,67111,67417,67723,68029,68335,68641,68947,69253,69559,69864,70170,70475,70780,71086,71391,71697,72002,72308
Detroit - MI,211241,211131,211223,211994,213133,213440,214071,214811,215197,215715,216175,216096,216429,216643,216643,217673,218038,218658,219083,220071,220548,221196,221403,222455,223014,224424,224758,225264,225913,226322,226745,227379,228261,228941,230200,231264,231873,232235,232650,232918,233103,233455,233948,234283,234660,235130,235178,235252,235366,235568,235838,236161,236527,236924,237346,237789,238244,239153,239626,240104,240583,241064,241545,242026,242507,242988,243468,243947,244425,244902,245379,245854,246328,246802,247274,247746,248217,248688,249158,249628,250098,250568
Durham - NC,46467,46467,46467,46696,46681,47441,47753,48018,48511,49392,49288,49576,50194,50194,50194,51027,51439,51878,52480,52528,53482,53962,54715,54984,54991,54991,54991,56154,56154,56913,57206,57406,58016,58436,59204,59608,61166,62473,63120,63957,63957,64686,65517,66164,67936,68302,69204,70815,71085,71876,72235,72638,73076,73542,74029,74532,75049,75574,76107,76644,77185,77728,78273,78819,79365,79912,80459,81007,81554,82100,82647,83193,83739,84284,84829,85374,85919,86464,87009,87553,88098,88643
East Bay - CA,166478,166877,166996,167087,167400,167806,168517,169234,169410,169770,169833,170021,170523,171090,171857,172746,173582,174548,175103,175735,176601,178719,179055,180115,181589,182655,182744,183007,184316,187036,187862,188008,189066,189854,190361,190801,191027,192044,192968,193256,193256,193561,193900,194173,194454,194741,194943,195197,195260,195416,195646,195933,196265,196631,197027,198003,198439,198889,199349,199819,200294,200775,201260,201749,202239,202733,203228,203724,204220,204718,205217,205716,206214,206713,207212,207711,208210,208710,209210,209709,210209,210708
El Paso - TX,42825,43002,43002,43072,43420,43400,43657,43685,43881,44341,44431,44431,44431,44651,44665,44665,44865,45097,45097,45295,45306,45306,45306,45306,45354,45590,45748,45982,46020,46184,46184,46397,46605,46830,46924,46994,47200,47200,47685,47685,47685,47685,47960,48219,48352,48430,48427,48442,48473,48515,48568,48628,48694,48765,48840,48919,49000,49084,49170,49257,49345,49434,49524,49614,49705,49797,49889,49981,50074,50166,50259,50352,50446,50539,50633,50726,50820,50914,51008,51102,51196,51290
Fayetteville - NC,23780,23780,23780,23780,23780,23780,23780,23780,23780,23780,23780,23780,23780,23780,23780,23780,23780,23780,23780,23876,23876,23876,23876,23876,23876,23876,23797,23797,23797,23813,23813,23885,24489,24498,24881,24891,24891,25146,25346,25526,25526,25526,25885,25884,25954,25952,25950,25967,26000,26044,26096,26155,26220,26288,26360,26435,26511,26589,26667,26747,26826,26907,26987,27068,27149,27229,27310,27391,27472,27552,27633,27714,27794,27875,27955,28036,28116,28196,28277,28357,28437,28518
Flint - MI,19352,19352,19280,19382,19382,19382,19382,19418,19418,19418,19407,19407,19407,19407,19407,19407,19407,19407,19407,19499,19499,19561,19561,19561,19575,19575,19575,19685,19695,19695,19758,19758,19758,19774,19822,19822,19950,19950,19950,19950,20000,20074,20159,20158,20156,20155,20155,20160,20169,20181,20194,20210,20226,20243,20262,20280,20299,20318,20338,20357,20377,20396,20416,20436,20455,20475,20495,20514,20534,20554,20573,20593,20613,20632,20652,20671,20691,20710,20730,20749,20769,20789
Fort Lauderdale - FL,108593,108583,109497,109515,110562,110981,112884,113331,113856,115390,116658,117052,117854,118222,119043,119353,120576,120883,121084,121237,123293,125490,126819,127780,128041,128755,129094,130425,131153,131525,132118,133672,134936,136571,137407,138850,139923,141550,142919,144055,144055,145034,146152,147240,148327,149345,150450,150877,151467,152931,154134,154605,155171,155811,156510,157253,158028,158828,159645,160472,161305,162140,162974,163808,164637,165461,166279,167092,167897,168696,169488,170272,171050,171822,172586,173345,174098,174846,175588,176325,177057,177784
Fort Myers - FL,15907,16376,16636,16772,17079,17367,17367,17692,17720,17972,18265,18265,19019,19339,19999,20046,20068,20783,21110,22187,22899,23809,25435,26089,26677,27521,28143,28803,28803,29259,29743,30138,30144,30560,31780,32060,33573,34960,35466,36694,36945,36945,37900,38939,39950,40146,40530,41136,41733,42465,42770,43114,43487,43883,44297,44726,45165,45612,46065,46522,46982,47444,47907,48371,48836,49301,49766,50232,50697,51162,51627,52091,52556,53020,53483,53947,54411,54874,55337,55801,56264,56728
Fort Wayne - IN,21550,21703,21861,21861,21861,21913,22087,22291,22454,22454,22454,22454,22568,22872,22872,22872,22872,22872,22872,22872,22872,23082,23118,23118,23118,23298,23298,23398,23398,23398,24021,24021,24048,24573,24573,24857,24857,25254,25646,25646,25646,25646,25977,25975,25973,26195,26200,26229,26275,26334,26403,26480,26562,26649,26739,26831,26925,27020,27116,27212,27309,27406,27503,27601,27698,27795,27893,27990,28087,28185,28282,28379,28476,28573,28671,28768,28865,28962,29059,29156,29253,29350
Fresno - CA,51914,52117,52117,52117,52149,52282,52282,52282,52766,52719,52735,52735,52758,52736,52736,53112,53282,53346,53346,53730,54004,53980,53980,53980,54138,54138,54434,54774,54853,55429,55642,55642,55642,55642,55996,55996,56427,56629,56629,56629,56657,56657,56656,56654,56650,56920,56916,56912,56974,56980,56995,57014,57039,57067,57098,57132,57166,57203,57240,57278,57317,57356,57396,57436,57476,57516,57556,57597,57637,57678,57719,57760,57800,57841,57882,57923,57964,58005,58046,58087,58127,58168
Grand Rapids - MI,41185,41353,41528,41910,42004,42237,42377,42423,42868,43579,43579,44171,44373,44817,45597,45679,45885,46303,46709,46944,47274,48535,48745,48757,49256,49684,49684,49760,50294,50624,50747,51323,51395,52084,52801,53047,53647,53803,54026,54301,54301,54353,54350,54537,55125,55273,55426,55579,55689,55830,55994,56558,56754,56960,57173,57392,57616,57842,58069,58299,58529,58759,58990,59221,59452,59684,59915,60146,60377,60609,60840,61070,61301,61532,61763,61993,62224,62455,62685,62916,63147,63378
Greensboro - NC,43255,43255,43462,43502,43705,43705,43705,43811,44311,44479,44752,44812,44956,44956,45235,45235,45486,45729,45917,45939,46179,46369,46922,46927,47157,47405,47477,47477,47741,47789,48569,48569,48626,48626,49034,49207,49469,50057,50057,50659,50659,50659,51462,51784,52017,52228,52564,52596,52656,52737,52834,52943,53063,53190,53323,53461,53602,53746,53892,54039,54187,54336,54485,54635,54784,54934,55084,55234,55383,55533,55683,55832,55981,56131,56280,56429,56578,56727,56876,57024,57173,57322
Greenville - SC,36061,36406,36406,36970,37294,37540,38290,39011,39971,40487,40780,41318,41328,41724,41995,42054,42898,43426,43956,44261,45408,45522,45542,45736,46603,47229,48128,48121,48412,48512,49360,49583,51120,51553,52239,53163,54149,54239,55459,55737,55737,55929,55928,56155,56200,56540,56536,56639,57210,57358,57535,57733,57950,58180,58420,58669,58924,59184,59447,59713,59980,60248,60517,60787,61057,61328,61598,61868,62139,62409,62679,62949,63218,63488,63757,64026,64295,64564,64834,65102,65371,65640
Gulfport-Biloxi-Pascagoula - MS,18056,18056,18056,18056,18056,18056,18056,18056,18056,18056,18056,18056,18056,18056,18056,18056,18056,18056,18056,18056,18086,18086,18086,18126,18126,18232,18496,18496,18496,18729,18729,18779,18963,18963,18963,19119,19119,19119,19119,19119,19119,19119,19118,19118,19116,19114,19113,19115,19192,19199,19207,19217,19229,19240,19253,19266,19279,19293,19306,19320,19334,19348,19362,19377,19391,19405,19419,19433,19447,19461,19475,19489,19503,19517,19531,19545,19559,19573,19587,19601,19615,19629
Harrisburg - PA,27520,27818,27818,27818,27818,27824,27824,27824,28262,28337,28361,28393,28393,28393,28691,29101,29173,29489,29489,29584,29632,29632,29632,29925,29964,29964,29964,30180,30217,30552,30745,30990,31122,31725,31747,32263,32346,32860,32860,33022,33022,33208,33207,33205,33203,33202,33381,33418,33512,33585,33669,33762,33863,33969,34079,34192,34308,34426,34545,34665,34785,34906,35027,35148,35269,35390,35511,35632,35753,35874,35995,36116,36237,36357,36478,36599,36719,36839,36960,37080,37200,37321
Hartford - CT,60138,60646,60767,60785,60818,61362,61896,62237,62668,62736,63302,63459,63513,63556,63932,64002,64526,65210,65465,65740,66113,66223,66718,66718,66828,67114,67114,67090,67152,67268,67501,67799,68202,68518,68556,68797,69439,69920,70582,70892,70892,71251,71251,71537,71816,72070,72400,72587,72585,72623,73207,73326,73472,73639,73824,74022,74230,74444,74665,74889,75116,75346,75576,75807,76039,76270,76501,76732,76963,77193,77422,77651,77880,78108,78336,78563,78789,79015,79241,79467,79693,79918
Honolulu - HI,28343,28842,28861,28865,28865,28921,28921,28921,28921,29144,29144,29144,29144,29144,29144,29144,29144,29144,29144,29134,29634,29634,29952,29952,29952,29937,29937,29900,30301,30301,30301,30301,30301,30301,30301,30301,30301,30301,30301,31051,31051,31403,31403,31403,31403,31403,31403,31402,31401,31410,31432,31462,31498,31538,31581,31627,31674,31724,31775,31826,31878,31931,31983,32036,32089,32141,32194,32246,32297,32349,32400,32450,32500,32550,32600,32649,32697,32745,32793,32839,32886,32931
Houston - TX,558121,562320,566352,570246,576143,580919,584909,589967,594422,598378,600040,602088,603910,606637,607757,608525,613812,616828,620242,626548,631043,636860,642425,645215,650478,654597,660551,665714,669353,674041,677496,681640,689577,695979,702254,708466,716104,719812,726656,730115,731274,733274,734938,736286,737625,739110,740588,742381,744065,745803,747857,750170,752696,755396,758233,761180,764212,767305,770445,773617,776809,780013,783224,786439,789659,792889,796127,799373,802627,805888,809156,812429,815706,818986,822271,825560,828855,832155,835459,838769,842083,845401
Huntsville - AL,26247,26438,26464,26464,26464,27201,27201,27201,27201,27501,27501,27723,27723,27723,28011,28255,28427,28427,28427,28806,28806,29140,29765,30023,30923,31391,32072,32486,33382,34289,35459,36954,38331,39661,40741,43013,44694,46468,46982,48162,48162,48736,49063,49061,49373,49913,50073,50393,50609,50895,51237,51620,52036,52479,52941,53419,53910,54408,54914,55424,55937,56453,56970,57488,58007,58526,59045,59565,60084,60603,61122,61640,62159,62676,63194,63712,64229,64746,65264,65781,66298,66815
Indianapolis - IN,144508,144998,145925,145925,147393,147934,148401,148688,149300,149635,150452,150955,151806,152261,153492,153582,154252,154380,154191,155568,156565,156920,157369,158092,158901,159336,159847,160109,160585,160872,161539,162193,163699,165630,167265,168421,171338,172705,173783,174490,174890,175599,176162,176665,177144,177652,178186,178316,178834,179152,179532,179962,180431,180934,181463,182013,182581,183161,183751,184347,184948,185552,186158,186764,187372,187981,188590,189201,189812,190422,191033,191644,192255,192865,193477,194088,194699,195311,195924,196535,197148,197761
Inland Empire - CA,159045,159824,159824,159851,159851,160646,160654,160991,160940,161690,161743,162227,162567,163817,164107,164271,164271,165377,166158,166600,167465,167645,168030,168030,168189,168658,168932,169560,169688,170732,171070,171509,171895,172545,174162,174702,175293,176975,178301,178987,179247,179955,180623,181332,181909,182383,182849,183603,183955,184095,184293,184538,184821,185135,185474,185833,186209,186598,186996,187402,187814,188230,188650,189073,189497,189924,190352,190780,191209,191638,192067,192497,192927,193357,193787,194216,194647,195077,195506,195936,196366,196794
Jackson - MS,27471,27471,27471,27519,27519,27519,27764,27764,27764,27887,27887,27887,27887,27887,27887,27887,27887,27887,27887,27887,27887,28261,28861,28861,28861,29011,29011,29011,29011,29011,29011,29123,29123,29247,29247,29110,29110,29110,29137,29137,29137,29137,29136,29135,29353,29350,29347,29348,29351,29356,29363,29371,29380,29389,29399,29409,29420,29431,29442,29453,29464,29476,29487,29498,29510,29521,29532,29544,29555,29566,29578,29589,29600,29611,29623,29634,29645,29656,29667,29678,29689,29700
Jacksonville - FL,82326,82890,83205,83205,83205,84803,84883,85148,85944,86357,87206,87218,88092,88685,89730,90928,91773,92592,93649,95333,96057,97218,97985,98776,99849,100409,101137,102967,103273,105624,107033,109268,111585,113353,114911,117760,119942,121847,123953,125944,126229,127260,127357,127547,128230,128954,129777,130589,131409,132062,132748,133466,134211,134980,135767,136567,137374,138184,138992,139797,140597,141390,142177,142959,143734,144504,145269,146030,146786,147538,148285,149029,149769,150506,151240,151972,152701,153429,154153,154877,155598,156318
Kansas City - MO,138140,139755,140659,141425,141724,142750,144082,145605,147157,148247,148630,149039,149651,150688,152182,152277,152477,152730,154416,155125,156459,158758,160282,160555,162117,163149,164949,165957,166755,167983,169366,170673,171012,173055,174227,175568,176076,177094,178370,180610,180645,181516,181992,182927,184351,185617,186818,188049,189226,190354,191392,192414,193327,194249,195178,196113,197050,197990,198932,199873,200813,201752,202691,203627,204562,205496,206429,207359,208287,209214,210139,211062,211983,212904,213823,214740,215657,216572,217486,218400,219312,220223
Killeen - TX,18232,18232,18232,18232,18572,18572,18778,18742,18742,19038,19038,19056,19056,19318,19318,19584,19584,19584,19584,19598,19598,19598,19823,19893,19893,19893,19893,20059,20205,20205,20205,20541,20840,20840,21256,21708,22279,22279,22637,22817,22817,23033,23032,23031,23030,23028,23027,23047,23085,23138,23202,23275,23356,23443,23535,23630,23729,23831,23935,24040,24147,24255,24364,24474,24584,24695,24806,24918,25030,25143,25256,25369,25482,25595,25708,25822,25936,26049,26163,26277,26391,26506
Knoxville - TN,34418,34775,34831,35225,35151,35285,35361,35581,35581,35827,35827,35827,36375,36408,36408,36711,36719,37001,37591,37637,37667,37970,37970,38257,38927,39005,40028,40219,40411,40739,41077,41183,42207,42675,43342,43846,44214,44500,44994,45114,45347,46358,47234,47232,47576,47571,47894,47951,48054,48193,48358,48544,48746,48961,49186,49419,49657,49900,50146,50394,50644,50895,51147,51399,51651,51904,52157,52409,52662,52915,53167,53419,53671,53923,54175,54427,54679,54930,55182,55433,55685,55936
Lafayette - LA,14063,14063,14063,14172,14172,14420,14420,14640,14640,14640,14640,14640,14815,14815,14815,14815,14815,15055,15055,15067,15091,15091,15091,15091,15091,15091,15255,15255,15255,15351,15351,15351,15580,15748,15748,15748,16466,16466,16609,16619,16619,16619,16728,16980,16978,16977,17147,17159,17183,17215,17252,17295,17341,17391,17442,17496,17550,17606,17663,17720,17777,17835,17893,17951,18009,18067,18125,18183,18241,18299,18357,18415,18472,18530,18588,18646,18704,18761,18819,18877,18935,18992
Lakeland - FL,18201,18201,18201,18201,18201,18228,18285,18285,18861,18861,18981,18981,18981,19307,19307,19307,19307,19787,19787,20037,20398,20998,21661,22003,22103,22683,23180,23305,23773,24192,24701,25226,26847,27272,27608,28713,30546,31771,32823,33687,33687,33687,34010,34897,35469,35466,35637,36019,36578,36818,37104,37425,37775,38145,38533,38934,39345,39763,40187,40614,41044,41476,41910,42344,42779,43214,43649,44085,44520,44955,45390,45824,46259,46693,47127,47560,47994,48428,48861,49295,49728,50162
Lancaster - PA,14774,14984,15056,15190,15215,15450,15450,15524,15542,15802,15908,15932,15932,16039,16297,16934,16934,16960,16960,17175,17175,17294,17294,17621,17651,17777,17777,17814,17958,18006,18199,18214,18239,18247,18247,18616,18712,18952,19321,19321,19321,19321,19320,19459,19458,20057,20066,20148,20193,20250,20317,20390,20469,20552,20639,20729,20820,20912,21006,21100,21195,21290,21385,21480,21576,21671,21766,21862,21957,22052,22147,22242,22337,22432,22527,22622,22717,22812,22906,23001,23096,23190
Lansing - MI,28686,28677,28801,28778,29004,29012,29033,29027,29188,29224,29224,29266,29928,29928,29928,29928,29928,29928,29928,29961,30106,30593,30633,30633,30925,30955,30976,31157,31157,31157,31157,31389,31438,31534,31534,31534,31534,31534,31642,31642,31642,31642,31640,31638,31636,31768,31766,31768,31772,31778,31905,31914,31923,31932,31943,31953,31964,31975,31986,31997,32008,32019,32030,32041,32052,32063,32075,32086,32097,32108,32119,32130,32141,32152,32163,32174,32185,32196,32207,32218,32229,32240
Las Vegas - NV,157962,158243,158994,159609,160419,161186,161850,163849,164782,165066,165373,166024,167210,167451,167988,168708,169599,170545,170925,171425,172299,173199,174636,175418,176117,176698,177597,177738,178806,180071,180175,182155,183222,184931,186690,188267,189251,190023,191810,192920,193140,193946,194599,195194,195746,196249,196614,196674,197189,197450,197779,198165,198595,199062,199555,200072,200606,201153,201711,202276,202846,203422,204002,204584,205170,205758,206349,206941,207535,208129,208726,209323,209921,210519,211118,211717,212317,212918,213519,214121,214724,215326
Lehigh Valley - PA,29503,30243,30243,30841,30841,30841,30937,30967,31279,31531,31531,31687,32137,32276,32276,32383,32554,32733,32855,32873,32878,33196,33399,33677,33677,33677,33869,34395,34975,35427,35590,35697,35817,35958,36132,36186,36186,36305,36748,37079,37119,37658,37657,37963,38381,38379,38720,38801,38873,38964,39070,39187,39314,39447,39585,39728,39874,40022,40171,40322,40473,40625,40777,40929,41081,41233,41386,41538,41690,41842,41994,42146,42298,42449,42601,42752,42904,43055,43207,43358,43509,43660
Lexington - KY,33103,33620,33860,33845,33845,34041,34682,35052,34956,35305,35305,35800,35800,36024,36024,36336,36384,36393,36335,36335,36335,36746,36746,37054,37278,37278,37427,37427,37427,37427,37697,38122,38804,38904,38904,38904,39161,39161,39574,39685,39685,39827,39826,39825,39821,39817,39814,39826,39850,39883,39923,39969,40019,40072,40127,40185,40244,40304,40365,40427,40489,40551,40614,40676,40739,40802,40864,40927,40990,41052,41115,41178,41240,41302,41365,41427,41489,41552,41614,41676,41738,41800
Little Rock - AR,45318,45391,45418,45790,45790,46655,46898,47613,48056,48419,48419,48435,48519,48834,48997,49073,49126,49126,49225,49542,49560,50679,51254,51426,51518,51770,52054,52355,52409,52409,52409,52469,52469,52718,52718,52828,53231,53589,53872,53872,53872,54492,54491,54489,54484,54480,54475,54488,54515,54552,54597,54649,54705,54765,54828,54893,54960,55028,55097,55166,55237,55307,55378,55449,55519,55590,55661,55732,55803,55874,55944,56015,56086,56156,56227,56297,56367,56438,56508,56578,56649,56719
Long Island - NY,47754,48029,48120,48462,48744,49367,49477,49477,49785,49976,49992,50281,50270,50803,50982,50982,51492,51840,52266,52342,52677,53089,53734,53940,53990,54318,54395,54584,54882,55577,55626,55701,55763,56594,57496,58128,58224,58235,58450,58636,58690,58891,59031,59220,59392,59662,59860,59858,59856,60310,60377,60478,60607,60759,60929,61114,61311,61518,61732,61952,62177,62405,62636,62869,63104,63339,63574,63810,64046,64282,64518,64754,64990,65226,65462,65696,65930,66165,66399,66632,66865,67098
Los Angeles - CA,956196,956896,959592,961223,965215,966641,970091,970678,971815,973623,974319,975450,977983,980873,983942,986878,988504,990558,994359,997014,999559,1002565,1005791,1008393,1011510,1013917,1017058,1019407,1021557,1023643,1026818,1029499,1033493,1036726,1038275,1040141,1042796,1045088,1047219,1048806,1049053,1050570,1051707,1052796,1053997,1055168,1055860,1057025,1058046,1059215,1060438,1061668,1063000,1064504,1066003,1067597,1068648,1069769,1071032,1072420,1073911,1075493,1077154,1078882,1080667,1082503,1084383,1086299,1088247,1090223,1092221,1094239,1096272,1098319,1100377,1102446,1104522,1106606,1108695,1110789,1112886,1114985
Louisville - KY,72455,73568,73661,73817,74006,74919,75206,75403,76054,76216,76260,77103,78351,78517,79141,79403,80037,80551,81241,82278,82974,83253,83803,84347,84925,85842,86000,86800,87087,87875,88630,89248,89652,90312,90568,91614,92502,94012,94590,95152,95356,95572,96023,96195,96461,96771,96770,96838,97233,97404,97609,97840,98619,98886,99166,99456,99753,100056,100362,100672,100983,101296,101609,101923,102238,102553,102868,103183,103498,103812,104127,104441,104755,105068,105382,105695,106009,106322,106635,106948,107261,107574
Madison - WI,51342,52517,52654,52850,53907,54652,55064,55059,56130,57157,58101,58899,59136,60429,60663,61162,61384,62202,62376,62601,63287,63680,63754,63840,64886,66364,66853,67095,68015,68955,69314,70371,71564,73254,73791,74088,75143,75945,76577,77117,77117,77513,77889,78129,78445,78439,78921,79348,79949,80275,80655,81075,81527,82002,82494,82999,83514,84034,84560,85088,85618,86150,86682,87215,87748,88281,88815,89348,89881,90414,90946,91479,92011,92543,93075,93607,94139,94671,95203,95735,96267,96799
Manchester - NH,20859,20859,20879,21023,21023,21023,21269,21281,21281,21510,21510,21669,21669,21669,21669,21669,21677,21917,22197,22258,22258,22258,22258,22258,22437,22437,22449,22486,22718,22904,22917,23350,23480,23492,23900,24125,24269,24659,24836,24942,25102,25102,25101,25356,25354,25353,25363,25446,25495,25557,25628,25707,25792,25882,25975,26071,26170,26269,26370,26471,26573,26676,26778,26881,26983,27086,27188,27291,27394,27496,27598,27701,27803,27905,28007,28109,28211,28313,28415,28517,28619,28721
McAllen - TX,14482,14643,14643,14828,14979,15263,15271,15479,16190,16214,16358,16487,16619,16895,16977,17380,17447,17467,17512,17702,17842,17906,17954,17960,18248,18248,18260,18480,18844,19326,19356,19633,19719,19980,20044,20121,20809,21152,21291,21659,21659,21747,21746,21745,21744,21743,21742,21758,21789,21833,21885,21945,22012,22083,22158,22236,22318,22401,22486,22573,22660,22749,22838,22928,23019,23110,23201,23293,23385,23477,23570,23662,23755,23848,23941,24034,24128,24221,24314,24408,24502,24595
Melbourne - FL,19654,19654,19654,19936,19936,19936,19936,19936,19936,20152,20152,20160,20160,20419,20719,20719,20991,21157,21347,22795,23083,23735,24009,24206,24495,24882,24982,24988,25375,25899,26199,26780,27455,27436,27795,28245,28888,30007,30111,31062,31062,31233,31232,31231,31300,31889,31935,31984,32343,32459,32598,32754,32924,33104,33293,33488,33688,33891,34098,34306,34515,34726,34937,35148,35360,35571,35783,35995,36207,36419,36631,36842,37053,37265,37476,37687,37898,38109,38320,38531,38742,38953
Memphis - TN,93478,93176,93214,93214,93804,93914,93714,93979,93877,94132,94132,94405,94405,94459,94303,94580,94580,94868,95561,95875,95869,95853,95853,96359,96889,97161,97336,97474,97458,98371,98391,98942,99350,99362,99636,99828,100147,100510,101041,102237,102237,102674,102722,102718,102766,102921,103005,103097,103175,103259,103350,103450,103558,103674,103799,103931,104068,104211,104357,104506,104659,104814,104972,105132,105295,105460,105625,105794,105964,106136,106307,106481,106655,106829,107005,107182,107360,107537,107716,107895,108076,108256
Miami - FL,140634,140856,141807,143178,145554,145789,148333,149468,149824,151556,151939,153259,153716,155892,156485,158483,162359,163113,164403,166525,169090,170598,172470,173537,175403,177415,178808,179113,180955,183668,184825,186848,188579,189646,191236,192771,195835,197890,201047,202075,202075,203726,206667,208384,210056,211641,211555,212974,215485,217252,218882,220117,221357,222609,223615,224705,225417,225375,225520,225860,226366,227010,227769,228625,229559,230559,231613,232711,233843,235004,236185,237383,238594,239813,241037,242264,243493,244721,245948,247172,248392,249608
Milwaukee - WI,93236,94199,94482,94482,95697,96380,96998,97843,98542,99443,100203,100364,101585,102125,102761,103643,104537,104971,105202,105795,106569,106935,107523,108060,108491,109108,109436,110016,110702,111524,111876,112417,112962,114034,114728,115441,116210,116819,117647,118873,119186,119774,119975,120298,120311,120627,120799,121315,121795,122544,122944,123367,123807,124262,124728,125203,125684,126171,126663,127158,127655,128154,128655,129157,129660,130165,130671,131176,131683,132190,132696,133203,133710,134217,134725,135233,135741,136248,136756,137265,137773,138281
Minneapolis - MN,209532,210522,211602,212543,213034,214539,215834,216999,217427,218548,219349,220546,223097,224451,225352,225790,227177,230088,231007,232565,235123,238591,240745,242721,245629,248650,251473,253901,256750,261045,262183,263703,266709,270163,274097,277308,279365,282375,284638,285776,286253,287117,288101,288789,289675,290562,291242,292233,292944,293829,294840,295944,297118,298342,299605,300897,302208,303536,304874,306220,307573,308931,310292,311657,313026,314397,315768,317142,318519,319897,321275,322655,324036,325418,326800,328183,329567,330953,332340,333727,335115,336504
Mobile - AL,20858,20858,20908,20908,20908,20908,20908,20908,21124,21124,21124,21140,21392,21392,21392,21430,21430,21430,21703,21703,21883,21883,21962,21962,21962,22045,22045,22105,22105,22105,22105,22082,22082,22250,22250,22250,22250,22250,22250,22250,22250,22502,22501,22500,22499,22496,22494,22496,22502,22509,22518,22529,22541,22553,22567,22580,22595,22609,22624,22639,22654,22669,22684,22699,22714,22729,22744,22759,22774,22789,22805,22820,22835,22849,22864,22879,22894,22909,22924,22939,22954,22969
Modesto - CA,16225,16225,16225,16225,16225,16225,16225,16225,16225,16225,16225,16225,16225,16225,16225,16225,16225,16225,16225,16225,16225,16325,16325,16325,16325,16325,16325,16325,16361,16361,16361,16361,16615,16615,16663,16663,16663,16663,16663,16663,16663,16663,16662,16662,16661,16660,16659,16657,16657,16659,16664,16670,16678,16687,16698,16708,16720,16731,16744,16756,16769,16781,16794,16807,16820,16833,16846,16859,16873,16886,16899,16912,16926,16939,16952,16965,16979,16992,17005,17018,17032,17045
Montgomery - AL,20360,20360,20414,20810,20810,20810,20810,20845,20833,20833,20833,20833,20833,20856,20856,20856,20856,20856,20856,20856,20957,20957,20957,20957,20957,20957,20957,20957,20957,20957,20957,21084,21084,21084,21084,21118,21118,21118,21118,21118,21118,21118,21117,21117,21115,21113,21375,21376,21378,21383,21388,21395,21402,21410,21418,21426,21435,21444,21453,21462,21472,21481,21490,21500,21509,21518,21528,21537,21546,21556,21565,21574,21583,21593,21602,21611,21620,21629,21638,21648,21657,21666
Myrtle Beach - SC,10034,10034,10034,10082,10082,10428,10428,10668,10973,10973,10973,10973,10973,11663,11887,12191,12211,12695,12695,13266,13609,13609,14554,14956,15468,15510,15892,16765,17095,17804,17911,18421,20121,21215,21929,22786,23806,26024,27713,28954,28954,29389,29649,29846,29973,29970,30030,30133,30317,30560,30850,31175,31529,31904,32296,32702,33117,33541,33969,34402,34837,35274,35713,36152,36592,37032,37473,37913,38354,38794,39234,39674,40113,40553,40992,41431,41870,42308,42747,43186,43625,44063
Naples - FL,8998,8998,9280,9286,9286,9286,9286,9286,9286,9286,9286,9286,9582,9886,10180,10180,10814,10814,10814,10814,10814,11134,11134,11134,11624,12234,12234,12654,12958,13078,13364,13928,13928,13928,13928,14604,14915,14915,14915,15401,15401,15704,15936,15936,15934,16198,16197,16750,16795,16855,16926,17006,17093,17186,17283,17383,17486,17590,17696,17803,17911,18019,18128,18236,18345,18454,18563,18672,18780,18889,18998,19107,19215,19324,19432,19541,19649,19758,19866,19975,20084,20193
Nashville - TN,105363,105683,107044,107359,109253,111179,112993,114608,117080,119096,121164,123007,124141,125574,126934,128489,128737,130056,131154,132423,134412,137118,138194,139389,140842,142292,144494,146939,149093,152109,153710,157427,161659,164349,165732,169355,174179,177230,178775,180228,180885,182769,184659,186358,188035,189500,191127,193085,194572,195542,196322,197268,198347,199534,200806,202145,203534,204960,206411,207878,209354,210832,212311,213787,215260,216729,218195,219657,221116,222569,224018,225460,226897,228328,229754,231175,232592,234004,235412,236816,238216,239612
New Haven - CT,33329,33661,33946,33946,34009,34403,34403,34403,34409,34802,34802,34802,35051,35051,35063,35095,35778,35778,35986,36009,36326,36376,36418,36487,36903,36903,37014,37821,37912,37972,38246,38340,38490,38606,38950,39424,39829,40409,40799,41100,41100,41100,41332,41548,41828,41902,42221,42281,42430,42547,42683,42833,42995,43165,43343,43525,43712,43902,44093,44286,44479,44674,44868,45063,45258,45453,45648,45843,46038,46233,46427,46622,46816,47010,47204,47398,47592,47786,47980,48174,48367,48561
New Orleans - LA,65380,65702,65702,65998,65998,66294,66429,66479,67127,67127,67127,67127,67093,67445,67524,67524,67908,67928,68906,69577,70339,70543,70833,70768,70872,70948,70984,71004,71602,71638,71646,71729,71745,71745,71745,71745,71902,71952,72222,72078,72283,72453,72470,72434,72400,72625,72890,72886,72920,72987,73080,73194,73326,73471,73626,73790,73961,74136,74315,74496,74678,74862,75047,75232,75418,75605,75792,75980,76167,76355,76543,76731,76920,77110,77300,77490,77680,77871,78062,78253,78445,78637
New York - NY,1362009,1364801,1372230,1375482,1378869,1385070,1389076,1399738,1404488,1412727,1418245,1422995,1427620,1435256,1441956,1447932,1453752,1457758,1463034,1468270,1472593,1476959,1480768,1483863,1490002,1494876,1501653,1509358,1517987,1524846,1530848,1535310,1543136,1547464,1553141,1558515,1565416,1575598,1582801,1587055,1587855,1593002,1597407,1600146,1603960,1607534,1611799,1615838,1619387,1622820,1626270,1629619,1632966,1636448,1640109,1644014,1647643,1649993,1652693,1655691,1658950,1662431,1666105,1669943,1673923,1678024,1682227,1686517,1690879,1695305,1699781,1704300,1708855,1713439,1718047,1722674,1727317,1731971,1736635,1741306,1745982,1750661
Norfolk - VA,106978,107334,107762,107600,107996,109102,109955,110481,110481,110725,111273,111584,112057,112789,113304,113570,113861,114462,115109,115213,116153,117202,117378,117645,118388,118595,118820,119428,120018,120325,120728,121020,121626,121881,122168,123104,124088,124921,125605,125605,125673,125749,126145,126199,126500,126717,126903,127143,127283,127485,127736,128024,128342,128684,129048,129428,129823,130228,130643,131065,131494,131928,132367,132810,133257,133707,134160,134615,135073,135532,135993,136455,136919,137384,137848,138315,138783,139252,139722,140193,140663,141135
Northern New Jersey - NJ,134202,134669,135583,135805,136135,136901,137356,137562,139646,141258,141424,142048,143508,143881,144062,144709,145392,147089,147797,148848,149068,149806,151132,151700,152379,153262,154518,155740,156469,156960,158236,159239,162150,163633,165269,166780,168316,171170,171498,172911,173713,174922,175945,176908,177993,179068,179951,180752,181518,182339,182703,183113,183597,184143,184741,185380,186055,186756,187480,188222,188978,189746,190521,191304,192093,192885,193680,194477,195274,196071,196867,197662,198455,199245,200035,200821,201604,202385,203163,203940,204714,205486
Northwest Arkansas - AR,27492,27988,28188,28437,28437,28437,29285,30125,30553,31320,31425,31477,31582,31750,32289,32560,34314,34386,34472,34800,35140,35548,35943,36319,37271,38014,38297,38855,38895,39713,40190,40527,40818,41385,41742,42255,42738,43266,44083,44527,44648,44825,45076,45576,45708,45703,46670,46730,47306,48239,48411,48605,48815,49039,49273,49515,49763,50016,50272,50530,50790,51051,51313,51576,51839,52102,52365,52628,52891,53154,53416,53679,53941,54203,54465,54727,54989,55251,55513,55775,56037,56298
Ocala - FL,7594,7594,7594,7594,7594,7594,7594,7594,7594,7594,7594,7594,7898,7898,7898,7898,7898,7898,7898,7898,7898,7898,7898,7898,7904,7904,7894,7894,7894,7894,7894,8938,8949,9876,9876,9985,10225,10327,10327,11755,11755,11755,11754,11982,12041,12040,12926,12961,13025,13109,13209,13322,13444,13574,13709,13850,13994,14140,14288,14438,14589,14740,14892,15044,15196,15349,15501,15653,15806,15958,16110,16263,16415,16567,16719,16871,17022,17174,17326,17478,17630,17781
Ogden - UT,14939,14939,15239,15386,15442,15442,15891,16118,16166,16387,16603,16682,16963,17179,17435,17476,17710,17722,18074,18275,18816,19163,19229,19789,20296,20537,20853,21388,22164,22595,23246,23841,24541,25262,25924,25940,26410,26566,26605,27151,27151,27478,27477,27641,28113,28201,28553,28849,28929,29038,29169,29320,29485,29663,29851,30047,30250,30458,30670,30886,31105,31326,31549,31773,31999,32226,32454,32683,32913,33143,33374,33605,33836,34068,34300,34533,34765,34998,35231,35465,35698,35932
Oklahoma City - OK,86985,87510,87800,88454,89062,89647,89693,89822,90569,90729,90807,91143,91162,91472,91814,92351,92306,92647,92684,92711,92780,92854,93224,93380,94011,94558,94944,95234,95471,95483,96093,96808,96559,97156,97388,98050,99032,99719,100255,100523,100807,101072,101653,101836,102065,102091,102130,102221,102342,102492,102668,102864,103079,103310,103555,103812,104080,104356,104640,104931,105226,105526,105831,106139,106451,106766,107082,107403,107724,108048,108374,108700,109029,109358,109689,110021,110354,110688,111023,111359,111697,112034
Omaha - NE,63499,63470,63506,63863,64265,65103,65366,65359,66370,67371,67740,68153,69306,69306,69669,69775,70341,70737,71802,72206,73280,73683,74131,74399,74972,74972,75692,75881,76490,76997,77180,78247,78834,79707,80183,80332,81149,81577,81877,82240,82744,83262,83784,84609,85008,85549,85773,86353,87343,87697,88042,88425,88835,89267,89715,90174,90642,91116,91594,92074,92556,93040,93524,94008,94493,94978,95463,95948,96433,96918,97402,97886,98370,98854,99338,99822,100306,100789,101273,101757,102241,102725
Orange County - CA,232159,232811,233528,233716,234269,235041,235055,237440,239046,239759,239759,241762,242682,243212,243802,244381,245207,246340,249221,250046,250064,249950,250615,251854,251901,252269,253164,253942,254345,254591,254905,255830,256384,257375,257375,257844,258082,260212,260212,260533,260533,261259,262512,263001,263873,264953,265200,265706,266148,266727,266738,266837,267015,267261,267568,267929,268336,268783,269266,269780,270323,270892,271482,272090,272714,273353,274002,274662,275332,276009,276694,277384,278079,278779,279483,280189,280899,281612,282325,283041,283757,284477
Orlando - FL,145372,147705,148699,149371,150785,151759,152902,154003,156319,158359,159482,161465,163267,166144,168678,169504,172031,173961,176056,177265,178703,181811,184018,185469,187898,190724,192931,194447,195544,198953,201732,204660,207924,211182,214887,219433,222083,226974,227822,231466,231811,234104,236296,238329,240013,241582,243091,244801,246443,247592,248638,249839,251161,252579,254074,255627,257224,258850,260500,262163,263836,265513,267192,268871,270547,272222,273892,275558,277217,278871,280518,282159,283794,285422,287044,288661,290273,291880,293481,295080,296673,298263
Palm Beach - FL,60612,60623,61669,61703,61884,62293,63302,64060,64536,64951,65955,67086,67665,68320,68914,68897,69289,69708,70068,70688,70700,70970,72357,72880,73490,73740,74442,74903,75810,76299,76560,77343,78485,79157,79475,80577,82298,83991,84103,84303,84428,84978,85677,85750,86212,86764,87104,87183,87726,88296,88604,88956,89344,89758,90193,90643,91107,91579,92058,92542,93028,93518,94009,94499,94989,95479,95968,96456,96942,97428,97913,98397,98879,99360,99840,100319,100796,101273,101749,102223,102697,103169
Pensacola - FL,14404,14404,14404,14922,14969,14969,14969,14969,15209,15581,15581,15839,15839,15839,16067,16067,16067,16067,16067,16067,16067,16091,16182,16532,16532,16886,17362,17674,18160,18265,18640,19079,19636,20091,20261,20928,20928,21252,21745,22075,22075,22075,22074,22159,22157,22373,22654,22685,22740,22814,22902,23001,23108,23223,23342,23466,23593,23722,23853,23985,24118,24251,24385,24519,24653,24788,24922,25057,25191,25325,25460,25594,25728,25862,25996,26130,26264,26398,26531,26665,26799,26933
Philadelphia - PA,301046,302638,303802,304648,306770,307712,308187,309518,311318,312714,313821,314403,315324,318466,320449,321949,323979,324706,326345,329187,330352,332964,334836,335851,338155,340326,341957,343021,344414,347172,348275,350956,353579,359132,362051,365289,369083,373350,375310,377232,377404,378978,379949,381402,382585,383811,384794,386074,387280,388402,389269,390253,391331,392482,393690,394940,396223,397528,398849,400180,401518,402860,404205,405553,406900,408248,409596,410941,412284,413626,414964,416299,417632,418961,420289,421612,422932,424250,425562,426873,428181,429486
Phoenix - AZ,297033,298185,300796,301379,302616,304085,305259,306004,307736,310559,311779,314647,316076,318446,320721,321925,323666,325074,329783,332004,334351,335868,337920,340698,344814,347360,349989,353620,357389,360680,365055,369541,374128,379063,383729,388810,395796,401884,409415,414520,415656,418358,421494,423980,426201,428193,429977,431315,432978,434529,436181,438210,439494,440660,442038,443588,445283,447094,449001,450987,453035,455125,457250,459401,461572,463756,465949,468146,470343,472538,474729,476915,479097,481273,483445,485609,487769,489922,492070,494213,496353,498488
Pittsburgh - PA,91435,92182,93179,93395,94318,94670,95354,95945,96189,97432,97453,97661,98398,98631,98631,98631,98755,99115,99173,100017,100240,100409,100544,100581,100848,101665,102050,102273,102558,102655,102901,103491,104252,104607,104607,105355,105355,105650,106215,106285,106465,106797,107204,107548,107821,108132,108476,108835,108982,109151,109365,109613,109891,110191,110510,110844,111189,111542,111899,112261,112626,112992,113360,113727,114095,114463,114830,115197,115563,115928,116292,116654,117016,117377,117736,118095,118453,118810,119166,119521,119875,120228
Port St. Lucie - FL,8572,8572,8572,8572,8572,8572,8572,8572,8572,8572,8572,8572,8572,8572,8572,8876,8876,9073,9073,9083,9683,9883,9883,9969,10253,10253,10263,10587,10689,10697,10894,11518,12530,13719,14425,14551,15199,15199,15419,15419,15419,15564,15563,15777,15801,15800,15800,16092,16165,16261,16376,16504,16644,16793,16948,17109,17273,17441,17611,17782,17954,18127,18301,18475,18649,18824,18998,19172,19347,19521,19695,19869,20044,20217,20391,20565,20739,20913,21086,21260,21434,21607
Portland - ME,14049,14049,14133,14133,14133,14133,14215,14260,14453,14630,14786,14786,14789,14789,15113,15182,15194,15289,15289,15289,15360,15440,15696,15826,15981,16128,16192,16216,16216,16384,16492,16824,16909,17436,17966,18269,18321,18510,18570,18948,18948,18948,19067,19066,19065,19064,19139,19175,19230,19299,19379,19468,19563,19664,19769,19876,19986,20098,20211,20325,20439,20553,20668,20783,20898,21013,21128,21243,21358,21472,21587,21702,21816,21931,22045,22160,22274,22388,22502,22617,22731,22845
Portland - OR,176173,177976,179043,180209,181188,183123,184228,186239,187227,188282,189799,192213,193550,195359,196761,197911,200093,201740,203796,205896,207676,210136,211424,213395,216004,217309,218353,219921,220793,221414,222081,224930,226866,228930,229487,231639,233655,236277,238366,238983,239281,239920,240302,240890,241224,241594,241961,242330,242607,243038,243590,244242,244975,245774,246629,247530,248471,249445,250447,251472,252519,253583,254664,255759,256866,257985,259114,260251,261396,262549,263708,264872,266042,267216,268395,269578,270766,271957,273151,274347,275547,276750
Poughkeepsie - NY,11791,11791,11827,11827,11999,11999,12135,12135,12214,12214,12214,12214,12284,12284,12284,12307,12377,13154,13170,13315,13444,13482,13482,13494,13494,13494,13494,13494,13506,13575,13667,13730,13730,13730,13730,13800,13815,14089,14120,14152,14152,14152,14151,14151,14150,14176,14178,14226,14239,14255,14274,14295,14317,14341,14366,14392,14418,14444,14471,14498,14525,14552,14580,14607,14634,14662,14689,14716,14743,14771,14798,14825,14852,14880,14907,14934,14961,14988,15015,15042,15069,15096
Providence - RI,53680,53812,54245,54470,54470,54904,55004,55356,55348,55472,56020,56568,56705,57223,57526,57768,58008,58026,58040,58317,58773,59188,59394,59447,59554,59805,59959,60151,60269,60648,60648,60708,61194,61336,61483,61685,61713,61781,62236,62397,62460,62853,63065,63142,63289,63495,63698,63796,63867,63958,64064,64181,64308,64441,64580,64723,64870,65018,65168,65319,65471,65623,65775,65928,66081,66234,66386,66539,66692,66844,66997,67149,67301,67453,67605,67757,67909,68061,68212,68364,68516,68667
Provo - UT,8932,9164,9188,10052,10423,10472,10516,10661,11214,11214,11659,12127,12302,12471,12664,13511,13738,13738,13854,14669,14926,15063,15593,15593,15735,15865,16067,16263,16829,17370,18120,18472,18724,19699,20035,20775,21083,21752,21752,21752,21971,22424,22950,23141,23140,23138,24529,24578,24673,25106,25264,25443,25640,25851,26075,26308,26549,26797,27049,27306,27566,27829,28095,28362,28630,28901,29172,29444,29717,29991,30266,30540,30816,31092,31368,31644,31921,32198,32475,32753,33031,33309
Raleigh - NC,86833,87320,87604,88491,89299,90660,91613,91543,92357,93905,94445,95897,95952,97323,97937,98930,99447,100446,101638,102256,103570,105694,106744,107225,107618,108180,108842,110418,111003,112237,112885,115105,117712,120077,122517,125040,127479,129612,131341,134420,134717,136569,137977,139101,139844,140749,141666,141990,142491,143130,143855,144643,145494,146404,147344,148311,149301,150312,151332,152359,153389,154419,155450,156477,157503,158525,159542,160555,161563,162565,163562,164553,165539,166520,167497,168471,169440,170406,171368,172328,173285,174239
Reading - PA,10278,10278,10278,10284,10340,10340,10340,10340,10356,10356,10356,10356,10455,10455,10455,10455,10537,10747,10747,10747,10747,10747,10747,10747,10747,10747,10747,10767,10767,10767,10767,10767,10787,10787,10967,11076,11076,11154,11154,11181,11181,11181,11180,11260,11259,11259,11340,11348,11360,11375,11393,11413,11435,11458,11481,11506,11530,11556,11581,11607,11633,11659,11685,11711,11737,11763,11789,11815,11841,11867,11893,11919,11945,11971,11996,12022,12048,12074,12100,12126,12151,12177
Reno - NV,33740,33740,33740,33740,33740,34389,34389,34840,34840,35628,35254,35265,35637,36158,36692,37020,37276,37276,38305,38351,39221,39611,39631,40273,40764,41084,41321,41436,41497,42200,42313,42627,43638,44213,44903,45267,46193,46725,46853,46853,46913,46913,47212,47210,47477,47474,47534,47531,47617,47670,47787,47911,48061,48229,48413,48609,48814,49027,49244,49466,49692,49920,50150,50382,50615,50849,51083,51319,51555,51791,52028,52265,52503,52740,52978,53215,53453,53691,53929,54167,54405,54644
Richmond - VA,79353,79519,79508,80171,80570,80962,81154,81798,82491,82560,83013,83386,84317,84934,86042,86068,86211,87212,87885,88615,89487,90209,91369,91997,92316,92525,94274,94952,95527,96137,96500,98028,99296,100004,101979,102104,102446,103850,104740,106100,106100,106948,107751,108603,109290,109991,110693,110962,111292,111406,111609,111881,112207,112577,112980,113412,113867,114340,114826,115325,115831,116345,116864,117388,117915,118445,118977,119510,120045,120582,121120,121657,122196,122736,123275,123814,124355,124896,125437,125977,126519,127061
Rochester - NY,52189,52382,52491,52795,52890,53337,53409,53469,53744,54132,54179,54278,54458,54545,54590,54722,54877,54992,55964,56061,56358,56358,56358,56358,56571,57048,57066,57354,57499,58061,58061,58213,58630,58956,59071,59166,59433,59433,59691,59699,59699,59699,59819,60006,60003,60000,60006,60030,60069,60118,60176,60240,60309,60382,60459,60537,60617,60699,60781,60864,60947,61031,61114,61198,61282,61366,61450,61534,61617,61701,61785,61868,61952,62035,62118,62202,62285,62368,62451,62535,62618,62701
Sacramento - CA,129183,129270,129222,129222,129237,129350,129360,129478,129748,129748,130072,130072,130564,130897,131732,131746,132284,132599,133125,133659,133944,134249,134601,134596,134684,135556,135739,136147,136520,137523,138188,138572,139405,140298,141202,141664,142621,143725,144545,145119,145464,145873,146003,146259,146507,146493,146795,147177,147162,147287,147272,147257,147264,147308,147387,147494,147626,147776,147942,148121,148311,148509,148715,148926,149143,149363,149587,149814,150042,150273,150505,150738,150973,151208,151444,151680,151917,152154,152392,152630,152868,153106
Saint Louis - MO,126461,126515,127160,127527,127719,128012,128785,129815,130049,130559,131083,131046,132194,132696,133327,133843,134443,134850,134950,135955,136624,137306,137583,138533,139139,139307,139301,140202,140831,143235,144007,144247,145598,146711,147793,148639,148932,150025,150715,151018,151106,151586,151997,152354,152597,152918,153334,153566,153855,154186,154550,154939,155347,155769,156201,156640,157084,157531,157982,158434,158888,159342,159796,160252,160708,161164,161620,162078,162534,162991,163448,163905,164362,164818,165275,165732,166189,166647,167104,167562,168020,168478
Salem - OR,24197,24375,24483,24483,24483,24483,24663,24733,24733,25087,25208,25225,25434,25458,25466,25528,25956,25956,26052,26149,26149,26384,26773,27245,27460,27483,27510,27666,28006,28050,28633,28671,28679,29023,29347,29519,30173,30452,30518,30544,30544,31130,31129,31128,31126,31124,31562,31560,31604,31635,31689,31761,31848,31946,32053,32167,32286,32410,32536,32665,32797,32929,33063,33198,33333,33469,33606,33743,33880,34017,34155,34293,34431,34569,34707,34845,34983,35122,35260,35398,35537,35676
Salinas - CA,19590,19590,19600,19600,19600,19600,19600,19600,19600,19600,19648,19648,19648,19648,19648,19648,19648,19648,19648,19648,19648,19674,19674,19674,19674,19684,19684,19684,19734,19794,19794,19800,19800,19800,19800,19810,19810,19810,19810,19916,19916,19916,19915,19915,19913,19912,19975,19973,19972,19973,19976,19980,19985,19991,19998,20005,20013,20021,20029,20037,20046,20054,20063,20072,20080,20089,20098,20107,20116,20125,20133,20142,20151,20160,20169,20178,20187,20196,20205,20214,20223,20232
Salisbury - MD,6851,6851,6851,6851,6851,6932,6940,6940,6940,6940,6940,7195,7195,7195,7195,7399,7687,7838,8112,8142,8280,8334,8334,8502,8579,8911,9198,9198,9198,9422,9664,9860,10056,10088,10379,10870,11086,11750,11802,11802,11802,11802,11801,11801,11800,11815,12003,12036,12085,12146,12218,12297,12382,12471,12564,12660,12758,12858,12958,13060,13161,13263,13365,13468,13570,13673,13775,13877,13980,14082,14184,14286,14388,14490,14592,14694,14796,14898,14999,15101,15203,15305
Salt Lake City - UT,59619,60432,61203,61491,61579,62399,62687,63278,65156,65904,66280,67332,67982,69438,70468,71286,72744,73530,74679,75978,77624,77911,78112,78558,79976,81412,82772,83387,84778,86683,87599,88495,90663,92024,92973,93978,95790,97163,98076,98970,99719,100490,101377,102247,102985,103598,104353,104787,105416,106057,106649,107159,107723,108332,108978,109656,110360,111085,111827,112584,113352,114129,114914,115705,116501,117301,118104,118910,119718,120527,121337,122148,122958,123770,124582,125394,126206,127016,127827,128639,129451,130263
San Antonio - TX,162111,163447,164916,166023,167988,169138,170585,171219,173187,175545,177161,179171,180430,181313,182525,184625,185045,186805,187589,189394,191903,194297,195784,196780,197597,199224,199987,200675,201522,202961,206189,207652,210290,211312,212877,216711,219410,223741,226644,229509,229509,230866,232008,232637,233377,233835,234156,235040,235724,236520,237404,238364,239389,240469,241596,242765,243968,245203,246462,247745,249047,250364,251696,253041,254397,255764,257140,258525,259916,261314,262717,264126,265539,266957,268379,269804,271233,272665,274100,275538,276980,278424
San Diego - CA,246503,248050,248163,248397,249252,249549,249979,250491,251265,252254,253158,253871,255342,256894,257980,258422,259056,260075,262185,262417,263024,263902,264450,264995,267506,268607,269324,270354,271733,272775,273327,273822,274517,275898,277378,277642,279644,280628,281980,282935,283175,283886,284839,285558,286301,287030,287756,288421,289152,289860,290406,290914,291484,291683,291997,292409,292911,293490,294123,294801,295516,296262,297034,297827,298637,299461,300294,301137,301986,302840,303697,304556,305417,306279,307141,308003,308863,309721,310579,311435,312289,313142
San Francisco - CA,162689,163678,164203,164964,167090,167619,167640,168443,170711,171289,171422,172779,173698,173903,173903,174001,175332,175970,176091,176475,177228,178200,178927,179023,179722,181192,181666,182368,182395,183342,183691,184011,184687,184763,185013,185244,186215,186984,186984,187175,187175,187695,187998,188591,188869,188921,189429,189750,189746,189820,189972,190188,190456,190769,191120,191501,191907,192333,192776,193234,193704,194184,194671,195166,195666,196171,196679,197190,197705,198222,198741,199261,199783,200306,200830,201354,201879,202404,202930,203455,203981,204507
San Jose - CA,132598,133230,134506,134506,134746,137547,138917,139125,140224,140000,140395,140867,141574,144035,144861,145147,145726,147335,147402,148294,148772,150212,150719,151743,151779,153135,153610,153651,154860,155830,156306,156588,156518,156884,156884,157190,158043,158917,161301,162345,163061,163350,163896,164384,164705,164810,164785,164761,164760,164871,165073,165349,165687,166079,166515,166990,167499,168036,168599,169184,169788,170409,171044,171693,172355,173026,173707,174396,175093,175795,176504,177218,177937,178660,179386,180115,180848,181584,182321,183062,183805,184549
Santa Barbara - CA,18829,18829,19122,19122,19122,19394,19394,19585,19543,19543,19543,19579,19579,19737,19823,19823,19828,19828,19828,19870,19998,20108,20475,20481,20487,20487,20663,20663,20686,20686,20686,20686,20686,20686,20853,20841,20860,20944,20961,20961,20961,20961,20960,20959,20958,20957,20989,20988,20987,20990,20997,21006,21017,21030,21043,21058,21074,21090,21107,21124,21141,21159,21176,21194,21212,21230,21248,21266,21284,21302,21321,21339,21357,21375,21393,21412,21430,21448,21466,21485,21503,21521
Santa Rosa - CA,21253,21253,21497,21641,21641,21641,21751,21811,21847,21867,21629,21629,21629,21725,21732,21744,21929,21962,22159,22368,22398,22816,22816,22834,22834,22877,22877,22877,22924,23014,23208,23716,23716,23716,23988,24132,24261,24261,24409,24409,24409,24409,24408,24407,24776,24942,24962,24960,24998,25016,25287,25331,25383,25442,25506,25575,25647,25721,25798,25876,25955,26035,26115,26197,26278,26361,26443,26526,26608,26691,26774,26858,26941,27024,27107,27191,27274,27358,27441,27525,27608,27692
Sarasota - FL,24029,24177,24177,24595,25304,26024,26252,26718,26718,26908,26898,26904,27542,28309,28620,28620,29186,29605,30946,31637,31701,32745,33347,34181,34621,35228,35228,35674,35674,35779,36664,37604,39254,39894,40086,41014,42969,43824,44991,46176,47011,47539,47817,48272,48849,49144,50006,50645,51073,51354,51688,52064,52473,52907,53360,53830,54310,54800,55296,55796,56300,56806,57313,57821,58330,58840,59349,59859,60369,60878,61387,61895,62404,62912,63420,63928,64435,64943,65450,65958,66465,66973
Savannah - GA,22360,22591,22591,22591,22591,22911,23031,23604,23620,23900,24618,24800,24898,24898,25405,25679,25679,25679,25951,26623,27825,28100,28200,28853,29536,29569,29984,29984,29984,30338,30742,31273,32034,33150,33150,33616,34605,35579,36239,36401,36401,36721,36914,37201,37207,38144,38235,38504,39083,39395,39593,39816,40058,40315,40584,40862,41147,41437,41731,42028,42327,42627,42927,43229,43531,43833,44135,44437,44739,45041,45343,45644,45946,46247,46548,46849,47150,47451,47751,48052,48353,48654
Scranton - PA,8795,8815,8825,8836,8836,8861,8861,8861,8861,8861,8861,8861,8861,8861,8885,8885,8885,8885,9005,9005,9092,9140,9140,9210,9210,9210,9210,9210,9251,9251,9251,9269,9269,9269,9304,9304,9336,9348,9348,9348,9348,9348,9347,9347,9346,9346,9346,9347,9348,9350,9352,9354,9357,9360,9363,9366,9370,9373,9376,9379,9383,9386,9390,9393,9396,9400,9403,9406,9410,9413,9417,9420,9423,9427,9430,9433,9437,9440,9443,9447,9450,9453
Seattle - WA,295514,299084,301296,302577,304715,307430,311416,312921,315297,318875,321043,323389,325794,328596,331699,334800,337883,341199,343734,345767,346704,349903,351644,354443,357340,360570,362531,365268,368712,371957,373598,375417,376905,380156,382115,385158,389501,393781,396292,400363,401488,403533,405151,406647,407997,409401,410569,411734,412962,414327,415591,416527,417621,418852,420200,421647,423179,424785,426452,428172,429939,431745,433587,435457,437352,439269,441206,443161,445128,447106,449095,451092,453095,455104,457117,459135,461156,463181,465207,467236,469267,471300
Shreveport - LA,24304,24304,24354,24354,24354,24426,24426,24426,24426,24394,24394,24394,24394,24394,24394,24394,24466,24466,24466,24466,24466,24466,24466,24466,24466,24304,24304,24304,24304,24304,24586,24586,24586,24650,24618,24618,24854,24854,24854,24678,24678,24678,24677,24676,24762,24760,24758,24759,24762,24767,24774,24782,24790,24800,24809,24820,24830,24841,24852,24863,24874,24885,24896,24908,24919,24930,24941,24952,24964,24975,24986,24997,25008,25019,25030,25041,25052,25063,25074,25085,25096,25107
Spokane - WA,32589,32685,32691,32837,33248,33497,33569,34136,34149,34490,34614,34626,34852,35464,35930,35957,36179,36185,36393,36661,36736,37331,37638,37788,38117,38726,38738,38925,39224,39455,39618,39882,40074,40905,41319,41928,42463,43142,43354,43547,43561,43559,43558,43556,43876,43966,44023,44020,44242,44531,44616,44729,44865,45018,45186,45364,45550,45743,45942,46143,46348,46556,46765,46976,47188,47401,47614,47828,48043,48258,48473,48689,48905,49121,49337,49553,49769,49985,50202,50419,50635,50852
Springfield - MA,22943,23048,23114,23114,23114,23114,23114,23114,23247,23247,23247,23317,23335,23471,23488,23488,23488,23654,23654,23666,23666,23666,23666,23666,23726,23814,23814,23814,23814,23859,23859,23859,23859,23997,24037,24201,24201,24223,24223,24271,24271,24271,24270,24269,24268,24266,24268,24275,24288,24303,24322,24342,24364,24387,24412,24437,24462,24488,24515,24541,24568,24594,24621,24648,24674,24701,24728,24755,24782,24808,24835,24862,24888,24915,24941,24968,24995,25021,25048,25074,25101,25127
Springfield - MO,22044,22044,22189,22218,22283,22251,22357,22441,22518,22755,22826,22802,22814,22904,23515,23642,23708,23824,23849,23926,23967,24111,24111,24183,24183,24399,24621,24621,24779,24779,24830,24902,25603,25709,25727,25967,26066,26328,26473,26579,26579,26579,26834,26833,26831,26829,26835,26906,26953,27013,27083,27161,27245,27333,27424,27518,27614,27710,27808,27906,28005,28103,28202,28301,28400,28499,28598,28697,28796,28895,28994,29093,29192,29290,29389,29488,29587,29685,29784,29883,29982,30081
Stamford - CT,26369,26617,27123,27350,27821,28070,28417,28429,28441,28980,29050,29917,30205,30985,31256,32060,32060,32141,33207,33513,33797,33797,34079,34715,35329,35606,36031,36171,36351,36754,37269,38063,38267,38556,38590,39074,39891,40422,40784,40795,40864,41257,41930,42267,42596,43012,43221,43300,43791,43970,44184,44429,44699,44989,45298,45622,45957,46301,46653,47011,47374,47741,48111,48486,48861,49239,49617,49994,50373,50753,51132,51512,51891,52270,52649,53028,53407,53786,54164,54542,54920,55298
Stockton - CA,25062,25062,25062,25062,25062,25062,25062,25410,25410,25394,25378,25998,25998,25998,25993,25993,26147,26147,26357,26524,26828,26828,26984,26984,27230,27376,27592,27592,27592,27764,28196,28388,28417,28621,28729,29073,29073,29073,29073,29073,29073,29073,29072,29071,29069,29068,29066,29431,29430,29440,29458,29483,29513,29547,29584,29623,29664,29707,29751,29796,29842,29888,29935,29982,30029,30076,30124,30172,30219,30267,30315,30363,30411,30459,30508,30556,30604,30652,30700,30748,30797,30845
Syracuse - NY,31657,31657,31553,31553,31653,31811,31827,32089,32225,32616,32616,32709,32709,32709,32821,32821,32821,32837,32849,33061,33061,33300,33491,33567,33680,33680,33714,33736,33795,33874,34021,34288,34288,34288,34288,34288,34354,34682,34701,34767,34440,34446,34445,34443,34489,34487,34489,34787,34805,34827,34854,34883,34915,34948,34983,35019,35056,35094,35132,35170,35208,35246,35285,35323,35362,35401,35439,35478,35516,35555,35593,35632,35670,35708,35747,35785,35823,35861,35900,35938,35976,36014
Tallahassee - FL,20575,20575,20575,20575,20575,20661,20661,20693,20698,21246,21247,21253,21521,21829,22139,22383,22383,22383,22317,22262,22262,22302,22626,22646,22807,23059,23059,23059,23059,23059,23059,23319,23629,23644,23644,24430,24535,24529,24529,24829,24829,24829,24828,24872,24869,24866,24863,24874,24895,24924,24959,24999,25042,25088,25137,25187,25239,25291,25344,25398,25452,25506,25561,25615,25670,25725,25779,25834,25889,25943,25998,26052,26107,26161,26215,26270,26324,26378,26433,26487,26541,26595
Tampa - FL,175370,175713,175759,175807,176734,177973,179123,180531,181211,181078,182913,183895,185851,186907,190465,191591,192719,194313,194376,196054,197386,199522,201000,202089,204474,206077,207364,208942,212307,214729,215496,216968,219326,221005,222549,227002,230114,233350,235094,238004,238004,240188,242538,244317,245431,246816,248099,249673,251017,252010,253125,254834,256110,257435,258798,260186,261590,263003,264423,265843,267260,268675,270083,271486,272882,274272,275655,277032,278401,279764,281121,282471,283815,285154,286489,287820,289145,290467,291785,293101,294414,295723
Toledo - OH,36546,36734,36734,36734,36734,36734,36734,36734,36841,36841,37631,37949,37941,37941,38049,38161,38211,38211,38211,38590,38590,38795,38842,39094,39428,39428,39428,39386,39579,39579,39831,40047,40047,40171,40300,40417,40555,40555,40587,40849,40849,40907,40905,40903,41220,41217,41218,41233,41257,41289,41326,41368,41413,41461,41510,41561,41613,41665,41718,41771,41825,41878,41932,41985,42039,42092,42146,42200,42253,42307,42360,42414,42467,42521,42574,42627,42681,42734,42788,42841,42894,42948
Trenton - NJ,16599,17025,17025,17025,17075,17667,17667,17667,17829,18056,18056,18056,18056,18056,18288,18288,18346,18346,18346,18738,18773,18808,18878,18895,19715,20158,20177,20220,20220,20226,20226,20226,20226,20447,20447,20747,20789,20789,20789,21139,21139,21409,21562,21681,22068,22067,22187,22761,22944,23018,23104,23198,23300,23408,23520,23635,23752,23872,23992,24114,24236,24358,24481,24603,24726,24849,24972,25095,25218,25340,25463,25585,25708,25830,25953,26075,26197,26319,26441,26563,26685,26807
Tucson - AZ,78295,78295,78663,78871,78871,78871,79139,79139,79133,79158,79158,79398,79393,79480,79480,79480,79509,79543,80057,80117,80117,80217,80217,80583,80693,81438,81682,81949,81957,81957,81957,81957,82229,82983,83221,83884,83910,85423,85452,85631,85631,85631,85997,85994,85989,86341,86336,86365,86424,86507,86608,86724,86852,86989,87135,87287,87445,87607,87772,87940,88110,88282,88455,88630,88806,88983,89161,89339,89518,89697,89876,90056,90237,90417,90598,90779,90960,91141,91322,91504,91686,91868
Tulsa - OK,57299,57539,57919,57928,58396,58402,58406,58949,59425,59665,60241,60241,60257,60267,60329,60389,60488,60488,60488,61331,61331,61427,61427,61427,61427,61575,62035,62040,62464,62622,62760,62799,62811,63111,63111,64255,64517,64927,65476,65476,65476,65658,65772,66314,66629,66774,66787,67302,67411,67551,67714,67896,68091,68296,68508,68727,68949,69174,69401,69629,69859,70088,70318,70549,70779,71009,71240,71470,71701,71931,72161,72391,72621,72851,73081,73310,73540,73770,74000,74230,74459,74689
Vallejo-Fairfield - CA,17069,17037,17037,17037,17265,17265,17265,17629,17629,17692,17692,17692,17702,17702,17702,17702,17702,17717,17717,17717,17962,17962,17962,17962,17962,17962,17962,18122,18122,18415,18415,18415,18415,18490,18622,18622,18622,18622,18622,19084,19084,19084,19083,19082,19081,19369,19440,19438,19439,19450,19471,19500,19534,19572,19614,19659,19706,19754,19804,19855,19907,19959,20012,20065,20118,20172,20225,20279,20334,20388,20442,20496,20551,20605,20659,20714,20768,20823,20877,20932,20986,21041
Ventura - CA,33104,33104,33104,33128,33363,33363,33363,33283,33276,33322,33270,33720,33720,34096,34315,34360,34360,34810,35175,35220,35260,35260,35563,35599,35607,35607,35661,35661,36158,36298,36298,36577,36577,36787,36830,37446,37446,37446,37446,37446,37446,37446,37778,38162,38159,38236,38349,38346,38435,38488,38525,38576,38637,38706,38782,38863,38947,39034,39124,39216,39309,39403,39498,39593,39689,39786,39882,39980,40077,40174,40272,40370,40468,40565,40663,40761,40859,40957,41056,41154,41252,41350
Visalia - CA,6910,6910,6910,6910,6910,6910,6910,7078,7078,7078,7086,7086,7086,7086,7086,7086,7086,7086,7254,7254,7254,7254,7254,7254,7254,7254,7254,7254,7254,7254,7254,7380,7460,7768,7855,7855,7855,7855,7855,8074,8074,8074,8073,8289,8289,8288,8336,8335,8336,8368,8386,8411,8440,8473,8508,8547,8586,8628,8670,8713,8757,8801,8846,8891,8936,8982,9028,9073,9119,9165,9211,9257,9304,9350,9396,9442,9488,9535,9581,9627,9674,9720
Washington - DC,456823,459828,461176,463405,468040,470423,472907,476093,479773,481993,484296,488077,489907,492841,495214,497225,501079,505585,508139,512032,516476,519255,523026,524823,530009,533712,536872,538962,541360,545958,549116,552012,554751,558820,562792,566198,569162,573810,579217,582047,583051,584528,586224,587609,588894,590044,591390,592513,593314,594462,595740,597389,598539,599724,601132,602726,604476,606357,608346,610425,612582,614803,617079,619403,621767,624166,626596,629051,631527,634019,636524,639040,641566,644103,646647,649197,651751,654309,656871,659436,662002,664572
Wichita - KS,30608,30692,31418,31418,31558,31812,32052,32280,32430,32470,32758,32929,33247,33432,33432,34246,34594,34594,34594,34594,34594,34602,34602,34602,34806,34806,34806,34824,34824,34868,34868,34944,35627,35873,35927,36303,36303,36411,36571,36598,36598,36598,36848,37406,37445,37683,37692,37739,37815,37913,38026,38153,38288,38431,38578,38730,38885,39041,39199,39358,39517,39676,39836,39996,40156,40317,40477,40637,40797,40957,41117,41277,41437,41596,41756,41916,42076,42235,42395,42555,42715,42874
Winston-Salem - NC,29661,30057,30057,30417,30587,30587,30587,30587,30963,31078,31117,31117,31117,31117,31256,31485,31485,31821,32165,32421,32421,32421,32513,32513,32513,32513,32513,32513,32819,33043,33637,33637,33637,33879,34261,34569,35081,35170,35170,35192,35192,35192,35191,35419,35416,35413,35410,35423,35450,35486,35529,35579,35632,35690,35750,35812,35875,35940,36006,36073,36139,36207,36274,36341,36409,36476,36544,36612,36679,36747,36814,36881,36949,37016,37083,37150,37218,37285,37352,37419,37486,37553
Worcester - MA,27718,27718,27891,27885,27885,28180,28231,28231,28327,28327,28327,28730,28760,29149,29149,29197,29241,29351,29351,29465,29465,29531,29735,29827,29945,30003,30066,30316,30424,30545,30589,30938,31089,31148,31376,31855,32080,32463,32636,32636,32636,32846,32845,32843,33061,33153,33163,33246,33299,33367,33446,33533,33627,33726,33829,33935,34043,34153,34264,34376,34489,34601,34714,34827,34941,35054,35167,35280,35393,35506,35619,35732,35845,35958,36070,36183,36296,36408,36521,36633,36745,36858
York - PA,10023,10126,10168,10198,10274,10274,10289,10145,10173,10173,10226,10184,10184,10184,10184,10198,10577,10637,10637,10771,10771,10771,10894,10894,11013,11045,11061,11077,11077,11082,11082,11277,11686,11926,12097,12097,12138,12138,12236,12820,12820,12820,12819,12819,12818,13097,13106,13135,13178,13232,13295,13365,13440,13519,13602,13686,13773,13861,13950,14039,14129,14219,14309,14400,14490,14581,14671,14761,14852,14942,15032,15123,15213,15303,15393,15483,15573,15663,15753,15843,15933,16022
Youngstown - OH,17896,17896,17880,17880,17922,17922,17922,17922,17893,17893,17893,17928,17928,17928,17922,17988,17988,17988,17988,18120,18120,18120,18120,18128,18128,18128,18128,18128,18128,18128,18128,18128,18128,18128,18128,18128,18128,18105,18006,18006,18006,18006,18005,18004,18003,18001,18000,17999,17998,17996,17995,17994,17992,17991,17990,17989,17987,17986,17985,17984,17982,17981,17980,17979,17977,17976,17975,17974,17972,17971,17970,17968,17967,17966,17964,17963,17962,17960,17959,17958,17956,17955
