Market,2015 Q2,2015 Q3,2015 Q4,2016 Q1,2016 Q2,2016 Q3,2016 Q4,2017 Q1,2017 Q2,2017 Q3,2017 Q4,2018 Q1,2018 Q2,2018 Q3,2018 Q4,2019 Q1,2019 Q2,2019 Q3,2019 Q4,2020 Q1,2020 Q2,2020 Q3,2020 Q4,2021 Q1,2021 Q2,2021 Q3,2021 Q4,2022 Q1,2022 Q2,2022 Q3,2022 Q4,2023 Q1,2023 Q2,2023 Q3,2023 Q4,2024 Q1,2024 Q2,2024 Q3,2024 Q4,2025 Q1
Akron - OH,705914.625,705742.375,705495.5,705252.375,705031.9375,704727.3125,704826.75,704907.4375,704903.0,704886.125,704800.125,704661.3125,704519.4375,704354.9375,704159.4375,703939.5,703683.5,703459.75,703130.625,702750.1875,702219.0,701674.0,700322.3125,698873.5,697508.75,696512.0,696553.25,696833.6875,697072.8125,697511.0,697639.75,697863.25,698169.9375,698398.0,698229.125,698137.0,698068.3125,697983.5625,697936.5625,697896.0
Albany - NY,886272.0,886964.0,887639.375,888315.6875,888996.0,889662.1875,890349.9375,891034.4375,891704.5625,892372.9375,893043.375,893705.0625,894366.5,895024.3125,895643.125,896258.0,896866.875,897481.625,898089.125,898688.1875,899262.0,899724.0,900920.25,901990.75,903168.5,904824.0,904246.0,903978.875,903658.0,903595.0,903746.25,904020.0625,904402.0,904682.0,904226.9375,903059.5625,901774.4375,900672.8125,899899.0,899459.0
Albuquerque - NM,904400.3125,904558.25,905164.4375,905774.875,906414.1875,906944.8125,907553.5625,908138.125,908612.5,909070.375,909567.375,909995.9375,910420.125,910814.5625,911481.1875,912115.875,912703.1875,913331.5,914507.0625,915616.0625,916528.0,917579.0,917952.0,918197.0625,918551.8125,919392.0,919303.3125,919530.375,919702.875,920138.0,920554.8125,921096.375,921748.0,922296.0,922753.1875,923310.75,923965.875,924693.8125,925487.8125,926276.125
Anchorage - AK,400406.40625,400566.09375,401272.875,401981.90625,402703.78125,403377.59375,403209.28125,403030.3125,402802.625,402567.90625,401873.28125,401148.5,400422.09375,399682.90625,399340.90625,398985.1875,398609.0,398251.09375,398324.5,398369.0,398328.0,398397.0,398804.59375,399156.59375,399556.21875,400167.0,400119.1875,400208.90625,400274.8125,400455.0,400616.40625,400832.0,401095.625,401314.0,401310.40625,401440.5,401718.90625,402134.1875,402672.40625,403197.8125
Asheville - NC,445862.90625,447156.3125,448665.3125,450176.90625,451703.5,453176.21875,454459.28125,455730.71875,456947.28125,458155.90625,459358.0,460525.78125,461691.90625,462843.1875,463747.71875,464636.28125,465501.09375,466387.09375,467318.78125,468217.09375,469015.0,469781.0,470632.125,471417.375,472258.78125,473350.0,474016.59375,474845.875,475646.90625,476584.0,477417.125,478314.90625,479269.90625,480171.0,481323.3125,482571.0,483833.59375,485103.5,486339.6875,487531.71875
Atlanta - GA,5681309.0,5704653.0,5730552.0,5756483.0,5782600.0,5808024.0,5829766.0,5851356.0,5872239.0,5893015.0,5912030.0,5930603.0,5949149.0,5967502.0,5986444.0,6005178.0,6023602.0,6042297.0,6058860.0,6074989.0,6089815.0,6105757.0,6115171.0,6123730.0,6133018.0,6145550.0,6163178.0,6182919.0,6202293.0,6223443.0,6239852.0,6257104.0,6275106.0,6292404.0,6310491.0,6330022.0,6351223.0,6372389.0,6393851.0,6414516.0
Augusta - GA,588219.0,589767.5,591083.6875,592402.5625,593740.125,595006.25,596266.9375,597511.5,598683.5,599844.3125,600833.5,601777.3125,602718.0,603639.0,604763.3125,605866.25,606937.5,608035.875,609097.25,610114.3125,611000.0,612172.0,613122.0625,613986.5625,614924.1875,616187.0,617951.5,619927.9375,621867.375,623985.0,625262.5625,626625.0,628062.3125,629429.0,630025.1875,630397.5625,630647.1875,630953.0,631443.125,631982.4375
Austin - TX,1992832.0,2007760.0,2022761.0,2037773.0,2052850.125,2067680.875,2081137.0,2094540.0,2107688.0,2120798.0,2133601.0,2146243.0,2158876.0,2171437.0,2186731.0,2201948.0,2217050.0,2232250.0,2249557.0,2266707.0,2283371.0,2300135.0,2314557.0,2328653.0,2343022.0,2358634.0,2374057.0,2390292.0,2406385.0,2423170.0,2436353.0,2449376.0,2461711.0,2473275.0,2485843.0,2497629.0,2509418.0,2521289.0,2533181.0,2545105.0
Bakersfield - CA,880156.3125,881982.75,883275.1875,884572.875,885899.75,887120.8125,888906.5,890669.375,892325.3125,893965.8125,895750.0,897467.6875,899181.875,900867.6875,902339.8125,903781.125,905176.375,906613.25,907595.5,908512.6875,909235.0,905910.0,907530.375,909024.0,910625.625,912709.0,913446.0,914496.6875,915493.0,916751.0,915896.1875,915165.6875,914544.375,913820.0,913202.875,912957.1875,912813.0,912720.8125,912931.5,913370.5
Baltimore - MD,2813645.0,2817051.0,2819017.0,2820999.0,2823073.0,2824809.0,2827101.0,2829319.0,2831196.0,2833023.0,2834852.0,2836469.0,2838074.0,2839588.0,2840720.0,2841754.0,2842642.0,2843661.0,2844285.0,2844703.0,2844510.0,2842668.0,2842557.0,2842051.0,2841884.0,2843219.0,2840267.0,2838292.0,2836148.0,2834813.0,2834311.0,2834194.0,2834414.0,2834316.0,2836138.0,2838110.0,2840324.0,2842613.0,2844999.0,2847331.0
Baton Rouge - LA,835005.1875,836416.875,838183.6875,839956.125,841756.5625,843457.5,843231.625,842983.0625,842632.375,842266.75,842784.4375,843239.0625,843690.3125,844114.625,844948.625,845753.8125,846515.9375,847317.0,848155.875,848934.0,849530.0,849323.0,849905.5,850369.375,850934.8125,851950.0,851678.5,851699.6875,851670.3125,851884.0,852174.6875,852580.875,853088.9375,853501.0,854166.0625,854905.875,855777.5625,856688.5,857609.0625,858489.8125
Beaumont - TX,411238.40625,412098.6875,412634.0,413171.6875,413722.90625,414224.90625,414661.71875,415087.59375,415463.59375,415832.3125,414629.5,413394.90625,412158.125,410907.5,410756.1875,410590.6875,410404.0,410236.0,410134.0,410002.09375,409782.0,409395.0,408945.0,408438.1875,407980.40625,407738.0,407314.09375,407030.21875,406722.09375,406530.0,406886.6875,407215.78125,407430.21875,407518.0,408158.28125,408608.625,409029.5,409495.78125,409783.6875,409896.6875
Birmingham - AL,1158272.0,1159673.0,1160957.0,1162247.0,1163576.0,1164766.0,1165988.0,1167181.0,1168233.0,1169265.0,1170450.0,1171548.0,1172642.0,1173698.0,1174859.0,1175979.0,1177039.0,1178154.0,1179121.0,1180002.0,1180631.0,1181776.0,1181641.0,1181342.0,1181184.0,1181650.0,1181080.0,1180917.0,1180683.0,1180786.0,1181505.0,1182383.0,1183403.0,1184290.0,1186474.0,1188600.0,1190634.0,1192870.0,1195085.0,1197120.0
Boise - ID,672885.625,675849.9375,679992.6875,684138.5,688305.75,692389.5625,696986.3125,701564.0625,706056.375,710534.625,715324.8125,720060.4375,724792.0,729498.75,734521.125,739516.75,744472.75,749461.125,754637.0625,759759.375,764718.0,770223.0,776855.75,783378.4375,789992.375,797026.0,800368.6875,803985.4375,807554.375,811355.0,814571.875,817898.9375,821324.0,824657.0,829327.8125,833909.4375,838465.0625,842984.625,847406.125,851698.5
Boston - MA,4755417.0,4764851.0,4774255.0,4783672.0,4793119.0,4802488.0,4811999.0,4821498.0,4830917.0,4840329.0,4849738.0,4859100.0,4868466.0,4877816.0,4886986.0,4896139.0,4905259.0,4914421.0,4923573.0,4932678.0,4941632.0,4933650.0,4926422.0,4918510.0,4911188.0,4906460.0,4904133.0,4903492.0,4902560.0,4903026.0,4906410.0,4910460.0,4915096.0,4919179.0,4929508.0,4940334.0,4951758.0,4963147.0,4973974.0,4984511.0
Brownsville-Harlingen - TX,418246.40625,418231.8125,418588.09375,418946.40625,419318.125,419639.3125,419723.5,419796.375,419818.59375,419833.3125,419738.5,419612.09375,419483.875,419342.1875,419534.90625,419712.8125,419869.125,420044.3125,420419.09375,420763.3125,421017.0,421480.0,421732.09375,421925.5,422169.1875,422636.0,423078.09375,423665.40625,424227.59375,424911.0,425475.40625,426011.1875,426426.90625,426710.0,426835.125,426759.40625,426651.40625,426588.71875,426501.71875,426396.6875
Buffalo - NY,1152809.0,1153572.0,1154312.0,1155054.0,1155800.0,1156528.0,1157283.0,1158034.0,1158767.0,1159496.0,1160228.0,1160948.0,1161668.0,1162383.0,1163046.0,1163705.0,1164355.0,1165013.0,1165661.0,1166298.0,1166902.0,1164468.0,1164407.0,1164184.0,1164100.0,1164631.0,1162848.0,1161464.0,1160012.0,1158890.0,1157914.0,1157096.0,1156415.0,1155604.0,1154679.0,1153667.0,1152528.0,1151456.0,1150635.0,1150205.0
Canton - OH,405713.59375,405492.1875,405245.59375,405000.875,404769.1875,404489.0,404175.0,403850.1875,403476.40625,403095.40625,402979.0,402832.21875,402683.59375,402522.0,402396.90625,402257.90625,402098.125,401956.6875,401877.40625,401769.0,401574.0,401224.0,401006.0,400732.09375,400506.28125,400492.0,400117.0,399879.5,399618.1875,399471.0,399418.5,399420.1875,399469.59375,399474.0,399259.1875,399088.09375,398930.3125,398763.21875,398620.3125,398485.09375
Charleston - SC,735334.125,739489.8125,743138.3125,746785.8125,750452.5625,754024.75,757228.8125,760408.875,763492.6875,766558.3125,769329.875,772039.9375,774742.625,777416.3125,780614.9375,783781.9375,786903.8125,790056.5625,793348.5625,796579.875,799636.0,803475.0,806241.5,808894.875,811644.125,814823.0,818460.1875,822377.6875,826246.375,830352.0,835007.0,839774.625,844643.0,849417.0,852080.0,854399.75,856573.8125,858974.9375,861363.25,863690.4375
Charlotte - NC,2410508.0,2422073.0,2434822.0,2447579.0,2460411.0,2472944.0,2485469.0,2497926.0,2510076.0,2522176.0,2532795.0,2543220.0,2553630.0,2563953.0,2574641.0,2585236.0,2595693.0,2606262.0,2617248.0,2628045.0,2638274.0,2647614.0,2656865.0,2665744.0,2674938.0,2685549.0,2696529.0,2708433.0,2720176.0,2732699.0,2744963.0,2757598.0,2770563.0,2783218.0,2794535.0,2805494.0,2816125.0,2827124.0,2837841.0,2848301.0
Chattanooga - TN,544827.0625,545403.0625,546393.375,547385.6875,548394.875,549337.5625,550203.9375,551055.0,551838.6875,552611.875,553639.375,554624.5,555606.3125,556569.1875,557333.125,558076.875,558791.3125,559530.25,560637.0625,561702.8125,562647.0,563952.0,564776.125,565521.4375,566333.9375,567446.0,569029.4375,570807.9375,572552.5,574461.0,576011.75,577640.375,579338.1875,580971.0,581389.25,581755.8125,582147.1875,582604.1875,583210.375,583852.8125
Chicago - IL,9666900.0,9669293.0,9669094.0,9668941.0,9669098.0,9668096.0,9668343.0,9668329.0,9667146.0,9665787.0,9663530.0,9660543.0,9657509.0,9654158.0,9650611.0,9646726.0,9642339.0,9638387.0,9632926.0,9626754.0,9618502.0,9604412.0,9583724.0,9561708.0,9540842.0,9525011.0,9502680.0,9483618.0,9463992.0,9447064.0,9441618.0,9437453.0,9434414.0,9430312.0,9428250.0,9426726.0,9425518.0,9424519.0,9423351.0,9421392.0
Cincinnati - OH,2173168.0,2176041.0,2179251.0,2182474.0,2185769.0,2188804.0,2192373.0,2195886.0,2199135.0,2202346.0,2205282.0,2208053.0,2210817.0,2213510.0,2216733.0,2219881.0,2222916.0,2226052.0,2229000.0,2231789.0,2234099.0,2236268.0,2236195.0,2235810.0,2235692.0,2236756.0,2237524.0,2239061.0,2240465.0,2242509.0,2245421.0,2248638.0,2252124.0,2255356.0,2257949.0,2260763.0,2263643.0,2266450.0,2269257.0,2272004.0
Cleveland - OH,2085481.875,2085629.875,2085893.125,2086166.0,2086504.875,2086595.0,2087372.125,2088093.0,2088562.0,2088992.0,2089241.0,2089333.0,2089416.0,2089430.875,2089565.0,2089626.0,2089580.125,2089628.875,2089419.875,2089060.0,2088251.0,2086620.125,2083042.0,2079175.0,2075558.125,2073035.875,2070093.0,2067861.125,2065506.125,2063741.0,2063052.0,2062644.0,2062481.875,2062086.875,2061969.0,2061958.0,2062023.0,2062073.0,2062054.875,2061943.125
Colorado Springs - CO,697055.5,699847.4375,703692.375,707541.3125,711413.5,715200.625,718482.3125,721745.625,724921.875,728085.0,731240.875,734342.25,737440.3125,740514.5625,742892.0,745243.6875,747556.875,749904.1875,751727.5,753497.0,755105.0,757128.0,758337.6875,759441.5,760635.625,762232.0,762809.5625,763649.1875,764443.4375,765456.0,766197.875,767043.5625,767981.0,768832.0,770787.75,772775.8125,774754.375,776810.9375,778882.0,780911.6875
Columbia - SC,800871.6875,802983.1875,804560.125,806139.0,807741.5,809245.0,810770.375,812272.25,813673.8125,815058.3125,816423.875,817726.0625,819022.5625,820290.5,821625.4375,822929.8125,824189.5625,825484.6875,826914.125,828282.0,829470.0,830137.0,831981.0,833708.625,835535.25,837804.0,840129.5,842743.0,845306.5,848112.0,850546.0625,853095.25,855746.5625,858302.0,859308.4375,859970.5,860691.375,861584.25,862592.5625,863659.3125
Columbus - OH,2026470.0,2032922.0,2039121.0,2045332.0,2051607.875,2057638.0,2065388.875,2073086.875,2080533.0,2087940.875,2093395.0,2098692.0,2103979.0,2109198.0,2114069.0,2118866.0,2123554.0,2128337.0,2132122.0,2135753.0,2138926.0,2141895.0,2142966.0,2143738.0,2144765.0,2146927.0,2150068.0,2153947.0,2157698.0,2162066.0,2166329.0,2170884.0,2175700.0,2180271.0,2186793.0,2193422.0,2200153.0,2206838.0,2213507.0,2220060.0
Corpus Christi - TX,448236.375,449133.78125,449340.3125,449548.71875,449771.09375,449939.3125,449659.78125,449368.28125,449022.625,448669.09375,447979.875,447257.375,446533.59375,445795.8125,445638.3125,445465.21875,445269.1875,445093.40625,445370.40625,445614.8125,445763.0,446171.0,446481.5,446729.71875,447031.1875,447569.0,447202.90625,446990.5,446751.5,446640.0,447181.21875,447692.40625,448077.40625,448323.0,448789.625,449227.5,449724.21875,450286.71875,450762.09375,451162.8125
Dallas-Fort Worth - TX,7065418.0,7102696.0,7140131.0,7177591.0,7215272.0,7252075.0,7287348.0,7322421.0,7356596.0,7390625.0,7420290.0,7449387.0,7478442.0,7507243.0,7535426.0,7563338.0,7590848.0,7618690.0,7649444.0,7679646.0,7708190.0,7737680.0,7764686.0,7790601.0,7817439.0,7848417.0,7889858.0,7934000.0,7977670.0,8023630.0,8064320.0,8104482.0,8142364.0,8177699.0,8208599.5,8236478.5,8262940.5,8289368.0,8315549.0,8341644.5
Dayton - OH,804351.0,804209.6875,804716.125,805226.8125,805763.625,806204.25,806733.0,807240.75,807650.875,808046.875,808607.3125,809107.125,809603.5625,810074.0,810837.8125,811573.625,812267.8125,812999.1875,813446.5,813835.0625,814049.0,814209.0,814036.0625,813749.875,813561.0,813802.0,813286.5,813050.5,812766.3125,812714.0,813017.875,813432.0,813943.3125,814363.0,814291.875,814310.4375,814356.375,814383.9375,814466.125,814567.375
Daytona Beach - FL,615672.75,618574.25,622068.8125,625563.75,629075.8125,632509.5625,635379.375,638230.25,641001.375,643758.4375,646130.125,648451.1875,650767.375,653060.4375,655271.9375,657458.6875,659609.375,661787.875,664246.8125,666656.375,668921.0,671804.0,675629.5,679359.625,683169.6875,687342.0,691905.0625,696704.6875,701463.1875,706423.0,710540.125,714569.8125,718316.0,721796.0,723085.875,724064.6875,724812.625,725587.875,726553.3125,727705.5
Denver - CO,2794175.0,2808216.0,2818510.0,2828813.0,2839203.0,2849247.0,2857516.0,2865705.0,2873544.0,2881326.0,2890785.0,2900021.0,2909239.0,2918358.0,2925247.0,2932031.0,2938659.0,2945417.0,2951908.0,2958184.0,2963821.0,2970119.0,2971833.0,2973134.0,2974789.0,2978016.0,2979168.0,2981342.0,2983340.0,2986190.0,2990527.0,2995269.0,3000368.0,3005131.0,3013666.0,3022330.0,3029832.0,3036749.0,3043768.0,3050747.0
Des Moines - IA,622683.25,625220.0,628170.25,631124.0,634098.5,636997.3125,639630.9375,642248.125,644787.875,647316.125,649682.125,651999.5625,654314.375,656608.0,658904.0,661177.1875,663416.375,665685.75,667754.25,669775.5,671653.0,673390.0,675703.9375,677923.0,680222.5,682882.0,684795.0,686942.6875,689049.6875,691354.0,693234.375,695208.5,697265.9375,699245.0,700853.1875,702495.625,704116.375,705803.5,707598.5625,709448.125
Detroit - MI,4357681.0,4359137.0,4362723.0,4366333.0,4370087.0,4373319.0,4376901.0,4380369.0,4383309.0,4386172.0,4388601.0,4390700.0,4392781.0,4394722.0,4395396.0,4395917.0,4396213.0,4396708.0,4395683.0,4394335.0,4392041.0,4385248.0,4380874.0,4375891.0,4371433.0,4369283.0,4362815.0,4357848.0,4352621.0,4348636.0,4346474.0,4344901.0,4343847.0,4342304.0,4345996.0,4350390.0,4353385.0,4356041.0,4358573.0,4361001.0
Durham - NC,548040.6875,550058.625,552476.0625,554895.875,557332.875,559702.5625,561370.75,563023.6875,564608.0625,566181.8125,568996.8125,571768.3125,574536.5,577285.1875,578944.875,580584.125,582192.6875,583827.25,585592.25,587314.8125,588911.0,585020.0,587671.375,590240.125,592878.5,595831.0,597401.1875,599176.0625,600915.5625,602827.0,604259.5,605773.6875,607360.5,608879.0,611070.3125,613197.3125,615254.25,617383.3125,619351.1875,621165.6875
East Bay - CA,2767132.0,2778322.0,2786369.0,2794435.0,2802595.0,2810423.0,2815647.0,2820801.0,2825615.0,2830381.0,2834166.0,2837739.0,2841301.0,2844773.0,2846330.0,2847789.0,2849103.0,2850546.0,2850134.0,2849513.0,2848280.0,2846535.0,2836650.0,2826374.0,2816438.0,2807988.0,2801472.0,2795920.0,2790201.0,2785278.0,2782891.0,2780882.0,2779204.0,2777213.0,2781885.0,2787697.0,2793833.0,2800140.0,2806571.0,2812902.0
El Paso - TX,847924.0625,848007.3125,849423.5,850845.5,852296.0625,853646.1875,854847.75,856027.75,857105.3125,858168.25,858670.875,859109.0,859543.5,859950.3125,860996.0,862012.6875,862985.75,863998.75,865721.0,867382.375,868859.0,869802.0,869968.875,870014.6875,870164.4375,870774.0,870483.5625,870492.375,870449.5,870655.0,871558.875,872404.0,873003.1875,873331.0,874916.0,876166.625,877363.5625,878568.3125,879765.6875,880944.6875
Fayetteville - NC,382435.5,382293.625,382731.6875,383171.28125,383622.71875,384027.8125,383673.5,383309.21875,382898.8125,382481.8125,383144.90625,383778.40625,384409.6875,385027.8125,385487.40625,385933.09375,386358.5,386800.8125,386850.40625,386871.78125,386810.0,387706.0,388512.3125,389264.1875,390062.40625,391067.0,390801.3125,390669.8125,390515.1875,390472.0,390885.90625,391352.8125,391866.40625,392336.0,392703.3125,393031.40625,393342.28125,393679.8125,394005.8125,394329.3125
Flint - MI,412355.71875,411756.59375,411376.90625,410999.375,410635.09375,410221.8125,409909.09375,409585.375,409212.3125,408832.0,408591.8125,408320.90625,408048.3125,407762.59375,407527.40625,407278.1875,407008.09375,406756.59375,406623.5,406460.90625,406211.0,405777.0,405454.09375,405074.8125,404744.0,404627.0,403830.09375,403172.09375,402490.21875,401923.0,401769.1875,401669.90625,401618.59375,401522.0,400870.0,400281.90625,399728.21875,399181.875,398675.6875,398195.0
Fort Lauderdale - FL,1875992.0,1881544.0,1888156.0,1894774.0,1901450.0,1907896.0,1913103.0,1918258.0,1923178.0,1928062.0,1930706.0,1933205.0,1935694.0,1938119.0,1939468.0,1940749.0,1941930.0,1943199.0,1943824.0,1944309.0,1944375.0,1943398.0,1941273.0,1938877.0,1936715.0,1935575.0,1937823.0,1940737.0,1943535.0,1946889.0,1951552.0,1955970.0,1959611.0,1962531.0,1967574.0,1972679.0,1977656.0,1982527.0,1987241.0,1991793.0
Fort Myers - FL,684747.0,689663.5,694747.8125,699825.3125,704915.0,709909.625,713658.625,717381.0,721008.625,724614.9375,727397.0,730118.125,732829.5625,735510.9375,738984.3125,742424.3125,745817.6875,749236.875,753196.5,757094.75,760822.0,765547.0,771814.8125,777973.0625,784222.4375,790888.0,798524.75,806433.6875,814295.25,822390.9375,825754.8125,829016.125,831948.1875,834573.125,835865.8125,836798.1875,837462.8125,838158.0625,839271.4375,840798.125
Fort Wayne - IN,430741.40625,431381.1875,431966.40625,432554.09375,433155.90625,433706.09375,434463.40625,435209.5,435903.1875,436589.375,437593.8125,438565.71875,439536.0,440492.40625,441542.3125,442577.21875,443589.59375,444622.5,445728.21875,446802.40625,447781.0,448587.0,449347.6875,450045.59375,450797.09375,451787.0,452334.59375,453037.40625,453713.28125,454519.0,455289.09375,456120.78125,457007.125,457842.0,458440.875,458990.28125,459484.09375,459954.40625,460392.21875,460796.28125
Fresno - CA,972092.3125,974439.0,976426.875,978420.5625,980446.4375,982355.5625,984712.8125,987044.9375,989258.4375,991454.6875,993304.0625,995079.5,996851.0625,998590.875,1000374.0,1002122.0,1003819.0,1005563.0,1006713.0,1007792.0,1008654.0,1009552.0,1010351.0,1011010.0,1011789.0,1013103.0,1013364.0,1013972.0,1014521.0,1015359.0,1015674.0,1016128.0,1016702.0,1017162.0,1016913.0,1017077.0,1017355.0,1017692.0,1018322.0,1019162.0
Grand Rapids - MI,1042387.9375,1044696.0625,1047333.0,1049976.0,1052653.0,1055205.0,1057796.0,1060359.0,1062794.0,1065211.0,1067304.0,1069317.0,1071325.0,1073300.0,1074657.0,1075978.0,1077243.0,1078558.0,1080238.0,1081840.0,1083211.0,1084632.0,1085306.0,1085828.0,1086480.0,1087706.0,1088066.0,1088800.0,1089469.0,1090449.0,1091863.0,1093425.0,1095118.0,1096688.0,1098944.0,1101380.0,1103915.0,1106476.0,1109027.0,1111523.0
Greensboro - NC,751977.1875,753154.125,754977.625,756805.125,758656.8125,760417.75,761341.375,762244.875,763056.1875,763854.0,765028.375,766145.3125,767258.8125,768347.4375,769661.0,770947.875,772194.875,773476.9375,774599.3125,775666.0,776566.0,774941.0,775852.875,776656.625,777552.6875,778860.0,780066.25,781540.125,782967.5625,784619.0,785820.0,787127.375,788529.125,789842.0,791192.3125,792453.4375,793618.5,794870.8125,795985.6875,796974.0
Greenville - SC,870509.875,873489.375,876380.3125,879275.0625,882197.8125,885014.0,887749.0625,890460.375,893063.4375,895649.5,898492.1875,901266.75,904036.625,906776.5,910097.6875,913386.4375,916627.0,919908.0625,922781.125,925587.6875,928195.0,930762.0,933356.0625,935819.5,938393.9375,941465.0,945545.25,949949.25,954296.8125,958918.0,962930.1875,967072.375,971330.625,975480.0,977767.0,979653.875,981174.0,982856.0,984653.8125,986495.0
Gulfport-Biloxi-Pascagoula - MS,387525.78125,388096.5,388622.59375,389150.375,389690.625,390183.8125,390963.1875,391732.0,392453.0,393166.6875,393677.1875,394158.0,394636.6875,395102.5,395543.21875,395970.09375,396376.1875,396800.1875,397223.21875,397617.40625,397926.0,398305.0,398681.21875,399001.71875,399369.8125,399949.0,400195.1875,400578.78125,400938.59375,401413.0,401796.21875,402233.875,402719.59375,403160.0,403389.8125,403648.09375,403902.40625,404146.78125,404402.09375,404652.0
Harrisburg - PA,569958.375,571079.75,572051.25,573026.6875,574021.125,574947.5625,576055.9375,577149.75,578174.6875,579190.125,580317.5,581402.25,582485.0,583549.9375,584614.3125,585659.125,586674.5,587717.25,589118.3125,590478.0625,591712.0,592793.0,594475.8125,596075.3125,597745.4375,599732.0,600452.25,601378.5,602269.25,603332.0,603932.3125,604614.375,605368.6875,606055.0,606288.8125,606651.1875,607162.75,607737.125,608327.0625,608909.9375
Hartford - CT,1219979.0,1219651.0,1219029.0,1218414.0,1217837.0,1217115.0,1217017.0,1216887.0,1216610.0,1216311.0,1216424.0,1216446.0,1216463.0,1216441.0,1216129.0,1215776.0,1215360.0,1215000.0,1214656.0,1214224.0,1213531.0,1203427.0,1205881.0,1208166.0,1210595.0,1213664.0,1213842.0,1214437.0,1214960.0,1215829.0,1216381.0,1217097.0,1217958.0,1218683.0,1216885.0,1215152.0,1213729.0,1212405.0,1211266.0,1210955.0
Honolulu - HI,1017323.0,1019526.0,1021110.0,1022700.0,1024324.0,1025827.0,1025592.0625,1025326.0625,1024933.0,1024517.9375,1024286.0,1023974.0,1023653.0,1023297.0,1022545.0,1021754.0,1020906.0,1020100.0,1019031.0,1017882.0,1016508.0,1012399.0,1010252.0,1007964.0,1005798.0,1004163.0,1001529.0,999240.5,996892.25,994828.0,993340.5625,991988.25,990754.0,989408.0,989256.6875,989228.8125,989275.0,989459.125,989651.9375,989784.9375
Houston - TX,6633345.0,6675452.0,6708644.0,6741863.0,6775294.0,6807907.0,6830872.0,6853654.0,6875603.0,6897422.0,6916046.0,6934147.0,6952214.0,6970052.0,6991321.0,7012343.0,7032998.0,7053965.0,7077572.0,7100670.0,7122240.0,7141190.0,7159597.0,7177002.0,7195259.0,7217323.0,7246354.0,7277867.0,7308948.0,7342124.0,7378911.0,7415213.0,7449431.0,7481317.0,7513271.0,7542356.0,7571188.0,7599973.0,7628614.0,7657122.0
Huntsville - AL,450035.71875,451360.5,452919.40625,454482.3125,456061.5,457587.71875,459502.5,461407.40625,463258.40625,465103.0,467282.8125,469429.90625,471577.09375,473711.3125,476054.0,478382.5,480688.6875,483019.0,485974.90625,488899.8125,491723.0,494706.0,496979.625,499183.1875,501445.8125,503974.0,506447.125,509093.59375,511709.90625,514473.03125,517599.1875,520795.28125,524054.03125,527254.0,528817.875,530346.125,531826.5,533366.0,534944.875,536502.3125
Indianapolis - IN,1997286.0,2001567.0,2007290.0,2013026.0,2018830.0,2024395.0,2030342.0,2036238.0,2041891.0,2047509.0,2054262.0,2060863.0,2067458.0,2073988.0,2079449.0,2084841.125,2090127.0,2095510.0,2100935.0,2106213.0,2111040.0,2114042.0,2117641.0,2120945.0,2124500.0,2129180.0,2131904.0,2135360.0,2138689.0,2142630.0,2146881.0,2151423.0,2156222.0,2160779.0,2165694.0,2170470.0,2175108.0,2179746.0,2184315.0,2188790.0
Inland Empire - CA,4421886.0,4431096.0,4441487.0,4451891.0,4462427.0,4472417.0,4484076.0,4495605.0,4506578.0,4517457.0,4526978.0,4536148.0,4545288.0,4554269.0,4560510.0,4566584.0,4572416.0,4578447.0,4586135.0,4593484.0,4599839.0,4606384.0,4616006.0,4624982.0,4634508.0,4646486.0,4650759.0,4656629.0,4662223.0,4669149.0,4673252.0,4677989.0,4683284.0,4688053.0,4691907.0,4697676.0,4703979.0,4710560.0,4718328.0,4726901.0
Jackson - MS,581036.625,581212.25,581735.4375,582261.75,582806.6875,583282.125,583256.25,583214.8125,583103.0625,582981.0625,582610.4375,582195.9375,581779.125,581343.625,580833.6875,580303.75,579744.1875,579211.1875,577869.6875,576485.75,574978.0,574040.0,573136.4375,572153.3125,571238.75,570626.0,569557.0,568683.875,567777.0,567032.0,566941.6875,566928.3125,566982.5,566973.0,566974.4375,567025.8125,567176.0,567358.0,567565.5,567771.1875
Jacksonville - FL,1451446.0,1459061.0,1467629.0,1476210.0,1484845.0,1493307.0,1501282.0,1509224.0,1516988.0,1524729.0,1532330.0,1539820.0,1547308.0,1554750.0,1562103.0,1569406.0,1576632.0,1583934.0,1591423.0,1598805.0,1605848.0,1612981.0,1620029.0,1626850.0,1633863.0,1641741.0,1649894.0,1658612.0,1667231.0,1676329.0,1686207.0,1695877.0,1704874.0,1713240.0,1720292.0,1726687.0,1732571.0,1738401.0,1744138.0,1749749.0
Kansas City - MO,2096326.875,2100970.0,2106732.0,2112507.0,2118352.0,2123946.0,2129705.0,2135410.0,2140859.0,2146271.0,2151356.0,2156282.0,2161199.0,2166049.0,2169960.0,2173798.0,2177525.0,2181352.0,2185173.0,2188838.0,2192035.0,2195218.0,2197055.0,2198586.0,2200379.0,2203335.0,2204037.0,2205496.0,2206824.0,2208782.0,2211627.0,2214773.0,2218182.0,2221343.0,2224862.0,2228655.0,2232710.0,2236775.0,2240899.0,2244902.0
Killeen - TX,435975.3125,437723.0,438881.40625,440043.0,441219.59375,442344.3125,444201.0,446047.59375,447841.625,449628.8125,451914.875,454168.78125,456422.3125,458662.6875,461380.5,464084.40625,466766.125,469470.6875,471490.8125,473479.0,475367.0,477093.0,479530.78125,481901.09375,484328.1875,487012.0,488724.90625,490605.28125,492456.59375,494449.0,496303.71875,498125.625,499807.3125,501333.0,502652.09375,503784.5,504890.5,506002.8125,507112.6875,508214.8125
Knoxville - TN,862996.0,864267.25,866177.9375,868093.1875,870036.8125,871876.5,874190.5,876481.8125,878667.4375,880837.375,882897.375,884891.3125,886881.5625,888843.3125,890671.375,892468.875,894220.5,896012.6875,898548.8125,901021.0,903300.0,905896.0,908446.4375,910869.375,913400.5,916415.0,920266.0,924432.125,928543.5,932921.0,936132.0,939469.5,942919.625,946264.0,946026.3125,945841.9375,945828.6875,945954.6875,946454.5,947179.1875
Lafayette - LA,483751.40625,484575.40625,484601.28125,484629.21875,484672.21875,484656.8125,484205.09375,483740.6875,483218.0,482687.0,482262.3125,481801.5,481338.71875,480860.6875,480458.8125,480040.5,479597.59375,479176.6875,478970.0,478728.5,478384.0,478268.0,478623.6875,478912.59375,479258.59375,479858.0,479990.125,480287.0,480555.375,480961.0,481143.40625,481391.0,481696.09375,481947.0,481229.1875,480536.28125,479881.28125,479256.40625,478799.5,478473.5
Lakeland - FL,640018.8125,643156.8125,647102.8125,651047.3125,655007.6875,658884.5,663373.5,667839.8125,672219.75,676581.1875,681470.25,686302.1875,691124.5625,695918.0625,699894.4375,703841.125,707745.75,711676.875,716223.875,720715.0,725046.0,730158.0,736453.625,742644.6875,748922.5,755598.0,763565.4375,771793.0625,779975.25,788382.0,796175.75,803873.75,811253.1875,818330.0625,822809.8125,827002.5,830961.5,834904.75,838814.5625,842673.1875
Lancaster - PA,539432.1875,540204.4375,540932.125,541663.0,542411.8125,543096.0,544045.6875,544981.5,545851.9375,546713.0,547538.3125,548323.0,549105.6875,549871.0,550378.1875,550866.5625,551327.0,551812.625,552269.0,552685.8125,552984.0,552821.0,553640.375,554382.375,555190.4375,556292.0,556217.5,556334.0,556417.625,556660.0,557068.0,557551.5,558101.625,558589.0,558913.8125,559312.9375,559832.8125,560432.3125,561082.0,561745.3125
Lansing - MI,469714.5,469882.125,470528.1875,471175.90625,471838.0,472442.6875,473051.90625,473647.875,474185.78125,474714.5,474629.6875,474509.09375,474386.40625,474248.1875,474257.8125,474250.875,474219.3125,474209.09375,473930.5,473617.625,473203.0,473020.0,469623.0,466161.59375,462757.0,459596.0,462554.28125,465670.6875,468759.625,471983.0,472218.59375,472518.1875,472874.21875,473177.0,473275.0,473449.1875,473665.0,473890.6875,474142.5,474401.40625
Las Vegas - NV,2072092.0,2081870.125,2091290.0,2100711.0,2110188.0,2119401.0,2129097.0,2138727.0,2148086.0,2157395.0,2167647.0,2177724.0,2187779.0,2197751.0,2208116.0,2218391.0,2228539.0,2238774.0,2247948.0,2256952.0,2265461.0,2274887.0,2279793.0,2284381.0,2289240.0,2295310.0,2301427.0,2308333.0,2315103.0,2322535.0,2325735.0,2329249.0,2333042.0,2336573.0,2342493.0,2348917.0,2355627.0,2362499.0,2369459.0,2376378.0
Lehigh Valley - PA,838875.5,839683.6875,840821.4375,841964.1875,843134.875,844205.625,845869.1875,847511.75,849052.8125,850579.75,852158.0625,853673.5,855186.25,856672.4375,857296.5625,857891.4375,858442.375,859032.75,860087.25,861080.375,861889.0,861557.0,863626.0,865574.125,867625.0,870135.0,869983.25,870130.5,870226.0,870570.0,871200.0625,871948.4375,872800.75,873555.0,873369.375,873290.5,873388.6875,873602.3125,873940.4375,874348.3125
Lexington - KY,499549.28125,501033.5,501988.5,502945.59375,503918.625,504830.8125,506259.78125,507674.90625,509028.0,510371.1875,511059.8125,511709.59375,512356.875,512987.4375,513508.4375,514011.46875,514487.65625,514987.1875,515657.09375,516289.6875,516810.96875,517406.96875,517169.8125,516860.71875,516613.28125,516638.96875,516761.46875,517061.59375,517330.875,517748.0,518253.1875,518828.625,519466.0,520044.96875,521714.71875,523391.59375,525077.0,526688.75,528103.8125,529401.125
Little Rock - AR,732858.25,733545.3125,734322.0625,735102.75,735907.25,736623.625,737622.8125,738602.625,739493.25,740370.75,741077.0,741727.75,742375.4375,742999.0,743559.5625,744094.75,744591.375,745122.0625,746181.0,747186.1875,748031.0,748990.0,749673.5,750252.3125,750920.6875,751986.0,753206.0,754684.375,756118.125,757768.0,759236.0,760806.875,762468.8125,764045.0,765047.625,765922.5,766781.8125,767715.0,768550.0,769383.125
Long Island - NY,2881392.0,2883454.0,2885507.0,2887567.0,2889648.0,2891682.0,2893845.0,2896002.0,2898112.0,2900220.0,2902319.0,2904392.0,2906468.0,2908536.0,2910447.0,2912348.0,2914233.0,2916143.0,2918040.0,2919910.0,2921694.0,2912555.0,2915567.0,2918173.0,2921126.0,2925624.0,2921660.0,2918701.0,2915569.0,2913268.0,2910784.0,2908696.0,2906954.0,2904885.0,2907723.0,2906310.0,2907220.0,2908298.0,2909233.0,2910215.0
Los Angeles - CA,10107460.0,10119010.0,10124110.0,10129250.0,10134720.0,10138990.0,10139830.0,10140400.0,10139740.0,10138910.0,10132360.0,10125040.0,10117690.0,10110000.0,10098010.0,10085670.0,10072800.0,10060400.0,10046150.0,10031160.0,10014010.0,9992813.0,9946105.0,9898028.0,9851149.0,9809462.0,9784108.0,9762123.0,9739557.0,9719765.0,9704366.0,9690286.0,9677361.0,9663345.0,9663398.0,9667336.0,9671700.0,9676192.0,9680627.0,9684946.0
Louisville - KY,1287788.0,1289899.0,1291807.0,1293723.0,1295682.0,1297486.0,1299788.0,1302056.0,1304169.0,1306259.0,1307290.0,1308223.0,1309151.0,1310036.0,1311266.0,1312451.0,1313569.0,1314747.0,1316087.0,1317333.0,1318297.0,1318987.0,1318412.0,1317654.0,1317054.0,1317149.0,1316707.0,1316718.0,1316650.0,1316958.0,1317783.0,1318786.0,1319947.0,1320960.0,1323244.0,1325506.0,1327744.0,1329806.0,1331633.0,1333364.0
Madison - WI,645169.1875,647143.3125,649484.625,651831.0,654200.0625,656492.375,658496.8125,660485.4375,662395.375,664294.6875,665736.5,667129.1875,668520.0,669890.0,671491.0,673069.8125,674614.9375,676191.5,677806.375,679373.625,680796.0,681902.0,681581.9375,681167.125,680833.6875,680860.0,682148.0,683670.0,685151.625,686829.0,688616.1875,690496.5625,692459.6875,694345.0,696456.75,698656.9375,700884.875,703120.9375,705256.25,707248.5
Manchester - NH,411496.3125,412020.125,412697.0,413376.3125,414069.21875,414712.875,415320.40625,415917.3125,416464.125,417003.6875,417454.09375,417873.40625,418291.09375,418695.5,419485.6875,420261.8125,421016.375,421790.5,422223.125,422625.40625,422937.0,422913.0,423251.0,423530.0,423859.40625,424413.0,425055.78125,425844.40625,426607.6875,427493.0,427401.3125,427367.625,427384.78125,427354.0,427535.3125,427780.3125,428112.6875,428492.625,428888.21875,429289.40625
McAllen - TX,836414.3125,838703.6875,840837.8125,842975.5625,845140.0625,847202.8125,848891.4375,850557.1875,852119.8125,853666.5,855092.0,856453.0,857809.875,859138.5,860615.3125,862061.8125,863463.375,864903.6875,866967.0,868967.5,870781.0,872856.0,874531.8125,876085.3125,877743.0,879865.0,881706.3125,883850.0,885941.3125,888286.0,891072.375,893799.625,896275.0625,898471.0,901382.375,903880.8125,906320.5,908866.1875,911216.1875,913377.0625
Melbourne - FL,564387.5,566917.9375,569692.875,572470.5625,575266.4375,577992.9375,580696.0,583383.75,586000.4375,588606.0625,590298.5625,591946.625,593591.6875,595217.4375,596679.625,598120.8125,599530.875,600968.0,602921.5,604831.8125,606612.0,608775.0,611002.8125,613144.875,615359.5,617900.0,620915.875,624144.25,627335.6875,630707.0,634269.5,637753.8125,640985.125,643979.125,645647.0,647040.5,648230.5625,649447.875,650689.8125,651954.75
Memphis - TN,1340035.0,1339983.0,1340028.0,1340081.0,1340176.0,1340111.0,1340471.0,1340796.0,1340958.0,1341097.0,1341827.0,1342456.0,1343078.0,1343657.0,1343882.0,1344059.0,1344168.0,1344337.0,1344861.0,1345288.0,1345425.0,1346172.0,1345171.0,1343982.0,1342955.0,1342637.0,1341243.0,1340310.0,1339297.0,1338667.0,1337740.0,1336995.0,1336410.0,1335674.0,1336249.0,1336925.0,1337820.0,1338693.0,1339553.0,1340402.0
Miami - FL,2653861.0,2659847.0,2667074.0,2674314.0,2681638.0,2688639.0,2693295.0,2697878.0,2702134.0,2706340.0,2706262.0,2705981.0,2705688.0,2705309.0,2705388.0,2705374.0,2705221.0,2705192.0,2704375.0,2703361.0,2701767.0,2695685.0,2688966.0,2681874.0,2675105.0,2669748.0,2669776.0,2670721.0,2671507.0,2673056.0,2677541.0,2681689.0,2684772.0,2686867.0,2692978.0,2699177.0,2705212.0,2711114.0,2716848.0,2722376.0
Milwaukee - WI,1577416.0,1577586.0,1577306.0,1577034.0,1576812.0,1576403.0,1576069.0,1575693.0,1575127.0,1574533.0,1574448.0,1574244.0,1574034.0,1573773.0,1574047.0,1574266.0,1574404.0,1574615.0,1574842.0,1574956.0,1574731.0,1574476.0,1571529.0,1568364.0,1565387.0,1563237.0,1561742.0,1560784.0,1559734.0,1559128.0,1559244.0,1559572.0,1560086.0,1560424.0,1561228.0,1561715.0,1561965.0,1562566.0,1563136.0,1563584.0
Minneapolis - MN,3535558.0,3543164.0,3552694.0,3562247.0,3571919.0,3581167.0,3591561.0,3601865.0,3611738.0,3621549.0,3630969.0,3640119.0,3649257.0,3658280.0,3666006.0,3673607.0,3681022.0,3688607.0,3694543.0,3700217.0,3705097.0,3708907.0,3709159.0,3708895.0,3709074.0,3711213.0,3708948.0,3707958.0,3706747.0,3706594.0,3711227.0,3716363.0,3721942.0,3727104.0,3734816.0,3742481.0,3749731.0,3756651.0,3763652.0,3770538.0
Mobile - AL,416094.3125,416197.6875,416345.875,416496.3125,416660.1875,416774.1875,416584.90625,416384.40625,416133.59375,415875.625,415932.40625,415957.875,415981.6875,415992.09375,415815.5,415624.5,415412.1875,415218.90625,415132.125,415015.09375,414809.0,414377.0,414092.28125,413750.0,413457.3125,413383.0,412763.21875,412285.3125,411783.0,411398.0,411403.6875,411465.09375,411575.71875,411640.0,411954.1875,412251.3125,412517.0,412837.0,413200.28125,413558.90625
Modesto - CA,533797.4375,535114.375,536661.9375,538212.25,539780.25,541284.125,542743.0,544188.0,545567.375,546937.1875,547843.1875,548708.3125,549571.0,550416.0625,550922.4375,551409.75,551868.6875,552352.8125,552594.125,552795.4375,552878.0,553257.0,553075.0625,552816.3125,552623.6875,552723.0,552183.5,551833.6875,551451.1875,551226.0,551203.625,551255.9375,551374.0,551430.0,551258.4375,551311.0,551425.1875,551571.125,551824.5625,552140.1875
Montgomery - AL,380627.59375,380925.1875,381400.78125,381878.6875,382369.375,382814.59375,383240.59375,383656.71875,384026.625,384389.90625,384420.40625,384421.5,384420.6875,384406.90625,384672.5,384924.90625,385157.40625,385407.5,385667.0,385898.5,386047.0,385403.0,385236.59375,385016.59375,384842.59375,384872.0,384891.28125,385042.78125,385171.375,385410.0,385376.09375,385394.59375,385459.0,385480.0,386201.28125,386904.125,387576.6875,388315.1875,389038.59375,389694.3125
Myrtle Beach - SC,419313.28125,422525.09375,425987.78125,429442.8125,432901.875,436299.28125,439753.125,443185.90625,446555.125,449906.09375,453606.90625,457263.09375,460906.40625,464524.0,467706.375,470863.0,473985.28125,477119.28125,480720.78125,484278.5,487722.0,491933.0,496640.40625,501277.0,505972.09375,510936.0,517060.96875,523362.0,529632.0625,536055.0,541329.5625,546676.875,552090.1875,557442.0,560922.3125,564041.875,566882.375,569577.875,572078.0,574394.4375
Naples - FL,347781.8125,349573.40625,351540.40625,353504.0,355473.78125,357395.59375,358829.40625,360249.78125,361622.40625,362984.5,363901.625,364788.40625,365670.59375,366537.90625,367876.5,369198.3125,370496.875,371808.1875,373171.21875,374503.6875,375752.0,377310.0,379755.8125,382147.875,384585.0,387226.0,389681.875,392270.90625,394836.78125,397516.0,399368.40625,401171.375,402815.1875,404310.0,404894.5,405304.0,405583.5,405877.5,406308.8125,406876.3125
Nashville - TN,1839495.0,1849384.0,1859498.0,1869629.0,1879828.0,1889809.0,1899184.0,1908517.0,1917626.0,1926706.0,1935255.0,1943664.0,1952071.0,1960420.0,1967932.0,1975381.0,1982733.0,1990179.0,1998500.0,2006684.0,2014444.0,2021744.0,2024473.0,2026920.0,2029608.0,2033369.0,2042170.0,2051670.875,2061049.125,2071019.0,2078629.875,2086523.0,2094665.0,2102573.0,2108690.0,2114942.0,2121597.0,2128585.0,2135631.0,2142385.0
New Haven - CT,868524.3125,868107.4375,867774.875,867446.75,867146.3125,866741.875,866989.625,867214.4375,867334.4375,867439.0625,867502.375,867500.625,867495.125,867461.4375,866931.1875,866370.5,865765.0625,865199.0,865181.5625,865101.375,864835.0,858488.5,859896.5,861184.3125,862574.5625,864421.1875,864389.75,864655.5,864869.6875,865330.875,865723.3125,866233.0,866846.3125,867361.875,866231.375,865133.8125,864240.5,863361.0,862587.5,862374.5625
New Orleans - LA,1259616.0,1262371.0,1264153.0,1265942.0,1267771.0,1269448.0,1270142.0,1270802.0,1271308.0,1271792.0,1271859.0,1271830.0,1271797.0,1271722.0,1272107.0,1272449.0,1272725.0,1273059.0,1272807.0,1272463.0,1271845.0,1270281.0,1268508.0,1266560.0,1264763.0,1263634.0,1259004.0,1254808.0,1250537.0,1246622.0,1244238.0,1242022.0,1239955.0,1237748.0,1240692.0,1243703.0,1246816.0,1250010.0,1252872.0,1255317.0
New York - NY,14399690.0,14425030.0,14450140.0,14475290.0,14500530.0,14525560.0,14550990.0,14576380.0,14601560.0,14626730.0,14651950.0,14677030.0,14702140.0,14727200.0,14751620.0,14776000.0,14800300.0,14824710.0,14849020.0,14873210.0,14897000.0,14821820.0,14750810.0,14677770.0,14606500.0,14542940.0,14504090.0,14470240.0,14435520.0,14404920.0,14386610.0,14370260.0,14355610.0,14339350.0,14351480.0,14398760.0,14458030.0,14518050.0,14571950.0,14620340.0
Norfolk - VA,1732307.0,1734162.0,1735398.0,1736644.0,1737946.0,1739041.0,1740254.0,1741422.0,1742380.0,1743307.0,1744750.0,1746063.0,1747369.0,1748618.0,1750685.0,1752693.0,1754611.0,1756610.0,1758997.0,1761259.0,1763143.0,1764753.0,1765455.0,1765910.0,1766577.0,1768177.0,1767547.0,1767524.0,1767396.0,1767773.0,1767954.0,1768375.0,1769006.0,1769439.0,1770298.0,1771399.0,1772620.0,1773910.0,1775261.0,1776608.0
Northern New Jersey - NJ,2550434.0,2554358.0,2558168.0,2561984.0,2565811.0,2569609.0,2573378.0,2577144.0,2580878.0,2584611.0,2588389.0,2592150.0,2595913.0,2599669.0,2603377.0,2607078.0,2610767.0,2614472.0,2618153.0,2621815.0,2625422.0,2618102.0,2618239.0,2618011.0,2618097.0,2619566.0,2617481.0,2616297.0,2614957.0,2614363.0,2616591.0,2619174.0,2622069.0,2624670.0,2631750.0,2633466.0,2637191.0,2640995.0,2644162.0,2646778.0
Northwest Arkansas - AR,513504.40625,516301.8125,519368.21875,522437.625,525523.8125,528547.1875,531570.8125,534580.6875,537526.0,540461.4375,542975.5625,545449.0,547920.0,550373.25,552839.8125,555287.1875,557705.6875,560149.4375,563509.125,566829.25,570028.0,573217.0,576471.625,579644.875,582886.5,586437.0,589791.1875,593347.125,596867.9375,600560.0,603899.5,607320.5,610814.375,614240.0,616618.25,618947.5625,621390.3125,623836.4375,626258.4375,628708.5
Ocala - FL,343739.1875,344874.6875,346353.90625,347835.6875,349329.40625,350782.0,352398.40625,354006.5,355572.375,357132.59375,358662.28125,360165.8125,361668.3125,363159.6875,364843.40625,366515.1875,368168.625,369839.28125,371905.5,373946.40625,375908.0,377472.0,379354.625,381183.8125,383057.90625,385135.0,387844.40625,390686.3125,393505.1875,396437.0,399971.59375,403457.875,406784.21875,409959.0,411342.0,412552.3125,413634.78125,414736.375,415833.90625,416923.625
Ogden - UT,641654.9375,644153.0,647295.5625,650442.625,653611.375,656702.875,659709.6875,662700.1875,665611.5,668511.25,670956.0,673351.0,675743.6875,678115.125,680633.3125,683128.5,685588.9375,688080.875,690423.25,692717.25,694863.0,697087.0,699359.0625,701533.0625,703790.3125,706420.0,708029.8125,709882.375,711692.875,713707.0,715389.25,717168.1875,719032.875,720817.0,723394.5,725995.4375,728590.5,731195.9375,733798.25,736382.8125
Oklahoma City - OK,1356179.0,1361429.0,1365438.0,1369454.0,1373514.0,1377410.0,1379629.0,1381812.0,1383828.0,1385819.0,1389041.0,1392159.0,1395272.0,1398339.0,1402222.0,1406057.0,1409818.0,1413644.0,1417830.0,1421915.0,1425695.0,1429940.0,1433287.0,1436434.0,1439751.0,1443830.0,1447428.0,1451523.0,1455532.0,1459957.0,1464254.0,1468749.0,1473420.0,1477926.0,1480769.0,1483541.0,1486325.0,1489282.0,1492485.0,1495708.0
Omaha - NE,919299.0625,922069.1875,924967.5625,927872.6875,930809.5,933636.75,936207.5,938755.3125,941191.25,943611.5625,946164.125,948647.125,951127.5,953578.5,955759.875,957909.4375,960010.6875,962156.9375,964086.9375,965948.625,967604.0,969146.0,969961.6875,970642.0625,971438.3125,972748.0,973346.9375,974279.9375,975155.1875,976309.0,978093.625,980010.6875,982045.0,983969.0,986796.8125,989687.9375,992592.0,995566.375,998466.9375,1001208.0
Orange County - CA,3157171.0,3163027.0,3167137.0,3171264.0,3175495.0,3179347.0,3182341.0,3185252.0,3187778.0,3190248.0,3191032.0,3191576.0,3192106.0,3192534.0,3191571.0,3190498.0,3189260.0,3188168.0,3188158.0,3187916.0,3186989.0,3185734.0,3179175.0,3172176.0,3165558.0,3160611.0,3157106.0,3154687.0,3152080.0,3150372.0,3146298.0,3142652.0,3139381.0,3135755.0,3136217.0,3137948.0,3139828.0,3141759.0,3143725.0,3145670.0
Orlando - FL,2395282.0,2412282.0,2430214.0,2448170.0,2466218.0,2483981.0,2500799.0,2517563.0,2534034.0,2550468.0,2565713.0,2580776.0,2595837.0,2610823.0,2619760.0,2628613.0,2637335.0,2646181.0,2655557.0,2664750.0,2673376.0,2680491.0,2684874.0,2688881.0,2693208.0,2698960.0,2714162.0,2730292.0,2746260.0,2763017.0,2777817.0,2792274.0,2805623.0,2817933.0,2831514.0,2843935.0,2855499.0,2867219.0,2878448.0,2889149.0
Palm Beach - FL,1414443.0,1420419.0,1426654.0,1432892.0,1439174.0,1445279.0,1449725.0,1454130.0,1458356.0,1462554.0,1465245.0,1467824.0,1470395.0,1472917.0,1476182.0,1479394.0,1482528.0,1485727.0,1488061.0,1490287.0,1492191.0,1494282.0,1496439.0,1498388.0,1500515.0,1503435.0,1507092.0,1511265.0,1515349.0,1519867.0,1523938.0,1527818.0,1531092.0,1533801.0,1539923.0,1546095.0,1552170.0,1558165.0,1564035.0,1569779.0
Pensacola - FL,475643.71875,476873.1875,478377.6875,479884.71875,481407.0,482871.625,484407.71875,485931.09375,487395.59375,488851.09375,490633.6875,492379.40625,494122.59375,495849.625,497950.71875,500034.21875,502091.5,504171.21875,506143.0,508078.625,509905.0,511579.0,512941.71875,514232.46875,515584.28125,517209.0,518266.40625,519501.53125,520705.6875,522059.03125,524268.8125,526413.5625,528349.4375,530090.0,531490.75,532695.6875,533739.625,534765.375,535760.3125,536714.8125
Philadelphia - PA,6113936.0,6120754.0,6127431.0,6134120.0,6140846.0,6147469.0,6154269.0,6161050.0,6167728.0,6174396.0,6181099.0,6187738.0,6194382.0,6201003.0,6207376.0,6213725.0,6220033.0,6226391.0,6232714.0,6238978.0,6245051.0,6241967.0,6244278.0,6245719.0,6247905.0,6253394.0,6248861.0,6246476.0,6243720.0,6242746.0,6242768.0,6243636.0,6245250.0,6246160.0,6249200.0,6253269.0,6257802.0,6262819.0,6267935.0,6272882.0
Phoenix - AZ,4481935.0,4499287.0,4517881.0,4536451.0,4555117.0,4573189.0,4589598.0,4605842.0,4621485.0,4637000.0,4654500.0,4671604.0,4688639.0,4705474.0,4725141.0,4744590.0,4763739.0,4783049.0,4804604.0,4825763.0,4845832.0,4875246.0,4893115.0,4910296.0,4928059.0,4948431.0,4965054.0,4983379.0,5001408.0,5020870.0,5032509.0,5044830.0,5057754.0,5070110.0,5085585.0,5101834.0,5119315.0,5137049.0,5154877.0,5172526.0
Pittsburgh - PA,2367753.0,2368024.0,2368251.0,2368480.0,2368720.0,2368923.0,2369183.0,2369434.0,2369647.0,2369855.0,2370070.0,2370260.0,2370451.0,2370631.0,2370709.0,2370776.0,2370828.0,2370895.0,2370944.0,2370970.0,2370930.0,2369353.0,2368071.0,2366459.0,2365130.0,2365051.0,2360012.0,2355784.0,2351417.0,2347720.0,2345041.0,2342680.0,2340598.0,2338253.0,2337515.0,2337087.0,2337163.0,2337570.0,2337972.0,2338214.0
Port St. Lucie - FL,447351.40625,449512.21875,452006.40625,454500.0,457005.3125,459452.78125,461394.09375,463321.0,465189.5,467047.09375,468807.3125,470530.21875,472248.6875,473949.71875,475719.40625,477470.21875,479194.0,480937.09375,483237.3125,485500.625,487657.0,490112.0,493651.625,497121.3125,500649.40625,504443.0,508398.28125,512527.21875,516625.90625,520873.0,525082.375,529227.875,533163.5625,536901.125,538130.375,539130.125,539959.5,540810.75,541823.9375,542995.5
Portland - ME,530921.875,531591.5,532600.8125,533613.5625,534644.4375,535611.8125,536627.9375,537630.625,538568.9375,539498.25,540651.4375,541764.6875,542876.5,543971.3125,545142.1875,546295.0,547420.4375,548571.4375,549692.625,550775.0625,551740.0,552577.0,553959.75,555265.0625,556636.25,558302.0,559348.8125,560587.5,561792.9375,563159.0,563876.3125,564670.125,565531.3125,566329.0,567135.625,567777.375,568308.875,568947.1875,569529.5,570077.5
Portland - OR,2380565.0,2390064.0,2401415.0,2412778.0,2424219.0,2435371.0,2442740.0,2450046.0,2457055.0,2464021.0,2468657.0,2473109.0,2477550.0,2481911.0,2486200.0,2490404.0,2494479.0,2498667.0,2503697.0,2508547.0,2512859.0,2518160.0,2517913.0,2517315.0,2517018.0,2518051.0,2515017.0,2512848.0,2510530.0,2508928.0,2508374.0,2508161.0,2508247.0,2508050.0,2513713.0,2520185.0,2525975.0,2531699.0,2537445.0,2543039.0
Poughkeepsie - NY,396022.875,395906.59375,395789.09375,395672.78125,395559.125,395439.3125,395337.09375,395234.0,395124.59375,395014.90625,394904.0,394789.625,394675.6875,394560.59375,394424.28125,394286.90625,394147.1875,394011.09375,393873.1875,393731.90625,393579.0,393536.0,394368.5,395145.90625,395970.21875,397004.0,396614.5,396361.375,396084.6875,395921.0,395690.5,395513.6875,395384.1875,395210.0,395686.71875,395386.6875,395406.71875,395454.0,395479.625,395516.21875
Providence - RI,1632242.0,1634614.0,1637119.0,1639690.0,1642396.0,1645049.0,1647854.0,1650732.0,1653534.0,1656375.0,1659222.0,1662046.0,1664839.0,1667599.0,1668615.0,1669586.0,1670591.0,1671622.0,1673431.0,1675187.0,1676579.0,1673216.0,1673978.0,1674506.0,1675234.0,1676848.0,1675531.0,1674790.0,1673949.0,1673586.0,1674417.0,1675475.0,1676733.0,1677803.0,1679369.0,1681148.0,1683184.0,1685193.0,1687316.0,1689430.0
Provo - UT,586720.0,590037.1875,594891.125,599751.6875,604635.625,609450.625,613978.1875,618493.5,622937.3125,627372.8125,631397.5625,635378.1875,639358.8125,643321.4375,647106.0625,650871.1875,654605.0,658371.0,662717.75,667021.3125,671185.0,675414.0,681045.5,686580.3125,692195.375,698178.0,702242.8125,706547.75,710810.9375,715278.0,719411.9375,723642.8125,727960.5625,732197.0,734528.375,736876.5625,739187.6875,741533.6875,744115.1875,746903.375
Raleigh - NC,1266274.0,1273700.0,1281856.0,1290018.0,1298221.0,1306267.0,1313957.0,1321612.0,1329107.0,1336576.0,1343495.0,1350312.0,1357123.0,1363889.0,1371163.0,1378389.0,1385542.0,1392757.0,1399999.0,1407142.0,1413982.0,1417455.0,1425825.0,1433995.0,1442332.0,1451435.0,1458160.0,1465384.0,1472521.0,1480080.0,1487170.0,1494460.0,1501930.0,1509231.0,1515345.0,1521309.0,1527124.0,1532962.0,1538739.0,1544503.0
Reading - PA,419510.0,419825.40625,420173.09375,420523.09375,420886.90625,421200.59375,421834.40625,422457.625,423030.09375,423595.40625,424502.59375,425378.59375,426253.28125,427114.90625,427276.5,427423.40625,427548.40625,427692.90625,428129.40625,428535.09375,428849.0,428671.0,428874.5,429018.1875,429213.1875,429635.0,429990.8125,430494.1875,430972.0,431573.0,431827.5,432140.40625,432505.0,432821.0,432972.1875,433211.40625,433614.8125,434056.21875,434502.40625,434936.625
Reno - NV,450326.90625,452103.6875,454220.09375,456340.90625,458478.3125,460562.71875,462564.09375,464555.3125,466492.09375,468422.09375,470643.0,472830.5,475017.90625,477191.8125,479441.1875,481675.8125,483887.5,486122.90625,487670.90625,489185.3125,490596.0,491818.0,493430.90625,494974.5,496576.8125,498442.0,498968.40625,499666.0,500334.0,501145.0,501341.71875,501606.40625,501930.90625,502199.0,503712.3125,505283.8125,506994.0,508721.3125,510455.8125,512169.96875
Richmond - VA,1275497.0,1278740.0,1282097.0,1285461.0,1288869.0,1292124.0,1295401.0,1298646.0,1301735.0,1304802.0,1308152.0,1311405.0,1314654.0,1317861.0,1320992.0,1324079.0,1327099.0,1330180.0,1333182.0,1336091.0,1338713.0,1340979.0,1343378.0,1345588.0,1347959.0,1351043.0,1353743.0,1356907.0,1359991.0,1363464.0,1366329.0,1369379.0,1372592.0,1375652.0,1377974.0,1380421.0,1382889.0,1385375.0,1387905.0,1390443.0
Rochester - NY,1086951.0,1087174.0,1087375.0,1087576.0,1087781.0,1087967.0,1088178.0,1088384.0,1088571.0,1088755.0,1088940.0,1089114.0,1089285.0,1089451.0,1089569.0,1089680.0,1089783.0,1089892.0,1089991.0,1090079.0,1090135.0,1087563.0,1086944.0,1086174.0,1085534.0,1085467.0,1083609.0,1082123.0,1080573.0,1079331.0,1078494.0,1077804.0,1077242.0,1076559.0,1075886.0,1075252.0,1074631.0,1074073.0,1073686.0,1073598.0
Sacramento - CA,2271224.0,2278563.0,2286324.0,2294100.0,2301953.0,2309533.0,2317374.0,2325156.0,2332662.0,2340127.0,2346442.0,2352583.0,2358716.0,2364775.0,2370361.0,2375866.0,2381251.0,2386747.0,2390577.0,2394236.0,2397382.0,2400029.0,2401987.0,2403611.0,2405521.0,2408702.0,2410120.0,2412365.0,2414467.0,2417259.0,2417774.0,2418617.0,2419749.0,2420608.0,2422013.0,2424362.0,2427734.0,2431337.0,2434851.0,2438174.0
Saint Louis - MO,2819000.0,2820229.0,2820014.0,2819813.0,2819703.0,2819256.0,2819742.0,2820154.0,2820225.0,2820246.0,2820115.0,2819773.0,2819418.0,2818973.0,2819070.0,2819069.0,2818924.0,2818907.0,2819694.0,2820276.0,2820253.0,2819212.0,2817310.0,2815015.0,2813058.0,2812587.0,2808661.0,2805700.0,2802573.0,2800245.0,2799060.0,2798256.0,2797785.0,2796999.0,2796870.0,2796872.0,2796971.0,2797001.0,2796912.0,2796733.0
Salem - OR,405997.3125,407381.59375,409525.09375,411669.90625,413826.8125,415933.1875,417730.0,419515.09375,421248.59375,422973.375,424344.3125,425682.59375,427018.40625,428339.59375,428991.40625,429627.90625,430242.0,430875.21875,431753.125,432599.6875,433353.0,434306.0,434997.5,435628.21875,436310.6875,437224.0,436865.21875,436656.59375,436422.0,436312.0,436312.28125,436371.875,436483.5,436546.0,436880.8125,437441.59375,438241.09375,439097.5,439993.0,440874.3125
Salinas - CA,433892.5,434602.125,435586.40625,436573.6875,437575.71875,438526.0,438815.625,439093.6875,439318.90625,439536.5,439609.09375,439648.71875,439686.40625,439709.90625,439872.59375,440020.125,440145.0,440290.0,439925.0,439527.40625,439035.0,438322.0,437992.71875,437602.5,437264.8125,437158.0,435959.0,434910.0,433835.21875,432884.0,432286.09375,431747.0,431259.3125,430723.0,430620.78125,430693.78125,430814.78125,430960.59375,431149.28125,431345.21875
Salisbury - MD,391449.875,392531.40625,393764.40625,394998.6875,396245.0,397443.0,398733.625,400013.0,401243.1875,402465.21875,403905.5,405314.59375,406720.875,408113.0,409492.71875,410857.21875,412199.5,413559.375,415105.40625,416620.90625,418046.0,419277.0,421887.59375,424438.6875,427039.625,429867.0,432139.59375,434560.09375,436954.90625,439475.0,441394.90625,443374.5,445407.1875,447390.0,447939.3125,448466.0,448984.59375,449526.0,450005.8125,450521.6875
Salt Lake City - UT,1172913.0,1176724.0,1182187.0,1187659.0,1193174.0,1198549.0,1203953.0,1209329.0,1214563.0,1219778.0,1223838.0,1227809.0,1231777.0,1235708.0,1239109.0,1242469.0,1245768.0,1249125.0,1252209.0,1255207.0,1257936.0,1260338.0,1260915.0,1261316.0,1261868.0,1263087.0,1263568.0,1264483.0,1265323.0,1266524.0,1266690.0,1267028.0,1267517.0,1267864.0,1269430.0,1272609.0,1277294.0,1282008.0,1286744.0,1291473.0
San Antonio - TX,2360212.0,2372041.0,2382974.0,2393912.0,2404920.0,2415634.0,2426444.0,2437183.0,2447622.0,2458008.0,2467576.0,2476952.0,2486311.0,2495583.0,2504149.0,2512622.0,2520959.0,2529405.0,2539293.0,2548994.0,2558143.0,2568526.0,2577444.0,2586001.0,2594863.0,2605100.0,2617023.0,2629843.0,2642507.0,2655928.0,2668665.0,2681227.0,2693034.0,2703999.0,2713115.0,2721243.0,2729250.0,2737319.0,2745397.0,2753451.0
San Diego - CA,3261821.0,3268558.0,3273616.0,3278686.0,3283858.0,3288634.0,3291176.0,3293630.0,3295682.0,3297675.0,3300095.0,3302266.0,3304420.0,3306465.0,3304827.0,3303075.0,3301154.0,3299383.0,3299530.0,3299437.0,3298634.0,3295298.0,3289794.0,3283833.0,3278268.0,3274432.0,3274138.0,3274969.0,3275604.0,3277176.0,3274939.0,3273146.0,3271744.0,3269973.0,3271644.0,3274600.0,3278127.0,3282184.0,3286515.0,3290770.0
San Francisco - CA,1630322.0,1635469.0,1638228.0,1640996.0,1643818.0,1646443.0,1648405.0,1650323.0,1652043.0,1653733.0,1654420.0,1654982.0,1655537.0,1656039.0,1655011.0,1653926.0,1652756.0,1651662.0,1647443.0,1643102.0,1638407.0,1632997.0,1612378.0,1591541.0,1570901.0,1551084.0,1547026.0,1543500.0,1539882.0,1536703.0,1536158.0,1535821.0,1535667.0,1535341.0,1539464.0,1544215.0,1549142.0,1554164.0,1559246.0,1564268.0
San Jose - CA,1983174.0,1989927.0,1993825.0,1997735.0,2001712.0,2005451.0,2007400.0,2009296.0,2010951.0,2012571.0,2013441.0,2014161.0,2014871.0,2015518.0,2013949.0,2012311.0,2010568.0,2008916.0,2006343.0,2003622.0,2000468.0,1995698.0,1984571.0,1973170.0,1962010.0,1951882.0,1949822.0,1948433.0,1946928.0,1945978.0,1945666.0,1945618.0,1945802.0,1945767.0,1949221.0,1953473.0,1957951.0,1962549.0,1967235.0,1971850.0
Santa Barbara - CA,443498.40625,444331.6875,444901.625,445474.09375,446061.09375,446594.90625,446904.90625,447203.1875,447447.5,447684.0,447794.3125,447871.0,447945.8125,448006.1875,448135.5,448249.5,448340.3125,448451.8125,448431.3125,448378.375,448229.0,448424.0,445659.3125,442833.40625,440061.40625,437521.0,438988.09375,440605.59375,442197.0,443915.0,443191.40625,442528.09375,441917.375,441257.0,440934.8125,440791.90625,440698.21875,440629.5,440629.6875,440662.59375
Santa Rosa - CA,499974.3125,500461.21875,500845.40625,501232.09375,501634.78125,501977.375,501878.5,501766.28125,501593.5,501411.90625,500116.40625,498783.6875,497449.1875,496099.3125,494793.5,493471.0,492123.8125,490799.59375,490212.8125,489590.40625,488863.0,488282.0,487298.625,486247.8125,485255.3125,484519.0,483911.59375,483470.625,483000.875,482669.0,482390.40625,482177.40625,482021.90625,481812.0,481298.09375,480979.625,480714.1875,480475.90625,480324.3125,480220.21875
Sarasota - FL,756659.8125,761216.8125,765977.125,770735.3125,775512.375,780190.4375,783896.3125,787577.0,791157.5625,794718.8125,798089.625,801396.0,804694.25,807961.9375,811668.875,815342.6875,818968.875,822627.0,826426.5625,830162.75,833716.0,837856.0,843906.1875,849837.0,855867.375,862352.0,869434.0,876812.8125,884139.75,891720.875,896663.3125,901495.1875,905969.4375,910108.0,911637.375,912774.1875,913619.625,914498.875,915593.875,916903.1875
Savannah - GA,381395.5,383274.59375,384856.28125,386441.59375,388040.8125,389595.09375,390668.5,391732.5,392750.21875,393761.59375,394804.28125,395818.21875,396831.375,397832.5,399060.21875,400275.21875,401470.625,402685.21875,403437.1875,404160.71875,404798.0,405301.0,406297.21875,407236.59375,408224.3125,409428.0,411517.09375,413746.875,415952.3125,418277.0,419885.5,421550.8125,423266.59375,424935.0,426478.3125,427939.21875,429336.0,430607.0,431744.8125,432749.0
Scranton - PA,566557.6875,566634.5,566700.8125,566767.5625,566837.125,566897.5625,566971.6875,567043.875,567106.875,567168.8125,567232.125,567289.8125,567347.4375,567402.5625,567433.3125,567461.5,567486.0,567514.25,567538.0,567556.5,567559.0,566788.0,567064.1875,567261.3125,567526.1875,568091.0,567965.6875,568035.5625,568071.6875,568270.0,568480.0,568767.0,569122.0625,569413.0,568896.5,568455.625,568137.0625,567899.0,567754.25,567665.0
Seattle - WA,3735599.0,3751814.0,3771357.0,3790919.0,3810604.0,3829833.0,3847421.0,3864910.0,3881932.0,3898882.0,3911276.0,3923377.0,3935461.0,3947417.0,3957432.0,3967309.0,3976982.0,3986834.0,3997954.0,4008788.0,4018762.0,4027804.0,4024621.0,4020878.0,4017618.0,4016479.0,4019217.0,4023334.0,4027213.0,4032242.0,4034853.0,4038011.0,4041651.0,4044837.0,4059700.0,4074563.0,4089657.0,4105382.75,4120994.25,4135151.0
Shreveport - LA,444747.8125,444512.21875,443859.90625,443210.125,442574.8125,441886.6875,441324.71875,440751.09375,440124.375,439490.21875,438639.3125,437755.71875,436870.40625,435971.3125,435195.40625,434404.6875,433592.0,432799.28125,432042.375,431253.90625,430373.0,429394.0,428225.09375,426996.875,425820.09375,424868.0,423641.6875,422561.1875,421455.59375,420470.0,419929.8125,419446.59375,419013.40625,418533.0,418568.125,418624.90625,418715.0,418831.59375,418937.0,419000.21875
Spokane - WA,550414.4375,552194.1875,554682.375,557175.75,559689.25,562137.875,564788.1875,567426.0625,569997.625,572560.8125,575046.0,577490.125,579933.6875,582360.5,585005.1875,587632.0,590230.3125,592857.4375,595035.8125,597173.5625,599185.0,601268.0,602653.3125,603954.3125,605327.0,607020.0,608123.25,609435.0,610710.6875,612161.0,612702.25,613326.75,614024.4375,614653.0,615738.5625,616747.9375,617653.0,618557.1875,619488.125,620430.9375
Springfield - MA,632282.3125,632166.0625,632016.3125,631869.875,631743.75,631542.1875,631387.5625,631216.1875,630968.625,630709.875,630900.3125,631043.375,631183.75,631303.875,630843.6875,630361.5625,629847.4375,629361.875,629027.75,628647.875,628133.0,610927.0,614639.0,618264.3125,621962.25,625990.0,625124.3125,624473.6875,623785.875,623276.0,623072.1875,622952.875,622908.0625,622793.0,622913.3125,623103.8125,623375.6875,623638.3125,623956.5,624282.75
Springfield - MO,456139.59375,457160.09375,457767.0,458376.40625,459000.5,459569.78125,460676.6875,461771.5,462810.40625,463841.09375,464937.8125,465999.6875,467059.5,468104.1875,469176.09375,470231.6875,471263.09375,472315.78125,473411.09375,474472.5,475432.0,476371.0,477659.78125,478881.59375,480160.1875,481693.0,482857.90625,484188.5,485490.28125,486931.0,487896.5,488928.0,490018.0,491053.0,491667.375,492331.0,493113.3125,493888.3125,494680.5,495428.3125
Stamford - CT,953570.625,954065.8125,954313.4375,954566.25,954849.6875,955019.25,955149.0,955253.5,955242.625,955214.75,955923.8125,956561.375,957195.3125,957798.5625,957808.25,957784.625,957711.6875,957682.5,957709.75,957667.4375,957419.0,950009.5625,951879.875,953617.0,955467.5,957823.5,957655.6875,957817.0,957921.3125,958299.0625,958733.5625,959298.1875,959977.1875,960548.25,959946.0,959393.0,959083.6875,958851.1875,958637.375,958951.75
Stockton - CA,726183.75,729115.4375,732087.6875,735066.0,738070.125,740987.9375,743996.1875,746987.125,749889.6875,752780.5625,755442.6875,758050.0,760655.5625,763238.25,765777.3125,768291.375,770767.5,773280.0,775355.6875,777377.0625,779233.0,780617.0,782482.8125,784239.0625,786088.625,788354.0,789602.4375,791121.5625,792594.0,794293.0,795854.9375,797524.625,799289.6875,800965.0,802101.3125,803550.75,805120.9375,806760.0,808362.625,809907.4375
Syracuse - NY,667045.5,666765.0625,666258.9375,665755.3125,665272.25,664709.0,664301.875,663876.375,663369.875,662851.0625,663059.6875,663218.375,663374.3125,663508.75,663363.375,663194.875,662991.8125,662818.75,662645.0,662422.5,662057.0,659556.0,658922.75,658197.8125,657551.8125,657253.0,656498.5,655969.75,655401.9375,655021.0,654417.5,653902.875,653466.1875,652956.0,652359.375,651694.0625,650958.6875,650260.0,649668.1875,649266.4375
Tallahassee - FL,375537.40625,375957.21875,376085.59375,376215.90625,376358.0,376454.90625,377450.90625,378436.09375,379374.6875,380305.59375,380468.09375,380601.8125,380733.625,380852.90625,381414.0,381961.3125,382488.40625,383032.1875,383500.5,383940.71875,384298.0,385658.0,386302.1875,386892.5,387528.6875,388370.0,388889.3125,389542.125,390171.8125,390913.0,391496.875,392031.59375,392410.40625,392645.0,393507.6875,394202.09375,394771.5,395356.40625,395913.78125,396445.8125
Tampa - FL,2949802.0,2962301.0,2977115.0,2991927.0,3006818.0,3021332.0,3034466.0,3047505.0,3060160.0,3072743.0,3083197.0,3093406.0,3103588.0,3113657.0,3122149.0,3130523.0,3138723.0,3147054.0,3156849.0,3166408.0,3175275.0,3187828.0,3198110.0,3207943.0,3218157.0,3230074.0,3244419.0,3259876.0,3275139.0,3291341.0,3305521.0,3319290.0,3331742.0,3342963.0,3353459.0,3362542.0,3370579.0,3378768.0,3386766.0,3394554.0
Toledo - OH,608962.25,608770.375,608808.3125,608849.4375,608910.125,608898.0625,608732.8125,608551.375,608296.3125,608030.5625,607811.5625,607546.8125,607279.5,606992.625,606882.0625,606750.6875,606588.0625,606453.1875,606454.875,606412.625,606240.0,605761.0,604840.5625,603836.3125,602904.5,602291.0,601667.9375,601251.5625,600799.625,600519.0,600344.5,600251.375,600230.0,600141.0,600269.25,600433.4375,600622.375,600809.5,600975.6875,601116.5
Trenton - NJ,378696.59375,378980.5,379378.6875,379778.6875,380191.0,380557.59375,381217.40625,381867.625,382472.1875,383070.3125,383636.09375,384173.40625,384709.28125,385232.90625,385539.0,385831.375,386103.59375,386393.0,386755.40625,387089.5,387340.0,386466.0,385358.78125,384198.3125,383084.09375,382172.0,381709.5,381378.21875,381024.28125,380779.0,380951.1875,381175.125,381444.5,381671.0,382496.09375,383329.71875,384196.0,385079.09375,385877.8125,386569.6875
Tucson - AZ,1002881.0,1003671.0,1005124.0,1006580.0,1008067.0,1009432.0,1011562.0,1013663.0,1015639.0,1017595.0,1019837.0,1022000.0,1024157.0,1026277.0,1028663.9375,1031011.9375,1033303.9375,1035640.0,1038365.0,1041011.9375,1043433.0,1045175.0625,1046017.9375,1046715.9375,1047537.9375,1048914.0,1050740.0,1052926.0,1055050.0,1057476.0,1058756.0,1060180.0,1061731.0,1063162.0,1064530.0,1066050.0,1067819.0,1069634.0,1071464.0,1073256.0
Tulsa - OK,984951.5,988049.1875,990202.0,992360.75,994552.6875,996626.3125,997573.625,998494.875,999296.0,1000080.0,1000897.0,1001640.0,1002378.0,1003085.0,1004614.0,1006109.0,1007553.0,1009043.0,1011259.0,1013403.0,1015331.0,1017350.0,1019377.0,1021261.0,1023266.0,1025813.0,1027563.9375,1029668.0,1031709.9375,1034048.0,1036587.0625,1039266.0,1042069.9375,1044756.9375,1046017.9375,1047240.9375,1048496.0,1049882.0,1051446.0,1053026.0
Vallejo-Fairfield - CA,435930.78125,437165.40625,438670.5,440178.71875,441702.09375,443173.40625,444530.59375,445877.0,447170.1875,448456.09375,449212.0,449934.59375,450655.6875,451362.5,451870.21875,452362.625,452831.90625,453322.125,453432.8125,453510.59375,453491.0,452723.0,452166.0,451546.21875,450980.5,450653.0,450076.28125,449654.3125,449205.59375,448885.0,448908.375,448992.71875,449130.625,449218.0,449410.09375,449785.0,450236.3125,450738.5,451230.09375,451687.59375
Ventura - CA,846815.4375,847663.375,847979.0,848299.0625,848646.625,848892.5625,849279.8125,849644.6875,849906.8125,850153.875,849920.5,849623.3125,849322.5625,848994.5,848212.25,847400.5625,846545.6875,845729.625,845202.1875,844613.25,843843.0,843371.0,842322.375,841156.8125,840092.125,839471.0,837570.3125,835957.6875,834295.5,832871.0,831939.875,831121.6875,830402.5625,829590.0,829267.25,829281.9375,829389.0,829543.5,829790.125,830060.8125
Visalia - CA,459427.0,460005.40625,460655.21875,461307.71875,461975.40625,462588.0,463497.90625,464395.90625,465238.09375,466072.375,466750.6875,467394.28125,468036.09375,468663.09375,469127.28125,469575.5,469999.6875,470445.5,471392.0,472305.0,473117.0,473914.0,474688.0,475395.6875,476159.90625,477176.0,477210.125,477408.1875,477577.90625,477884.0,478216.1875,478613.3125,479067.59375,479468.0,479316.71875,479360.40625,479457.6875,479582.5,479803.3125,480081.21875
Washington - DC,6061979.0,6079176.0,6095354.0,6111588.0,6128042.0,6143795.0,6161133.0,6178338.0,6194830.0,6211236.0,6226305.0,6240932.0,6255551.0,6269990.0,6285298.0,6300412.0,6315224.0,6330340.0,6344739.0,6358701.0,6371325.0,6353226.0,6352560.0,6351009.0,6350218.0,6352782.0,6352797.0,6354995.0,6356815.0,6360450.0,6369414.0,6379242.0,6389831.0,6399703.0,6414474.0,6429801.0,6445454.0,6461422.0,6477537.0,6493433.0
Wichita - KS,646099.4375,646861.5625,647443.75,648029.5,648636.25,649165.5625,649231.0,649279.1875,649249.0,649207.25,649321.6875,649387.5,649450.375,649492.5,650247.0625,650979.375,651678.375,652407.25,653376.125,654298.1875,655080.0,655951.0,655857.1875,655672.125,655565.3125,655805.0,655872.6875,656165.5625,656419.625,656861.0,657559.3125,658346.8125,659213.0,660005.0,660387.875,660813.3125,661303.125,661793.8125,662274.1875,662708.625
Winston-Salem - NC,655312.0,655953.0,657061.5625,658173.375,659305.9375,660359.0625,661685.5,662994.0625,664222.0,665437.625,666433.6875,667379.5,668321.75,669242.1875,670348.875,671431.875,672479.9375,673557.8125,674441.5625,675276.5,675966.0,677134.0,678452.6875,679676.5,680981.0625,682646.0,683979.5,685547.625,687075.0,688799.0,690414.6875,692123.875,693915.875,695630.0,696477.5,697245.1875,697927.1875,698684.6875,699430.4375,700173.5625
Worcester - MA,949839.1875,951309.0625,952756.25,954204.6875,955659.75,957092.75,958577.875,960058.3125,961516.75,962972.25,964456.75,965927.625,967398.0625,968863.25,970256.25,971643.125,973020.6875,974407.3125,975803.3125,977186.125,978529.0,975319.6875,975997.3125,976538.6875,977196.6875,978371.1875,978364.9375,978694.5625,978966.1875,979517.375,980453.4375,981522.25,982708.5,983784.1875,984464.125,985253.4375,986182.3125,987105.5625,988134.875,989233.0
York - PA,445220.6875,445667.90625,446323.6875,446982.3125,447655.59375,448275.78125,448920.28125,449553.3125,450132.375,450703.71875,451484.1875,452231.1875,452976.71875,453707.875,454064.3125,454405.21875,454722.90625,455061.5,455574.71875,456055.21875,456438.0,456720.0,457295.8125,457807.71875,458374.125,459183.0,459511.90625,459998.59375,460458.0,461049.0,461885.1875,462783.90625,463738.0,464640.0,464924.09375,465270.125,465716.3125,466229.0,466772.3125,467315.3125
Youngstown - OH,555457.5625,554600.25,553700.0625,552802.1875,551921.1875,550973.5625,550357.9375,549726.9375,549029.125,548321.0,547717.3125,547072.0,546423.8125,545757.625,545120.9375,544465.0,543780.5625,543120.75,542560.625,541960.3125,541243.0,540240.0,539647.5625,538980.25,538377.375,538059.0,537329.6875,536785.0,536208.625,535785.0,535385.375,535058.5,534795.3125,534472.0,533530.5,532649.75,531807.9375,530972.4375,530236.1875,529574.5
