Market,2025 Q2 EST,2025 Q3,2025 Q4,2026 Q1,2026 Q2,2026 Q3,2026 Q4,2027 Q1,2027 Q2,2027 Q3,2027 Q4,2028 Q1,2028 Q2,2028 Q3,2028 Q4,2029 Q1,2029 Q2,2029 Q3,2029 Q4,2030 Q1,2030 Q2,2030 Q3,2030 Q4,2031 Q1,2031 Q2,2031 Q3,2031 Q4,2032 Q1,2032 Q2,2032 Q3,2032 Q4,2033 Q1,2033 Q2,2033 Q3,2033 Q4,2034 Q1,2034 Q2,2034 Q3,2034 Q4,2035 Q1,2035 Q2
Akron - OH,697807.6875,697646.1875,697459.25,697230.3125,696976.0625,696752.9375,696509.875,696250.0,695961.6875,695663.5,695356.875,695046.0625,694735.875,694426.875,694120.3125,693819.5,693532.6875,693254.8125,692985.25,692723.375,692459.5,692208.375,691972.5,691748.5,691538.3125,691323.1875,691106.8125,690887.5625,690666.3125,690443.625,690217.6875,689989.3125,689757.5,689523.0,689285.375,689045.6875,688801.875,688555.1875,688304.0625,688049.0,687789.625
Albany - NY,899450.6875,899790.0,900472.0,901153.0625,901661.5,902075.5,902447.5625,902767.25,903032.3125,903271.9375,903489.5,903695.8125,903897.875,904094.5,904291.3125,904489.5,904704.5,904925.875,905159.1875,905399.0,905633.125,905882.3125,906146.9375,906427.0,906724.125,907015.625,907301.5625,907584.4375,907863.6875,908140.375,908413.0,908682.625,908946.3125,909205.625,909462.8125,909714.1875,909961.9375,910203.5,910442.5,910674.0,910899.875
Albuquerque - NM,927061.5625,927791.375,928508.75,929187.0,929821.875,930435.125,930956.4375,931452.875,931915.75,932365.8125,932784.9375,933195.3125,933608.1875,934020.625,934412.75,934810.9375,935221.625,935638.4375,936039.9375,936445.125,936844.625,937257.0,937702.25,938169.125,938660.125,939149.75,939640.625,940134.5,940632.0,941134.0,941637.8125,942142.375,942649.1875,943160.5,943674.0625,944190.625,944709.875,945232.125,945754.875,946278.0625,946804.875
Anchorage - AK,403727.375,404214.28125,404671.0,405318.375,405954.09375,406579.40625,407188.8125,407787.5,408364.28125,408933.40625,409487.6875,410037.90625,410588.5,411140.0,411667.375,412199.09375,412742.625,413293.5,413816.90625,414347.59375,414877.6875,415418.625,415925.6875,416442.09375,416969.40625,417493.28125,418013.09375,418532.0,419051.5,419569.3125,420083.09375,420595.625,421107.6875,421618.90625,422131.09375,422642.3125,423152.40625,423661.0,424166.40625,424669.90625,425171.6875
Asheville - NC,488640.09375,489639.90625,490558.90625,491491.6875,492432.1875,493367.5,494295.0,495215.09375,496124.5,497030.40625,497939.59375,498848.0,499756.71875,500665.8125,501580.40625,502497.1875,503420.0,504346.0,505245.0,506147.0,507046.28125,507950.90625,508863.8125,509781.8125,510702.5,511619.0,512534.0,513445.96875,514356.09375,515263.90625,516168.8125,517070.8125,517969.46875,518865.28125,519756.71875,520645.1875,521530.21875,522411.625,523287.78125,524160.21875,525028.0
Atlanta - GA,6434363.0,6452713.0,6470104.0,6487418.0,6504731.0,6522140.0,6539439.0,6556591.0,6573398.0,6590112.0,6606844.0,6623605.0,6640451.0,6657360.0,6674448.0,6691687.0,6709208.0,6726885.0,6744819.0,6762924.0,6781070.0,6799417.0,6818094.0,6837019.0,6856203.0,6875313.0,6894475.0,6913622.0,6932781.0,6951913.0,6971105.0,6990285.0,7009460.0,7028600.0,7047796.0,7066987.0,7086164.0,7105290.0,7124466.0,7143620.0,7162749.0
Augusta - GA,632583.8125,633224.9375,633925.75,634630.375,635339.625,636148.9375,636943.0,637728.0625,638500.5,639269.875,640026.6875,640783.3125,641539.5,642296.0625,643045.0,643794.3125,644548.6875,645306.1875,646071.3125,646838.1875,647602.1875,648371.1875,649145.875,649924.625,650704.25,651477.125,652244.875,653006.6875,653763.5,654515.625,655260.9375,655999.3125,656730.3125,657455.625,658174.0625,658885.9375,659590.1875,660286.9375,660975.25,661655.5625,662326.8125
Austin - TX,2557131.0,2568898.0,2580688.0,2592623.0,2604723.0,2616896.0,2629130.0,2641501.0,2653824.0,2666141.0,2678503.0,2690879.0,2703291.0,2715701.0,2728201.0,2740821.0,2753631.0,2766483.0,2779426.0,2792516.0,2805688.0,2818928.0,2832236.0,2845753.0,2859403.0,2873046.0,2886681.0,2900328.0,2914006.0,2927699.0,2941409.0,2955124.0,2968865.0,2982624.0,2996384.0,3010159.0,3023958.0,3037761.0,3051552.0,3065349.0,3079152.0
Bakersfield - CA,914035.1875,914891.0,915989.0,917115.75,918267.5,919491.0625,920730.3125,921935.125,923102.4375,924285.6875,925463.0625,926646.0,927837.5,929039.625,930246.8125,931471.1875,932718.1875,933980.5625,935264.875,936561.375,937863.25,939182.625,940523.3125,941878.4375,943250.4375,944611.875,945976.0625,947338.5,948693.1875,950046.3125,951397.875,952742.9375,954086.125,955425.5,956762.5,958094.125,959423.5,960746.375,962065.4375,963375.5,964680.75
Baltimore - MD,2849658.0,2851788.0,2853997.0,2856207.0,2858414.0,2860665.0,2862765.0,2864761.0,2866575.0,2868314.0,2869981.0,2871607.0,2873230.0,2874854.0,2876489.0,2878153.0,2879903.0,2881702.0,2883597.0,2885538.0,2887476.0,2889494.0,2891584.0,2893785.0,2896108.0,2898437.0,2900711.0,2902999.0,2905311.0,2907637.0,2909947.0,2912270.0,2914610.0,2916962.0,2919269.0,2921591.0,2923921.0,2926263.0,2928557.0,2930852.0,2933160.0
Baton Rouge - LA,859301.6875,860027.75,860701.875,861352.0,861978.25,862580.625,863147.1875,863693.125,864197.0625,864685.4375,865145.0,865595.0625,866046.375,866497.0625,866936.0,867380.9375,867845.5625,868321.25,868825.9375,869341.5,869853.25,870383.0,870930.5,871502.625,872096.1875,872690.3125,873285.6875,873880.375,874478.5,875079.125,875679.875,876281.6875,876883.125,877486.8125,878092.3125,878699.125,879306.5,879915.5625,880524.75,881132.625,881740.625
Beaumont - TX,409860.8125,409644.71875,409248.40625,408897.0,408582.875,408231.40625,407889.59375,407558.0,407217.0,406873.90625,406535.625,406193.21875,405847.59375,405500.5,405163.09375,404824.8125,404491.40625,404158.8125,403834.1875,403510.71875,403183.28125,402859.3125,402539.40625,402244.0,401960.90625,401679.1875,401401.875,401129.59375,400864.59375,400604.5,400350.0,400099.5,399854.625,399615.375,399380.0,399149.09375,398923.1875,398701.5,398481.40625,398264.71875,398051.6875
Birmingham - AL,1198992.0,1200663.0,1202154.0,1203615.0,1205048.0,1206402.0,1207710.0,1208975.0,1210198.0,1211394.0,1212564.0,1213715.0,1214848.0,1215972.0,1217076.0,1218168.0,1219257.0,1220334.0,1221408.0,1222473.0,1223516.0,1224557.0,1225595.0,1226633.0,1227667.0,1228686.0,1229689.0,1230682.0,1231661.0,1232626.0,1233581.0,1234521.0,1235450.0,1236369.0,1237275.0,1238170.0,1239053.0,1239925.0,1240788.0,1241633.0,1242467.0
Boise - ID,855903.3125,859781.5,863390.3125,866785.875,869975.25,872917.1875,875832.5,878717.0,881548.125,884354.375,887155.5,889944.8125,892725.125,895502.0625,898295.25,901088.625,903897.8125,906712.0,909464.875,912225.125,914973.375,917739.0625,920499.5,923269.6875,926048.8125,928811.5625,931544.125,934262.0,936969.5,939662.1875,942325.1875,944976.0,947609.625,950231.375,952819.375,955391.9375,957953.1875,960498.25,963011.0,965509.5625,967995.75
Boston - MA,4994051.0,5001636.0,5008316.0,5014467.0,5020240.0,5025191.0,5029831.0,5034160.0,5037791.0,5041166.0,5044358.0,5047459.0,5050589.0,5053775.0,5057081.0,5060581.0,5064512.0,5068707.0,5073174.0,5077906.0,5082709.0,5087881.0,5093460.0,5099417.0,5105855.0,5112276.0,5118699.0,5125121.0,5131545.0,5137972.0,5144400.0,5150823.0,5157241.0,5163664.0,5170077.0,5176492.0,5182897.0,5189300.0,5195688.0,5202063.0,5208423.0
Brownsville-Harlingen - TX,426303.59375,426190.40625,426061.5,425991.6875,425972.90625,425973.78125,425995.78125,426039.21875,426083.3125,426136.40625,426204.71875,426279.3125,426361.375,426451.59375,426561.5,426680.5,426814.21875,426957.0,427116.09375,427284.6875,427456.78125,427640.28125,427834.59375,428042.0,428256.28125,428466.0,428675.59375,428882.0,429087.1875,429290.3125,429491.90625,429690.5,429886.28125,430081.59375,430274.09375,430465.0,430652.71875,430838.5,431019.5,431197.8125,431372.59375
Buffalo - NY,1150135.0,1150324.0,1150753.0,1151170.0,1151357.0,1151380.0,1151351.0,1151251.0,1151075.0,1150858.0,1150606.0,1150332.0,1150043.0,1149741.0,1149435.0,1149119.0,1148815.0,1148515.0,1148195.0,1147878.0,1147545.0,1147230.0,1146939.0,1146673.0,1146432.0,1146193.0,1145954.0,1145719.0,1145486.0,1145258.0,1145032.0,1144808.0,1144586.0,1144365.0,1144143.0,1143923.0,1143702.0,1143484.0,1143268.0,1143050.0,1142832.0
Canton - OH,398326.375,398145.28125,397954.40625,397742.625,397517.0,397300.0,397071.28125,396831.78125,396581.5,396337.0,396086.6875,395830.1875,395568.375,395314.59375,395054.09375,394788.3125,394519.1875,394259.625,394089.5,393914.71875,393732.3125,393561.09375,393387.0,393213.5,393039.625,392876.5,392715.3125,392551.78125,392385.5,392232.5,392078.875,391922.59375,391763.3125,391616.78125,391469.5,391320.40625,391167.78125,391027.1875,390885.71875,390741.40625,390593.6875
Charleston - SC,866006.75,868228.375,870445.3125,872718.8125,875028.1875,877485.4375,879919.625,882334.25,884719.8125,887100.5,889479.125,891865.1875,894261.0,896664.9375,899079.0,901501.75,903947.1875,906406.6875,908880.375,911367.1875,913851.9375,916355.25,918878.3125,921418.5625,923978.0,926532.0,929085.375,931636.75,934187.625,936738.25,939287.1875,941834.625,944379.875,946924.3125,949467.25,952008.9375,954548.5,957086.125,959619.875,962150.8125,964677.625
Charlotte - NC,2858623.0,2868450.0,2878139.0,2887914.0,2897759.0,2907735.0,2917690.0,2927592.0,2937349.0,2947085.0,2956833.0,2966598.0,2976395.0,2986241.0,2996155.0,3006151.0,3016291.0,3026524.0,3036704.0,3046978.0,3057281.0,3067715.0,3078264.0,3088884.0,3099581.0,3110222.0,3120825.0,3131370.0,3141875.0,3152332.0,3162753.0,3173127.0,3183451.0,3193721.0,3203955.0,3214137.0,3224269.0,3234347.0,3244356.0,3254312.0,3264206.0
Chattanooga - TN,584537.75,585244.625,585991.8125,586722.4375,587442.375,588222.5,588991.8125,589751.5625,590496.875,591238.75,591975.8125,592713.375,593452.0,594191.75,594929.0,595667.5,596410.875,597157.5,597910.6875,598665.6875,599416.875,600172.9375,600934.8125,601704.5625,602481.875,603256.25,604034.4375,604812.0,605590.8125,606369.6875,607148.8125,607926.5,608703.4375,609478.875,610253.75,611027.375,611800.0,612571.4375,613339.1875,614104.9375,614868.75
Chicago - IL,9418673.0,9414232.0,9408893.0,9403350.0,9397464.0,9390845.0,9383275.0,9375494.0,9367157.0,9358704.0,9349897.0,9341101.0,9332404.0,9323824.0,9315181.0,9306750.0,9298746.0,9291026.0,9283222.0,9275691.0,9268220.0,9261113.0,9254645.0,9248645.0,9243172.0,9237771.0,9232492.0,9227320.0,9221929.0,9216648.0,9211469.0,9206396.0,9201417.0,9196527.0,9191719.0,9187007.0,9182389.0,9177844.0,9173376.0,9168986.0,9164661.0
Cincinnati - OH,2274535.0,2276717.0,2278743.0,2280644.0,2282464.0,2284224.0,2285928.0,2287571.0,2289092.0,2290569.0,2292015.0,2293444.0,2294876.0,2296314.0,2297751.0,2299210.0,2300735.0,2302295.0,2303891.0,2305522.0,2307149.0,2308828.0,2310534.0,2312298.0,2314117.0,2315914.0,2317720.0,2319510.0,2321287.0,2323051.0,2324813.0,2326559.0,2328288.0,2330000.0,2331699.0,2333389.0,2335058.0,2336709.0,2338351.0,2339972.0,2341573.0
Cleveland - OH,2061589.125,2060885.0,2059951.875,2058966.125,2057923.125,2056856.875,2055728.0,2054543.0,2053263.875,2051951.875,2050612.0,2049247.125,2047884.0,2046520.0,2045163.0,2043823.0,2042525.0,2041255.0,2040007.0,2038781.0,2037547.0,2036353.0,2035206.0,2034095.0,2033029.0,2031945.0,2030856.0,2029754.0,2028645.0,2027529.0,2026402.0,2025266.0,2024119.0,2022961.0,2021792.0,2020619.0,2019430.0,2018234.0,2017021.0,2015798.0,2014560.0
Colorado Springs - CO,782909.1875,784851.375,786755.6875,788658.0625,790568.8125,792436.25,794328.625,796227.1875,798129.5,800047.0,801995.1875,803961.125,805944.875,807946.4375,809983.5,812037.5,814113.25,816206.8125,818312.0625,820433.6875,822564.0,824713.375,826867.9375,829037.5,831218.875,833402.3125,835590.5625,837782.4375,839980.75,842184.0625,844389.6875,846598.375,848811.25,851028.0625,853244.0,855462.125,857684.0625,859908.0625,862127.9375,864349.5,866572.1875
Columbia - SC,864793.5625,865959.125,867278.375,868591.1875,869894.25,871335.875,872772.0,874198.1875,875603.0,877006.0,878406.3125,879812.0,881227.3125,882649.5,884073.1875,885506.25,886961.125,888428.125,889925.1875,891433.25,892941.25,894466.125,896024.5,897595.0,899178.125,900754.6875,902331.75,903905.5,905477.0,907047.5,908617.625,910185.5,911750.1875,913313.75,914877.625,916440.125,917999.875,919557.5,921108.1875,922655.875,924199.125
Columbus - OH,2226349.0,2232098.0,2237623.0,2243081.0,2248466.0,2253790.0,2259041.0,2264205.0,2269185.0,2274096.0,2278991.0,2283874.0,2288771.0,2293680.0,2298655.0,2303689.0,2308836.0,2314047.0,2319324.0,2324678.0,2330054.0,2335519.0,2341122.0,2346813.0,2352615.0,2358371.0,2364125.0,2369859.0,2375569.0,2381249.0,2386921.0,2392570.0,2398194.0,2403788.0,2409370.0,2414938.0,2420480.0,2425994.0,2431494.0,2436977.0,2442433.0
Corpus Christi - TX,451513.21875,451731.6875,451795.0,451929.59375,452061.625,452145.59375,452237.625,452336.21875,452411.40625,452480.40625,452551.5,452617.71875,452685.09375,452751.59375,452829.09375,452906.5,452989.6875,453073.6875,453169.5,453267.3125,453362.78125,453461.5,453564.3125,453685.59375,453809.5,453926.6875,454039.40625,454148.59375,454256.28125,454360.90625,454462.875,454560.6875,454655.90625,454748.6875,454837.59375,454922.90625,455005.625,455084.0,455158.28125,455228.21875,455293.78125
Dallas-Fort Worth - TX,8367915.0,8394419.0,8421144.0,8448483.0,8476508.0,8505020.0,8533881.0,8563286.0,8592575.0,8622071.0,8651620.0,8681188.0,8710882.0,8740634.0,8770667.0,8800987.0,8831841.0,8862924.0,8894479.0,8926391.0,8958417.0,8990771.0,9023739.0,9057298.0,9091387.0,9125341.0,9159476.0,9193678.0,9228010.0,9262309.0,9296812.0,9331411.0,9366115.0,9400812.0,9435684.0,9470657.0,9505722.0,9540744.0,9575939.0,9611229.0,9646581.0
Dayton - OH,814626.25,814610.75,814579.6875,814503.625,814401.4375,814319.5,814216.375,814095.0,813939.5,813772.8125,813596.625,813415.5625,813235.875,813058.6875,812884.875,812719.125,812571.125,812434.8125,812309.0,812193.5,812076.4375,811975.25,811893.1875,811826.1875,811776.5,811721.375,811664.8125,811605.125,811542.8125,811479.0,811411.9375,811341.8125,811268.1875,811191.6875,811111.875,811030.0,810943.4375,810853.8125,810759.25,810660.125,810556.1875
Daytona Beach - FL,729063.4375,730634.0,732485.25,734365.4375,736274.0,738354.3125,740438.625,742499.875,744524.0,746527.875,748535.5625,750532.875,752520.5,754502.625,756503.875,758506.0,760512.5,762520.5,764539.9375,766559.1875,768570.1875,770588.9375,772612.1875,774636.75,776661.6875,778668.1875,780657.0,782630.3125,784588.625,786529.1875,788454.5,790361.0625,792254.0625,794130.375,795990.8125,797835.0625,799664.1875,801477.5,803272.8125,805052.4375,806814.5625
Denver - CO,3057703.0,3064428.0,3071162.0,3077860.0,3084521.0,3091151.0,3097835.0,3104491.0,3111052.0,3117610.0,3124245.0,3130901.0,3137612.0,3144374.0,3151262.0,3158225.0,3165304.0,3172464.0,3179685.0,3186979.0,3194301.0,3201728.0,3209206.0,3216760.0,3224401.0,3232025.0,3239638.0,3247244.0,3254851.0,3262450.0,3270039.0,3277614.0,3285184.0,3292744.0,3300277.0,3307795.0,3315304.0,3322797.0,3330250.0,3337685.0,3345101.0
Des Moines - IA,711355.6875,713270.0625,715235.3125,717181.5625,719116.5,721058.3125,722984.6875,724899.875,726789.3125,728674.0,730554.375,732437.625,734327.5,736224.3125,738130.9375,740052.125,741995.5,743955.625,745932.6875,747925.75,749921.6875,751940.125,753980.3125,756043.0,758127.6875,760213.1875,762302.0,764392.5,766485.75,768581.75,770680.125,772779.5,774880.0,776983.0625,779086.6875,781191.25,783296.875,785403.0,787508.5,789612.6875,791716.5
Detroit - MI,4363354.0,4365247.0,4367003.0,4368604.0,4370094.0,4371438.0,4372611.0,4373608.0,4374290.0,4374836.0,4375280.0,4375679.0,4376062.0,4376432.0,4376784.0,4377145.0,4377595.0,4378078.0,4378601.0,4379145.0,4379643.0,4380220.0,4380891.0,4381641.0,4382487.0,4383260.0,4383980.0,4384646.0,4385262.0,4385836.0,4386369.0,4386864.0,4387320.0,4387738.0,4388123.0,4388475.0,4388788.0,4389062.0,4389293.0,4389482.0,4389623.0
Durham - NC,622850.0,624308.3125,625632.0625,626963.0625,628299.625,629622.375,630931.375,632219.0,633456.5,634678.3125,635895.0,637108.875,638328.6875,639555.75,640798.8125,642058.6875,643352.5,644668.0,645975.5,647304.1875,648637.0,649999.5625,651392.875,652811.375,654259.5625,655699.5,657132.8125,658558.5,659979.375,661393.8125,662801.875,664202.6875,665597.0,666984.375,668366.5625,669741.8125,671111.0625,672473.3125,673828.4375,675176.5,676516.8125
East Bay - CA,2819124.0,2824765.0,2829441.0,2833313.0,2838395.0,2842623.0,2845950.0,2849068.0,2851853.0,2854174.0,2856388.0,2858580.0,2860804.0,2863074.0,2865406.0,2867849.0,2870502.0,2873287.0,2876207.0,2879256.0,2882348.0,2885622.0,2889079.0,2892725.0,2896609.0,2900480.0,2904250.0,2908020.0,2911784.0,2915561.0,2919355.0,2923151.0,2926950.0,2930753.0,2934587.0,2938423.0,2942259.0,2946097.0,2949944.0,2953786.0,2957623.0
El Paso - TX,882123.125,883248.4375,884364.9375,885494.8125,886426.5,887379.1875,888349.9375,889339.8125,890304.8125,891263.4375,892230.6875,893188.0,894137.5625,895082.875,896048.25,897012.0625,897987.5,898963.1875,899956.125,900951.8125,901936.6875,902929.875,903929.6875,904980.0,906051.875,907120.4375,908191.25,909265.1875,910348.5,911436.125,912528.0625,913622.6875,914723.0,915828.6875,916936.875,918048.6875,919165.0,920283.8125,921399.4375,922516.4375,923634.875
Fayetteville - NC,394657.5,394967.59375,395301.59375,395626.5,395942.40625,396283.59375,396619.375,396943.21875,397246.09375,397553.09375,397858.40625,398161.0,398463.8125,398780.90625,399103.40625,399429.0,399765.90625,400122.1875,400424.71875,400732.21875,401037.40625,401366.40625,401705.40625,402054.5,402414.625,402785.71875,403154.6875,403520.125,403883.09375,404259.5,404635.3125,405007.6875,405377.1875,405758.78125,406139.3125,406516.8125,406890.5,407276.0,407656.09375,408032.59375,408405.0
Flint - MI,397735.40625,397294.71875,396882.375,396460.28125,396033.125,395605.90625,395172.0,394730.28125,394277.71875,393821.09375,393362.21875,392903.6875,392445.5,391986.90625,391527.0,391065.71875,390605.71875,390144.59375,389686.0,389226.28125,388762.375,388299.90625,387840.59375,387386.6875,386935.5,386484.09375,386036.90625,385590.59375,385145.28125,384702.3125,384261.59375,383822.8125,383386.40625,382952.09375,382519.40625,382089.1875,381660.875,381233.875,380808.8125,380384.71875,379961.3125
Fort Lauderdale - FL,1996130.0,1999653.0,2003175.0,2006506.0,2008801.0,2011083.0,2013032.0,2014728.0,2015870.0,2016794.0,2017612.0,2017677.0,2017727.0,2017801.0,2017985.0,2018279.0,2018848.0,2019587.0,2020513.0,2021592.0,2022696.0,2024057.0,2025560.0,2027288.0,2029321.0,2031316.0,2033222.0,2035070.0,2036859.0,2038614.0,2040344.0,2042007.0,2043615.0,2045193.0,2046734.0,2048217.0,2049643.125,2051039.0,2052422.125,2053751.0,2055017.125
Fort Myers - FL,842759.25,845080.0,847909.4375,850755.9375,853622.1875,856762.6875,859886.25,862963.3125,865944.8125,868886.0,871822.375,874742.375,877658.625,880578.0,883535.8125,886515.5,889538.875,892591.1875,895684.0625,898804.6875,901930.8125,905102.75,908317.875,911559.375,914833.9375,918080.875,921302.9375,924500.5,927673.875,930820.625,933941.25,937033.0,940101.9375,943145.1875,946161.8125,949153.0625,952121.1875,955064.1875,957980.25,960872.8125,963737.125
Fort Wayne - IN,461177.09375,461505.875,461808.28125,462085.375,462350.3125,462602.5,462840.09375,463065.78125,463273.09375,463475.5,463669.3125,463862.90625,464058.6875,464256.28125,464452.3125,464652.0,464862.0,465077.78125,465288.78125,465503.8125,465716.40625,465938.0,466168.90625,466411.8125,466666.59375,466920.6875,467175.0,467429.1875,467684.28125,467940.625,468196.0,468452.0,468707.3125,468963.40625,469220.21875,469477.90625,469735.6875,469994.8125,470252.40625,470510.8125,470768.0
Fresno - CA,1020212.0,1021421.0,1022859.0,1024334.9375,1025843.0,1027389.0625,1028951.0625,1030482.0625,1031970.9375,1033480.9375,1034989.0,1036508.0625,1038043.0,1039595.9375,1041159.0625,1042749.0,1044373.0625,1046022.0,1047699.9375,1049399.0,1051111.0,1052849.0,1054618.0,1056411.0,1058229.0,1060039.0,1061850.0,1063657.0,1065459.0,1067265.0,1069063.0,1070857.0,1072649.0,1074437.0,1076222.0,1078005.0,1079783.0,1081555.0,1083322.0,1085080.0,1086835.0
Grand Rapids - MI,1113948.0,1116261.0,1118513.0,1120724.0,1122909.0,1125044.0,1127142.0,1129210.0,1131222.0,1133208.0,1135184.0,1137155.0,1139125.0,1141086.0,1143044.0,1144997.0,1146957.0,1148918.0,1150884.0,1152850.0,1154795.0,1156749.0,1158717.0,1160676.0,1162627.0,1164548.0,1166452.0,1168330.0,1170178.0,1172005.0,1173805.0,1175582.0,1177336.0,1179067.0,1180776.0,1182462.0,1184125.0,1185765.0,1187380.0,1188973.0,1190540.0
Greensboro - NC,797866.5625,798589.75,799219.125,799863.25,800517.25,801195.3125,801860.75,802507.1875,803115.5,803711.1875,804303.75,804891.4375,805480.75,806072.0,806673.5,807284.1875,807916.3125,808560.8125,809168.5,809788.3125,810406.1875,811042.8125,811697.875,812379.5625,813088.6875,813798.0,814512.0625,815227.4375,815947.1875,816669.375,817395.3125,818122.0,818850.6875,819580.0,820310.9375,821042.5,821774.625,822507.0625,823234.6875,823962.25,824687.6875
Greenville - SC,988393.8125,990292.3125,992339.5,994355.25,996336.6875,998454.25,1000538.0,1002589.0,1004590.0,1006570.0,1008531.0,1010484.0,1012435.0,1014383.0,1016330.0,1018280.0,1020249.0,1022226.0,1024211.0625,1026203.0,1028188.0,1030188.0,1032206.0625,1034240.0,1036291.0,1038331.0625,1040365.9375,1042391.0,1044411.0,1046427.0,1048437.0,1050440.0,1052437.0,1054430.0,1056418.0,1058401.0,1060378.0,1062349.0,1064314.0,1066272.0,1068223.0
Gulfport-Biloxi-Pascagoula - MS,404895.375,405109.3125,405315.1875,405494.5,405639.8125,405762.78125,405825.09375,405860.09375,405861.0,405839.125,405784.40625,405711.5,405624.0,405523.09375,405398.28125,405263.3125,405124.375,404978.3125,404813.0,404640.8125,404457.875,404273.1875,404096.1875,403919.8125,403744.6875,403561.625,403371.40625,403175.5,402974.21875,402768.5,402557.40625,402340.6875,402119.1875,401895.1875,401667.3125,401435.78125,401199.875,400960.59375,400717.71875,400471.09375,400221.0
Harrisburg - PA,609497.9375,610042.3125,610572.5,611100.25,611624.8125,612142.5625,612650.5,613148.8125,613622.9375,614086.8125,614541.0625,614990.4375,615437.3125,615884.5625,616332.5,616785.5625,617249.3125,617719.75,618200.0,618687.1875,619171.0,619666.0,620178.5625,620701.4375,621230.0,621749.8125,622264.375,622771.75,623270.0,623760.8125,624246.5625,624725.8125,625196.25,625660.375,626118.6875,626570.6875,627014.25,627450.6875,627880.625,628303.125,628716.375
Hartford - CT,1210817.0,1210688.0,1210654.0,1210626.0,1210404.0,1210216.0,1209951.0,1209630.0,1209203.0,1208738.0,1208202.0,1207641.0,1207073.0,1206498.0,1205889.0,1205295.0,1204743.0,1204214.0,1203699.0,1203208.0,1202710.0,1202252.0,1201835.0,1201469.0,1201167.0,1200864.0,1200562.0,1200266.0,1199975.0,1199685.0,1199407.0,1199128.0,1198856.0,1198585.0,1198319.0,1198058.0,1197802.0,1197546.0,1197290.0,1197035.0,1196785.0
Honolulu - HI,989846.375,989797.75,989722.0,989692.375,989715.8125,989739.0,989739.375,989730.3125,989678.5,989627.0,989565.8125,989511.75,989478.25,989463.0625,989463.0625,989485.5,989560.5,989669.125,989799.0,989965.5,990140.375,990360.4375,990521.5,990732.0,991003.625,991285.6875,991581.75,991896.75,992228.0625,992572.0625,992929.6875,993301.25,993688.0,994086.0,994491.0625,994914.3125,995345.8125,995787.4375,996236.3125,996690.125,997155.0
Houston - TX,7685703.0,7712782.0,7739691.0,7766736.0,7794370.0,7821863.0,7849231.0,7876619.0,7903271.0,7929937.0,7956056.0,7982108.0,8008240.0,8034220.0,8060465.0,8086987.0,8114104.0,8141299.0,8168975.0,8197010.5,8225120.0,8253419.0,8282366.0,8311826.0,8341911.0,8371619.0,8401462.0,8431300.0,8461177.0,8490744.0,8520445.0,8550159.0,8579883.0,8609330.0,8638870.0,8668428.0,8697993.0,8727254.0,8756615.0,8785982.0,8815326.0
Huntsville - AL,538039.3125,539533.625,541009.875,542454.875,543866.5,545261.25,546624.0625,547958.3125,549257.875,550537.1875,551796.5,553041.375,554272.375,555492.1875,556698.4375,557895.5,559089.0,560275.5,561457.5,562633.125,563795.25,564955.6875,566109.375,567259.875,568407.0,569540.25,570656.5,571760.1875,572852.125,573933.125,575003.5,576061.5625,577108.1875,578144.3125,579171.375,580189.0625,581195.6875,582192.5,583179.0625,584154.8125,585119.875
Indianapolis - IN,2192630.0,2196162.0,2199589.0,2203082.0,2206374.0,2209601.0,2212766.0,2215856.0,2218811.0,2221724.0,2224601.0,2227474.0,2230368.0,2233289.0,2236216.0,2239196.0,2242271.0,2245415.0,2248602.0,2251849.0,2255106.0,2258453.0,2261835.0,2265298.0,2268853.0,2272397.0,2275936.0,2279467.0,2282995.0,2286519.0,2290035.0,2293546.0,2297046.0,2300544.0,2304042.0,2307537.0,2311028.0,2314520.0,2317993.0,2321458.0,2324913.0
Inland Empire - CA,4736271.0,4746317.0,4757263.0,4768399.0,4779703.0,4791195.0,4802800.0,4814260.0,4825573.0,4836987.0,4848377.0,4859805.0,4871284.0,4882814.0,4894361.0,4905992.0,4917731.0,4929532.0,4941434.0,4953397.0,4965386.0,4977443.0,4989585.0,5001737.0,5013902.0,5025964.0,5037981.0,5049937.0,5061821.0,5073651.0,5085412.0,5097116.0,5108767.0,5120354.0,5131874.0,5143345.0,5154756.0,5166102.0,5177366.0,5188562.0,5199698.0
Jackson - MS,567993.0,568197.875,568406.625,568623.25,568833.625,569023.625,569158.8125,569282.25,569384.0,569495.1875,569585.875,569672.9375,569758.9375,569864.1875,569956.75,570050.0,570153.0625,570279.1875,570390.9375,570504.0,570612.625,570750.1875,570910.1875,571082.8125,571267.5,571472.625,571680.4375,571888.8125,572097.75,572331.0,572566.25,572800.75,573035.25,573294.125,573555.125,573816.5,574076.5,574357.5,574639.25,574918.8125,575197.375
Jacksonville - FL,1755221.0,1760552.0,1766015.0,1771426.0,1776825.0,1782325.0,1787837.0,1793292.0,1798627.0,1803917.0,1809219.0,1814506.0,1819792.0,1825081.0,1830442.0,1835830.0,1841275.0,1846755.0,1852295.0,1857865.0,1863436.0,1869062.0,1874744.0,1880462.0,1886220.0,1891942.0,1897633.0,1903294.0,1908924.0,1914521.0,1920092.0,1925625.0,1931131.0,1936603.0,1942050.0,1947464.0,1952846.0,1958197.0,1963514.0,1968798.0,1974045.0
Kansas City - MO,2249011.0,2253055.0,2256895.0,2260345.0,2263709.0,2266688.0,2269281.0,2271807.0,2274260.0,2276635.0,2278979.0,2281254.0,2283521.0,2285784.0,2288045.0,2290314.0,2292623.0,2294959.0,2297333.0,2299734.0,2302132.0,2304563.0,2307028.0,2309530.0,2312069.0,2314595.0,2317117.0,2319635.0,2322148.0,2324664.0,2327178.0,2329685.0,2332191.0,2334698.0,2337198.0,2339699.0,2342197.0,2344690.0,2347177.0,2349661.0,2352134.0
Killeen - TX,509320.09375,510402.59375,511485.40625,512581.3125,513694.28125,514821.78125,515961.4375,517115.0,518258.78125,519401.90625,520553.28125,521701.71875,522847.71875,523993.78125,525153.625,526313.875,527482.1875,528652.3125,529833.6875,531018.0,532198.5,533384.1875,534575.375,535794.5,537023.625,538250.6875,539477.8125,540706.75,541940.8125,543178.0,544417.8125,545659.3125,546904.3125,548153.0,549402.25,550653.8125,551908.3125,553164.625,554418.875,555674.375,556931.375
Knoxville - TN,948139.5,949310.3125,950718.3125,952091.125,953436.6875,954932.375,956405.25,957854.5,959274.75,960680.75,962074.5,963461.625,964843.8125,966220.0,967589.125,968954.0,970320.3125,971684.1875,973056.25,974425.1875,975782.5,977140.6875,978501.0,979863.25,981225.5,982574.25,983914.6875,985246.1875,986571.75,987889.75,989200.0,990500.4375,991793.8125,993078.125,994355.5625,995626.3125,996888.6875,998143.3125,999389.75,1000626.0,1001855.0
Lafayette - LA,478280.09375,478196.59375,478240.59375,478256.90625,478249.375,478279.125,478283.28125,478272.0,478238.0,478191.5,478128.6875,478056.21875,477980.0,477899.0,477807.1875,477713.8125,477624.3125,477535.625,477458.5,477382.8125,477302.3125,477226.59375,477154.125,477092.1875,477037.28125,476983.1875,476931.3125,476879.78125,476829.59375,476781.3125,476733.78125,476686.625,476639.3125,476593.6875,476547.90625,476503.21875,476459.1875,476416.8125,476374.125,476331.21875,476288.90625
Lakeland - FL,846467.5,850189.875,853976.6875,857739.0,861497.375,865302.0,869112.1875,872891.5,876608.25,880299.625,883995.8125,887681.8125,891365.3125,895049.9375,898767.5,902499.0,906258.4375,910034.9375,913841.9375,917664.6875,921487.625,925338.5,929217.4375,933114.9375,937033.8125,940934.375,944820.3125,948691.75,952549.3125,956389.375,960217.25,964026.3125,967822.0,971602.1875,975369.6875,979121.25,982858.25,986579.5625,990284.0,993973.8125,997644.75
Lancaster - PA,562427.6875,563105.5625,563800.75,564483.875,565160.125,565825.0,566478.25,567121.1875,567743.5625,568355.5,568958.375,569554.3125,570144.75,570731.875,571317.1875,571902.5625,572491.8125,573082.375,573674.6875,574269.4375,574857.75,575451.4375,576052.9375,576663.5,577278.625,577888.4375,578495.5,579098.6875,579696.5,580290.375,580880.5,581467.25,582049.0,582627.3125,583201.8125,583773.1875,584339.1875,584901.6875,585460.3125,586014.5,586563.0
Lansing - MI,474661.71875,474891.6875,475126.8125,475344.21875,475550.59375,475892.09375,476217.1875,476524.40625,476798.1875,477058.90625,477310.40625,477559.125,477807.40625,478055.59375,478303.0,478552.3125,478812.40625,479076.6875,479346.0,479618.71875,479887.375,480165.40625,480454.09375,480752.1875,481060.90625,481362.625,481659.09375,481950.28125,482236.90625,482519.40625,482797.09375,483070.40625,483339.5,483604.625,483865.5,484122.59375,484375.40625,484623.8125,484867.09375,485105.40625,485338.59375
Las Vegas - NV,2383333.0,2390143.0,2396908.0,2403633.0,2410313.0,2416966.0,2423629.0,2430267.0,2436850.0,2443427.0,2449996.0,2456571.0,2463150.0,2469744.0,2476346.0,2482973.0,2489637.0,2496331.0,2502992.0,2509678.0,2516361.0,2523082.0,2529795.0,2536511.0,2543219.0,2549877.0,2556498.0,2563067.0,2569600.0,2576084.0,2582534.0,2588938.0,2595293.0,2601604.0,2607881.0,2614115.0,2620302.0,2626445.0,2632535.0,2638580.0,2644570.0
Lehigh Valley - PA,874834.3125,875327.5625,875889.3125,876427.9375,876949.8125,877492.5,878006.5625,878490.5,878918.875,879347.5,879755.1875,880146.625,880527.5625,880932.125,881336.0,881741.8125,882163.0,882621.1875,883286.625,883958.3125,884619.875,885330.375,886070.6875,886827.375,887596.8125,888381.6875,889155.8125,889913.5625,890652.3125,891408.625,892154.4375,892883.5,893594.3125,894323.4375,895041.625,895744.0625,896428.0,897128.1875,897815.4375,898485.5,899136.75
Lexington - KY,530585.3125,531616.5,532533.625,533421.0,534286.0625,535103.5,535895.3125,536662.4375,537392.1875,538104.625,538801.1875,539486.875,540168.8125,540845.6875,541519.75,542195.125,542880.375,543569.1875,544262.5,544958.5,545648.6875,546348.0,547058.125,547777.75,548509.6875,549233.5,549952.6875,550664.8125,551372.625,552074.8125,552770.875,553460.5,554143.1875,554820.9375,555492.9375,556159.1875,556819.8125,557474.125,558121.8125,558762.875,559397.25
Little Rock - AR,770263.125,771138.1875,772077.8125,773061.8125,774067.0,775113.5,776134.5,777145.3125,778140.9375,779131.5625,780109.375,781085.5,782063.0,783042.5,784011.5,784981.5,785956.8125,786935.125,787876.25,788817.875,789755.3125,790695.1875,791641.8125,792592.0,793543.0,794488.5,795426.6875,796357.75,797286.375,798206.8125,799122.6875,800031.8125,800934.1875,801830.6875,802719.4375,803602.8125,804477.1875,805344.5,806205.375,807056.375,807900.1875
Long Island - NY,2910954.0,2911273.0,2911386.0,2911103.0,2913013.0,2913665.0,2914166.0,2914477.0,2914491.0,2914392.0,2914278.0,2914129.0,2914000.0,2913884.0,2913823.0,2913822.0,2913977.0,2914231.0,2914717.0,2915278.0,2915855.0,2916580.0,2917506.0,2918544.0,2919746.0,2920953.0,2922266.0,2923580.0,2924904.0,2926234.0,2927470.0,2928713.0,2929943.0,2931188.0,2932409.0,2933646.0,2934877.0,2936116.0,2937397.0,2938671.0,2939934.0
Los Angeles - CA,9688377.0,9689757.0,9690175.0,9690624.0,9689403.0,9687217.0,9685135.0,9682546.0,9679177.0,9675797.0,9672250.0,9668658.0,9665179.0,9661812.0,9658525.0,9655490.0,9652906.0,9650612.0,9648645.0,9646967.0,9645340.0,9644085.0,9643394.0,9643101.0,9643376.0,9643683.0,9644195.0,9644767.0,9645391.0,9646073.0,9646764.0,9647505.0,9648322.0,9649182.0,9650037.0,9650957.0,9651911.0,9652906.0,9653843.0,9654786.0,9655759.0
Louisville - KY,1335031.0,1336546.0,1338004.0,1339427.0,1341134.0,1342815.0,1344452.0,1346041.0,1347562.0,1349071.0,1350560.0,1352037.0,1353519.0,1355013.0,1356514.0,1358026.0,1359566.0,1361136.0,1362715.0,1364309.0,1365896.0,1367523.0,1369184.0,1370865.0,1372572.0,1374269.0,1375943.0,1377602.0,1379245.0,1380885.0,1382504.0,1384104.0,1385685.0,1387262.0,1388819.0,1390362.0,1391889.0,1393411.0,1394910.0,1396394.0,1397856.0
Madison - WI,709110.5,710742.5,712229.625,713672.125,715082.0,716461.1875,717802.8125,719103.25,720332.5,721531.625,722710.0,723874.5625,725034.75,726194.0,727361.6875,728538.6875,729745.125,730967.4375,732213.6875,733494.3125,734788.5,736108.25,737499.875,738952.5,740432.3125,741897.5,743357.3125,744841.6875,746312.0625,747772.0,749225.25,750666.1875,752094.8125,753513.3125,754928.75,756332.5625,757726.0,759110.4375,760491.0,761860.25,763219.5
Manchester - NH,429716.71875,430141.21875,430561.8125,431003.8125,431455.59375,431921.375,432380.625,432833.8125,433275.78125,433716.625,434155.0,434593.90625,435032.0,435471.59375,435914.625,436360.5,436812.09375,437266.5,437746.0,438230.09375,438710.6875,439197.375,439691.0,440188.28125,440691.71875,441194.78125,441695.3125,442196.6875,442698.6875,443198.78125,443701.0,444201.8125,444701.1875,445201.59375,445701.59375,446200.90625,446699.3125,447197.125,447694.6875,448189.78125,448682.40625
McAllen - TX,915406.1875,917230.5,918850.5,920575.375,922387.875,924178.375,925992.5,927833.375,929656.125,931478.5,933315.8125,935147.5625,936976.5,938805.9375,940661.0625,942518.9375,944392.25,946270.3125,948168.1875,950072.5,951970.375,953879.6875,955799.8125,957765.0625,959745.1875,961716.375,963680.0,965640.6875,967607.4375,969570.375,971535.8125,973494.0625,975455.1875,977415.5625,979372.0,981328.1875,983281.9375,985231.8125,987175.125,989112.6875,991047.75
Melbourne - FL,653258.75,654606.375,656057.6875,657537.0,659040.75,660652.0,662260.9375,663841.625,665380.3125,666914.9375,668447.875,669962.8125,671462.0,672970.0,674490.5,676002.9375,677511.625,679036.625,680371.125,681696.875,683007.1875,684341.9375,685675.1875,687005.6875,688331.9375,689662.75,690976.9375,692273.0625,693549.3125,694831.625,696097.4375,697341.3125,698566.6875,699799.0625,701015.0,702210.875,703388.125,704571.25,705736.0625,706881.75,708006.75
Memphis - TN,1341326.0,1342161.0,1342967.0,1343751.0,1344510.0,1345245.0,1345946.0,1346619.0,1347243.0,1347852.0,1348448.0,1349044.0,1349639.0,1350237.0,1350834.0,1351441.0,1352068.0,1352712.0,1353376.0,1354055.0,1354732.0,1355429.0,1356149.0,1356891.0,1357649.0,1358394.0,1359129.0,1359851.0,1360569.0,1361276.0,1361973.0,1362657.0,1363332.0,1363995.0,1364650.0,1365294.0,1365928.0,1366551.0,1367163.0,1367761.0,1368347.0
Miami - FL,2727627.0,2731786.0,2735996.0,2739965.0,2742549.0,2745127.0,2747640.0,2749830.0,2751292.0,2752478.0,2753562.0,2753666.0,2753767.0,2753915.0,2754264.0,2754781.0,2755684.0,2756834.0,2758265.0,2759918.0,2761620.0,2763684.0,2766223.0,2769089.0,2772389.0,2775663.0,2778883.0,2782049.0,2785159.0,2788247.0,2791435.0,2794559.0,2797633.0,2800689.0,2803793.0,2806841.0,2809835.0,2812810.0,2815763.0,2818662.0,2821495.0
Milwaukee - WI,1563931.0,1564043.0,1564048.0,1563947.0,1563771.0,1563609.0,1563378.0,1563080.0,1562676.0,1562225.0,1561704.0,1561158.0,1560604.0,1560046.0,1559468.0,1558902.0,1558383.0,1557881.0,1557421.0,1556976.0,1556523.0,1556099.0,1555715.0,1555369.0,1555082.0,1554787.0,1554485.0,1554178.0,1553869.0,1553557.0,1553241.0,1552923.0,1552602.0,1552279.0,1551953.0,1551624.0,1551293.0,1550959.0,1550624.0,1550284.0,1549945.0
Minneapolis - MN,3777330.0,3783770.0,3790123.0,3796389.0,3802570.0,3808636.0,3814602.0,3820488.0,3826191.0,3831846.0,3837456.0,3843058.0,3848686.0,3854343.0,3860036.0,3865797.0,3871677.0,3877638.0,3883683.0,3889809.0,3895952.0,3902213.0,3908594.0,3915097.0,3921719.0,3928327.0,3934938.0,3941460.0,3947884.0,3954123.0,3960356.0,3966776.0,3973191.0,3979600.0,3986005.0,3992406.0,3998797.0,4005183.0,4011554.0,4017911.0,4024254.0
Mobile - AL,413915.59375,414262.90625,414609.8125,414945.90625,415268.875,415591.3125,415900.59375,416199.59375,416486.3125,416767.40625,417041.8125,417312.09375,417577.3125,417839.0,418094.0,418345.6875,418595.3125,418842.1875,419086.78125,419328.875,419563.5,419797.21875,420025.6875,420255.40625,420484.5,420709.6875,420929.40625,421146.59375,421361.5,421574.5,421785.875,421994.5,422200.40625,422404.78125,422607.78125,422809.6875,423009.09375,423206.78125,423402.3125,423595.40625,423786.0
Modesto - CA,552516.0,552924.625,553401.9375,553894.3125,554400.0,554895.3125,555398.0,555878.1875,556332.375,556794.6875,557252.3125,557713.1875,558179.0,558651.5,559127.375,559614.375,560116.8125,560629.5,561156.5,561691.75,562230.6875,562781.9375,563347.75,563927.5,564522.8125,565116.8125,565713.6875,566311.0,566907.25,567506.125,568104.6875,568702.875,569301.5625,569901.4375,570501.0,571101.3125,571701.3125,572301.0,572898.9375,573495.1875,574090.0625
Montgomery - AL,390289.78125,390809.375,391263.40625,391710.21875,392149.6875,392576.8125,392989.28125,393389.5,393772.875,394148.0,394513.21875,394872.40625,395225.90625,395574.59375,395917.125,396256.1875,396594.5,396930.125,397263.09375,397593.28125,397916.0,398238.3125,398560.59375,398882.90625,399203.3125,399516.125,399822.6875,400123.09375,400416.6875,400705.0,400986.3125,401261.0,401529.0,401791.1875,402046.5,402295.8125,402538.78125,402775.09375,403004.59375,403226.71875,403441.71875
Myrtle Beach - SC,576574.25,578648.5,580728.8125,582841.6875,584976.6875,587347.6875,589715.375,592078.4375,594432.375,596786.6875,599143.625,601504.6875,603871.6875,606243.875,608624.0,611010.9375,613409.75,615816.75,618220.875,620632.8125,623046.8125,625471.9375,627908.8125,630355.3125,632810.1875,635264.5625,637721.0,640178.875,642639.5,645102.75,647567.875,650034.9375,652503.625,654974.5,657447.6875,659922.9375,662399.75,664878.125,667357.4375,669837.5625,672318.1875
Naples - FL,407591.1875,408390.90625,409372.40625,410362.78125,411364.6875,412459.40625,413545.8125,414605.59375,415604.875,416580.1875,417549.28125,418509.625,419469.5,420432.3125,421416.09375,422414.5,423444.0,424493.0,425567.09375,426659.59375,427755.5,428880.1875,430034.78125,431213.28125,432423.625,433624.59375,434817.5,436002.90625,437180.5,438349.40625,439511.6875,440664.5,441810.6875,442948.40625,444079.59375,445202.6875,446318.3125,447426.0,448525.21875,449616.59375,450699.09375
Nashville - TN,2148866.0,2154885.0,2160616.0,2166251.0,2171823.0,2177486.0,2183084.0,2188610.0,2193997.0,2199335.0,2204639.0,2209928.0,2215226.0,2220526.0,2225835.0,2231167.0,2236552.0,2241969.0,2247443.0,2252940.0,2258420.0,2263949.0,2269535.0,2275179.0,2280890.0,2286581.0,2292263.0,2297941.0,2303617.0,2309291.0,2314965.0,2320632.0,2326305.0,2331978.0,2337652.0,2343328.0,2349006.0,2354682.0,2360359.0,2366031.0,2371703.0
New Haven - CT,862224.0,862060.4375,861955.875,861808.5,861617.125,861438.0,861207.1875,860940.8125,860610.25,860252.625,859849.5,859430.5,859004.5625,858574.5,858118.6875,857669.625,857246.1875,856834.0,856429.5,856037.875,855642.0,855267.5,854917.75,854598.375,854316.375,854035.5625,853755.8125,853479.1875,853208.125,852939.0625,852677.0,852417.1875,852160.8125,851907.3125,851657.5625,851411.6875,851168.875,850927.4375,850687.625,850449.5,850213.625
New Orleans - LA,1257353.0,1258861.0,1259942.0,1260974.0,1261954.0,1262676.0,1263317.0,1263894.0,1264369.0,1264827.0,1265229.0,1265589.0,1265929.0,1266291.0,1266617.0,1266936.0,1267278.0,1267665.0,1268268.0,1268873.0,1269462.0,1270115.0,1270788.0,1271489.0,1272219.0,1272984.0,1273748.0,1274496.0,1275231.0,1276010.0,1276780.0,1277539.0,1278279.0,1279061.0,1279833.0,1280591.0,1281335.0,1282111.0,1282874.0,1283621.0,1284355.0
New York - NY,14661400.0,14694350.0,14720400.0,14746240.0,14764300.0,14777280.0,14789420.0,14800520.0,14810080.0,14819040.0,14827430.0,14835610.0,14843830.0,14852080.0,14860550.0,14869320.0,14878850.0,14888850.0,14899280.0,14910110.0,14921000.0,14932580.0,14944690.0,14957870.0,14971880.0,14985840.0,14999560.0,15013230.0,15026870.0,15040490.0,15054170.0,15067820.0,15081370.0,15094900.0,15108330.0,15121740.0,15135070.0,15148350.0,15161460.0,15174470.0,15187390.0
Norfolk - VA,1777950.0,1779230.0,1780513.0,1781759.0,1782964.0,1784095.0,1785196.0,1786267.0,1787278.0,1788271.0,1789248.0,1790212.0,1791178.0,1792149.0,1793109.0,1794077.0,1795077.0,1796095.0,1797091.0,1798101.0,1799103.0,1800125.0,1801172.0,1802249.0,1803360.0,1804468.0,1805571.0,1806672.0,1807781.0,1808894.0,1809984.0,1811075.0,1812169.0,1813269.0,1814368.0,1815469.0,1816577.0,1817686.0,1818785.0,1819886.0,1820987.0
Northern New Jersey - NJ,2650725.0,2653671.0,2655842.0,2657383.0,2660512.0,2663017.0,2665295.0,2667366.0,2669151.0,2670814.0,2672465.0,2674070.0,2675675.0,2677281.0,2678900.0,2680569.0,2682374.0,2684254.0,2686192.0,2688209.0,2690238.0,2692384.0,2694817.0,2697024.0,2699377.0,2701702.0,2704102.0,2706487.0,2708862.0,2711221.0,2713565.0,2715894.0,2718206.0,2720494.0,2722806.0,2725100.0,2727377.0,2729627.0,2731908.0,2734170.0,2736413.0
Northwest Arkansas - AR,630687.625,632641.125,634687.625,636709.75,638707.0,640469.125,642174.6875,643838.9375,645439.0,647002.5,648533.3125,650038.8125,651528.875,653005.9375,654458.625,655906.125,657362.1875,658818.5,660241.0625,661662.4375,663071.6875,664487.9375,665893.375,667306.0,668730.4375,670140.8125,671538.6875,672921.8125,674294.125,675652.0,677001.5625,678337.5625,679661.5,680972.75,682275.375,683568.125,684847.625,686116.5,687375.4375,688621.8125,689858.0
Ocala - FL,418014.5,419111.5,420250.21875,421402.0,422566.5,423790.09375,425011.6875,426217.8125,427401.875,428573.6875,429748.40625,430916.09375,432079.0,433238.71875,434410.1875,435582.40625,436758.0,437935.59375,439120.59375,440307.3125,441490.90625,442680.3125,443873.1875,445071.28125,446273.0,447468.09375,448657.40625,449841.625,451021.0,452193.21875,453358.78125,454517.0,455670.09375,456816.8125,457956.3125,459089.8125,460217.5,461338.8125,462452.40625,463560.21875,464660.1875
Ogden - UT,739012.1875,741620.1875,744233.0625,746841.625,749444.6875,752043.0,754655.5625,757264.6875,759863.5,762463.3125,765076.1875,767693.1875,770316.6875,772946.0,775592.0,778247.625,780915.6875,783594.1875,786306.0625,789026.4375,791751.3125,794493.5,797258.125,800026.4375,802712.8125,805308.25,807890.1875,810459.5,813015.625,815560.4375,818096.125,820616.1875,823120.0,825607.4375,828080.625,830536.6875,832978.875,835404.625,837818.625,840216.6875,842598.875
Oklahoma City - OK,1498967.0,1502176.0,1505513.0,1508772.0,1511957.0,1515194.0,1518363.0,1521472.0,1524490.0,1527462.0,1530375.0,1533260.0,1536123.0,1538968.0,1541791.0,1544611.0,1547444.0,1550289.0,1553164.0,1556050.0,1558913.0,1561801.0,1564702.0,1567629.0,1570577.0,1573510.0,1576426.0,1579334.0,1582234.0,1585126.0,1588003.0,1590872.0,1593727.0,1596576.0,1599417.0,1602247.0,1605069.0,1607881.0,1610678.0,1613469.0,1616246.0
Omaha - NE,1003820.0,1006218.0,1008462.0,1010664.0,1012841.0,1014932.0,1017048.0,1019114.0,1021113.0,1023108.0,1025100.0,1027063.9375,1029009.0625,1030974.0,1032953.0,1034925.0625,1036902.0,1038911.0,1040949.9375,1042984.0,1044995.0,1047052.0,1049098.0,1051163.0,1053227.0,1055312.0,1057383.0,1059439.0,1061481.0,1063552.0,1065618.0,1067667.0,1069700.0,1071760.0,1073813.0,1075848.0,1077870.0,1079915.0,1081944.0,1083959.0,1085954.0
Orange County - CA,3147344.0,3148377.0,3149120.0,3149893.0,3152391.0,3154579.0,3156793.0,3158850.0,3160657.0,3162466.0,3164203.0,3165930.0,3167698.0,3169506.0,3171365.0,3173309.0,3175407.0,3177605.0,3179896.0,3182288.0,3184703.0,3187247.0,3189805.0,3192497.0,3195381.0,3198278.0,3201033.0,3203809.0,3206603.0,3209418.0,3212277.0,3215156.0,3218060.0,3220980.0,3223951.0,3226945.0,3229953.0,3232976.0,3236083.0,3239196.0,3242321.0
Orlando - FL,2899387.0,2908573.0,2917520.0,2926487.0,2935705.0,2944753.0,2954673.0,2964406.0,2973658.0,2982569.0,2993416.0,3004237.0,3015045.0,3025738.0,3036564.0,3047578.0,3058924.0,3070295.0,3081920.0,3093768.0,3105700.0,3117713.0,3130069.0,3142729.0,3155765.0,3168583.0,3181448.0,3194334.0,3207238.0,3219920.0,3232646.0,3245381.0,3258151.0,3270698.0,3283286.0,3295889.0,3308519.0,3320938.0,3333395.0,3345873.0,3358358.0
Palm Beach - FL,1575357.0,1580301.0,1585275.0,1590100.0,1594108.0,1598106.0,1602105.0,1605904.0,1609262.0,1612447.0,1615506.0,1617963.0,1620408.0,1622872.0,1625396.0,1628010.0,1630846.0,1633822.0,1636927.0,1640160.0,1643417.0,1646886.0,1650574.0,1654458.0,1658606.0,1662739.0,1666910.0,1671055.0,1675173.0,1679285.0,1683245.0,1687169.0,1691068.0,1694961.0,1698770.0,1702550.0,1706302.0,1710048.0,1713725.0,1717376.0,1720993.0
Pensacola - FL,537624.5,538517.5,539451.8125,540372.0625,541289.125,542237.8125,543193.8125,544135.9375,545055.5,545964.125,546877.8125,547785.125,548687.0,549585.0625,550497.0,551408.625,552321.875,553234.9375,554155.5625,555075.3125,555988.5,556905.0,557824.5,558741.6875,559655.0,560553.6875,561439.8125,562314.0,563176.0,564024.125,564861.5,565684.375,566496.0,567294.6875,568082.5625,568857.75,569621.0,570371.5,571109.0625,571834.6875,572546.0
Philadelphia - PA,6277783.0,6282085.0,6286196.0,6290196.0,6294077.0,6297766.0,6301281.0,6304633.0,6307653.0,6310530.0,6313288.0,6315974.0,6318619.0,6321255.0,6323902.0,6326596.0,6329420.0,6332317.0,6335295.0,6338351.0,6341367.0,6344515.0,6347817.0,6351288.0,6354904.0,6358467.0,6362003.0,6365502.0,6368958.0,6372377.0,6375760.0,6379108.0,6382410.0,6385682.0,6388918.0,6392121.0,6395273.0,6398391.0,6401467.0,6404502.0,6407480.0
Phoenix - AZ,5190560.0,5208076.0,5225461.0,5242742.0,5259940.0,5277045.0,5294060.0,5311001.0,5327712.0,5344391.0,5361058.0,5377757.0,5394527.0,5411385.0,5428340.0,5445430.0,5462742.0,5480224.0,5497864.0,5515663.0,5533522.0,5551554.0,5569819.0,5588254.0,5606857.0,5625436.0,5644037.0,5662630.0,5681207.0,5699785.0,5718357.0,5736918.0,5755461.0,5773998.0,5792532.0,5811053.0,5829559.0,5848053.0,5866514.0,5884957.0,5903372.0
Pittsburgh - PA,2338320.0,2338203.0,2337944.0,2337631.0,2337288.0,2336812.0,2336287.0,2335719.0,2335071.0,2334382.0,2333653.0,2332896.0,2332113.0,2331314.0,2330504.0,2329692.0,2328889.0,2328089.0,2327291.0,2326500.0,2325681.0,2324879.0,2324104.0,2323362.0,2322631.0,2321879.0,2321116.0,2320336.0,2319534.0,2318714.0,2317881.0,2317031.0,2316162.0,2315280.0,2314380.0,2313468.0,2312534.0,2311586.0,2310621.0,2309640.0,2308635.0
Port St. Lucie - FL,544339.1875,545849.8125,547585.8125,549340.5,551114.3125,553035.125,554956.5,556859.375,558730.0,560585.3125,562444.5625,564297.8125,566146.5,567994.875,569861.1875,571732.8125,573613.75,575501.375,577402.5625,579309.375,581213.9375,583130.9375,585057.5,586986.1875,588917.3125,590832.1875,592732.5,594618.75,596491.1875,598347.6875,600189.5625,602015.0,603827.25,605625.1875,607407.75,609176.0625,610930.5,612670.75,614395.375,616106.0625,617801.1875
Portland - ME,570608.5,571067.5,571463.375,571846.3125,572211.5,572564.5625,572893.625,573204.75,573486.1875,573755.625,573990.8125,574218.0625,574443.5,574665.75,574878.4375,575092.5,575319.0,575551.0,575750.125,575955.1875,576157.6875,576371.25,576620.125,576885.8125,577171.0625,577458.375,577753.1875,578051.0,578353.5,578660.0,578978.0625,579298.5625,579623.0,579949.8125,580286.9375,580626.0,580968.875,581314.5,581659.5,582006.875,582356.3125
Portland - OR,2548495.0,2553744.0,2558907.0,2564066.0,2569213.0,2574329.0,2579413.0,2584466.0,2589446.0,2594408.0,2599381.0,2604347.0,2609314.0,2614284.0,2619279.0,2624287.0,2629333.0,2634395.0,2639480.0,2644586.0,2649677.0,2654804.0,2659931.0,2665088.0,2670262.0,2675402.0,2680551.0,2685671.0,2690775.0,2695855.0,2700925.0,2705971.0,2710996.0,2716000.0,2720982.0,2725945.0,2730877.0,2735790.0,2740677.0,2745539.0,2750370.0
Poughkeepsie - NY,395525.09375,395482.78125,395411.1875,395274.5,395651.6875,395860.40625,396037.125,396189.6875,396303.5,396403.28125,396497.71875,396588.90625,396683.90625,396782.09375,396890.0,397007.375,397147.40625,397302.40625,397502.8125,397715.09375,397931.09375,398168.6875,398409.78125,398667.3125,398948.59375,399232.0,399491.40625,399751.3125,400012.78125,400275.3125,400533.375,400793.09375,401051.21875,401311.875,401579.8125,401850.1875,402120.3125,402392.09375,402684.28125,402976.28125,403267.40625
Providence - RI,1691532.0,1693441.0,1695373.0,1697145.0,1698803.0,1700298.0,1701707.0,1703039.0,1704216.0,1705328.0,1706390.0,1707417.0,1708438.0,1709457.0,1710486.0,1711539.0,1712667.0,1713833.0,1715043.0,1716292.0,1717541.0,1718854.0,1720237.0,1721687.0,1723220.0,1724737.0,1726244.0,1727743.0,1729233.0,1730714.0,1732187.0,1733650.0,1735104.0,1736546.0,1737981.0,1739406.0,1740822.0,1742228.0,1743622.0,1745005.0,1746375.0
Provo - UT,749911.9375,753071.75,756438.0,759785.5,763125.3125,766509.125,769891.8125,773256.0,776577.1875,779885.5,783196.625,786504.0,789816.25,793134.0,796469.625,799820.6875,803200.0625,806599.0,810041.0,813501.25,816970.0625,820471.1875,824023.0,827590.5625,831173.375,834742.6875,838291.875,841826.0,845343.375,848846.5,852333.375,855801.875,859250.9375,862678.75,866086.4375,869473.0,872843.1875,876193.125,879520.375,882829.3125,886118.4375
Raleigh - NC,1550266.0,1555886.0,1561584.0,1567244.0,1572853.0,1578519.0,1584152.0,1589739.0,1595233.0,1600704.0,1606174.0,1611637.0,1617120.0,1622618.0,1628152.0,1633717.0,1639399.0,1645116.0,1650851.0,1656629.0,1662411.0,1668246.0,1674163.0,1680146.0,1686196.0,1692239.0,1698303.0,1704368.0,1710438.0,1716504.0,1722592.0,1728681.0,1734767.0,1740848.0,1746950.0,1753050.0,1759145.0,1765233.0,1771334.0,1777428.0,1783516.0
Reading - PA,435369.59375,435761.5,436138.5,436507.90625,436870.78125,437223.21875,437564.78125,437894.71875,438200.8125,438495.59375,438779.90625,439057.8125,439331.21875,439602.375,439873.0,440145.28125,440425.1875,440709.28125,440999.5,441294.40625,441585.78125,441886.0,442199.875,442524.28125,442856.125,443182.8125,443506.8125,443826.6875,444141.375,444451.6875,444758.0,445060.6875,445358.09375,445652.1875,445942.0,446228.5,446509.78125,446787.1875,447060.09375,447328.875,447591.8125
Reno - NV,513885.1875,515569.59375,517237.0,518891.78125,520533.3125,522164.4375,523796.375,525422.1875,527037.625,528651.125,530261.3125,531870.0,533475.5625,535078.1875,536676.8125,538273.0,539869.0,541463.3125,543045.0,544624.5625,546197.5625,547771.75,549338.0,550905.25,552470.0,554026.125,555575.9375,557116.8125,558650.5625,560176.25,561696.25,563208.3125,564710.0,566204.5625,567693.5,569175.5,570647.8125,572113.6875,573570.9375,575020.0,576459.4375
Richmond - VA,1392969.0,1395408.0,1397855.0,1400282.0,1402714.0,1405094.0,1407466.0,1409814.0,1412107.0,1414387.0,1416662.0,1418923.0,1421187.0,1423450.0,1425732.0,1428030.0,1430364.0,1432723.0,1435091.0,1437480.0,1439876.0,1442302.0,1444766.0,1447266.0,1449802.0,1452335.0,1454862.0,1457382.0,1459900.0,1462410.0,1464915.0,1467412.0,1469903.0,1472385.0,1474865.0,1477332.0,1479795.0,1482245.0,1484683.0,1487110.0,1489525.0
Rochester - NY,1073785.0,1074162.0,1074707.0,1075253.0,1075593.0,1075749.0,1075859.0,1075912.0,1075908.0,1075878.0,1075823.0,1075758.0,1075686.0,1075607.0,1075525.0,1075444.0,1075375.0,1075309.0,1075254.0,1075202.0,1075141.0,1075093.0,1075060.0,1075037.0,1075026.0,1075010.0,1074986.0,1074958.0,1074927.0,1074891.0,1074851.0,1074806.0,1074755.0,1074698.0,1074639.0,1074571.0,1074500.0,1074421.0,1074339.0,1074247.0,1074148.0
Sacramento - CA,2441344.0,2444106.0,2446662.0,2449469.0,2452429.0,2455292.0,2458156.0,2460884.0,2463403.0,2465927.0,2468400.0,2470868.0,2473359.0,2475884.0,2478433.0,2481052.0,2483787.0,2486601.0,2489504.0,2492474.0,2495469.0,2498562.0,2501760.0,2505050.0,2508453.0,2511836.0,2515210.0,2518574.0,2521919.0,2525264.0,2528593.0,2531910.0,2535218.0,2538516.0,2541805.0,2545081.0,2548348.0,2551603.0,2554836.0,2558054.0,2561256.0
Saint Louis - MO,2796551.0,2796210.0,2795765.0,2795260.0,2794690.0,2794072.0,2793319.0,2792524.0,2791652.0,2790764.0,2789818.0,2788866.0,2787918.0,2786974.0,2786009.0,2785057.0,2784144.0,2783259.0,2782374.0,2781511.0,2780637.0,2779800.0,2779020.0,2778300.0,2777630.0,2776966.0,2776318.0,2775681.0,2775023.0,2774381.0,2773752.0,2773135.0,2772532.0,2771941.0,2771363.0,2770800.0,2770247.0,2769705.0,2769170.0,2768645.0,2768124.0
Salem - OR,441742.71875,442595.09375,443444.21875,444278.09375,445104.1875,445916.90625,446724.625,447530.5,448331.09375,449130.0,449928.8125,450727.90625,451526.78125,452327.21875,453126.3125,453926.78125,454730.09375,455535.0,456344.09375,457155.0,457963.5,458775.09375,459584.1875,460399.8125,461216.625,462031.5,462849.6875,463667.5,464484.71875,465301.78125,466120.0,466938.0,467755.625,468573.0,469389.59375,470205.8125,471021.40625,471835.78125,472646.6875,473456.5,474264.59375
Salinas - CA,431547.09375,431723.125,431910.3125,432107.6875,432314.0,432467.8125,432624.375,432760.8125,432868.28125,432979.40625,433083.8125,433188.6875,433297.3125,433410.5,433527.0,433653.5,433796.0,433948.5,434114.09375,434288.59375,434466.3125,434656.90625,434862.21875,435082.78125,435321.5,435559.90625,435801.5,436044.40625,436288.21875,436535.09375,436783.125,437032.40625,437283.375,437536.8125,437790.90625,438047.3125,438304.8125,438563.59375,438821.6875,439080.28125,439339.375
Salisbury - MD,451074.0,451841.40625,452853.5,453863.3125,454869.125,455981.0,457072.375,458148.71875,459203.1875,460247.71875,461281.3125,462309.21875,463335.28125,464359.71875,465377.90625,466397.1875,467423.625,468453.09375,469492.875,470535.1875,471574.1875,472619.90625,473667.21875,474722.40625,475785.1875,476842.71875,477892.5,478938.1875,479981.0,481021.09375,482056.78125,483088.5,484117.1875,485142.40625,486160.875,487176.09375,488186.8125,489193.5,490195.40625,491192.5,492185.0
Salt Lake City - UT,1296256.0,1300866.0,1305206.0,1309271.0,1313101.0,1316657.0,1319937.0,1323188.0,1326344.0,1329298.0,1332239.0,1335164.0,1338089.0,1341064.0,1344065.0,1347091.0,1350176.0,1353342.0,1356563.0,1359809.0,1363058.0,1366411.0,1369832.0,1373296.0,1376810.0,1380352.0,1383886.0,1387412.0,1390930.0,1394493.0,1398068.0,1401628.0,1405173.0,1408761.0,1412358.0,1415937.0,1419501.0,1423099.0,1426702.0,1430286.0,1433849.0
San Antonio - TX,2761536.0,2769485.0,2777447.0,2785494.0,2793654.0,2801901.0,2810234.0,2818653.0,2827021.0,2835396.0,2843830.0,2852265.0,2860703.0,2869163.0,2877718.0,2886303.0,2894960.0,2903650.0,2912429.0,2921247.0,2930065.0,2938938.0,2947871.0,2956958.0,2966103.0,2975221.0,2984337.0,2993446.0,3002575.0,3011707.0,3020841.0,3029974.0,3039112.0,3048260.0,3057396.0,3066534.0,3075676.0,3084815.0,3093925.0,3103028.0,3112126.0
San Diego - CA,3294803.0,3298382.0,3301702.0,3305386.0,3309300.0,3313102.0,3316938.0,3320622.0,3324090.0,3327589.0,3331044.0,3334505.0,3338001.0,3341535.0,3345095.0,3348737.0,3352504.0,3356354.0,3360304.0,3364326.0,3368369.0,3372510.0,3376768.0,3381116.0,3385582.0,3390019.0,3394449.0,3398868.0,3403263.0,3407658.0,3412037.0,3416401.0,3420757.0,3425100.0,3429430.0,3433748.0,3438057.0,3442345.0,3446607.0,3450852.0,3455073.0
San Francisco - CA,1569224.0,1573850.0,1577944.0,1581584.0,1582654.0,1583241.0,1583384.0,1583406.0,1583241.0,1582816.0,1582389.0,1581947.0,1581522.0,1581122.0,1580736.0,1580410.0,1580198.0,1580058.0,1579998.0,1580008.0,1580038.0,1580164.0,1580469.0,1580876.0,1581411.0,1581939.0,1582602.0,1583265.0,1583925.0,1584591.0,1585234.0,1585878.0,1586523.0,1587171.0,1587776.0,1588383.0,1588991.0,1589601.0,1590156.0,1590709.0,1591261.0
San Jose - CA,1976385.0,1980310.0,1983578.0,1986295.0,1988472.0,1990060.0,1991052.0,1991856.0,1992313.0,1992401.0,1992422.0,1992433.0,1992482.0,1992588.0,1992753.0,1993031.0,1993529.0,1994164.0,1994954.0,1995877.0,1996839.0,1997983.0,1999326.0,2000869.0,2002670.0,2004466.0,2006269.0,2008071.0,2009875.0,2011684.0,2013494.0,2015307.0,2017121.0,2018939.0,2020756.0,2022577.0,2024398.0,2026221.0,2028035.0,2029844.0,2031653.0
Santa Barbara - CA,440727.0,440789.21875,440888.40625,440998.5,441118.0,441316.0,441516.90625,441696.6875,441846.1875,441998.1875,442143.0,442287.0,442434.375,442586.0,442740.375,442904.21875,443083.8125,443273.09375,443475.0,443685.09375,443897.40625,444122.3125,444360.28125,444612.78125,444883.40625,445152.3125,445422.40625,445693.125,445962.875,446234.59375,446507.28125,446779.6875,447053.3125,447327.09375,447601.71875,447877.0,448152.71875,448428.1875,448703.1875,448977.375,449250.78125
Santa Rosa - CA,480162.0,480133.09375,480158.90625,480199.1875,480251.40625,480309.59375,480373.5,480419.8125,480447.375,480483.3125,480515.40625,480550.0,480588.71875,480631.5,480675.5,480727.125,480788.59375,480856.8125,480934.5,481017.3125,481101.5,481192.90625,481291.5,481398.28125,481514.3125,481627.6875,481741.0,481853.59375,481964.375,482076.1875,482187.09375,482297.3125,482407.09375,482516.375,482625.09375,482733.1875,482840.59375,482946.6875,483051.40625,483154.125,483254.78125
Sarasota - FL,918452.8125,920229.6875,922343.0,924501.375,926704.0,929182.625,931668.5625,934133.4375,936549.5,938949.0,941366.0,943780.1875,946197.8125,948621.875,951085.6875,953565.9375,956073.125,958599.5,961156.125,963729.125,966304.625,968907.3125,971530.5625,974166.625,976818.3125,979449.6875,982063.1875,984662.4375,987243.6875,989808.4375,992350.25,994873.75,997379.875,999870.125,1002339.0,1004789.0,1007222.0,1009639.0,1012032.0,1014406.0,1016760.0
Savannah - GA,433601.09375,434321.8125,434949.5,435576.28125,436203.875,436941.09375,437668.78125,438391.8125,439102.8125,439812.8125,440515.40625,441220.09375,441929.0,442642.40625,443354.1875,444072.0,444801.40625,445539.0,446288.09375,447043.6875,447801.3125,448569.09375,449347.59375,450135.3125,450931.625,451725.71875,452519.8125,453312.09375,454104.5,454896.5,455687.59375,456476.90625,457265.0,458052.3125,458838.71875,459624.0,460407.71875,461189.90625,461970.6875,462749.125,463525.3125
Scranton - PA,567636.5,567632.3125,567685.125,567721.625,567748.4375,567794.6875,567826.5,567844.4375,567834.4375,567811.5,567778.0625,567737.6875,567692.3125,567644.5625,567597.0,567551.6875,567514.75,567482.5,567455.0625,567432.6875,567405.0,567386.75,567380.6875,567387.6875,567404.5,567415.6875,567423.8125,567427.625,567426.0,567420.0,567409.9375,567396.125,567377.0,567354.1875,567327.375,567296.875,567260.8125,567220.8125,567176.25,567127.375,567072.375
Seattle - WA,4148388.25,4160015.25,4170577.25,4180939.0,4191170.0,4200761.0,4210257.0,4219566.0,4228495.0,4237307.0,4246122.0,4254916.0,4263741.0,4272616.0,4281653.0,4290793.0,4300183.0,4309718.0,4319381.0,4329195.0,4339030.0,4349076.0,4359345.0,4369801.0,4380496.0,4391133.0,4401725.0,4412274.0,4422796.0,4433279.0,4443725.0,4454130.0,4464505.0,4474842.0,4485144.0,4495414.0,4505646.0,4515851.0,4526008.0,4536125.0,4546203.0
Shreveport - LA,419023.40625,418994.0,418923.09375,418834.09375,418729.71875,418581.59375,418416.0,418241.78125,418054.0,417860.28125,417655.5,417445.5,417234.0,417020.375,416798.1875,416576.125,416357.0,416139.09375,415931.6875,415725.8125,415516.5,415310.21875,415105.28125,414908.59375,414716.40625,414526.21875,414339.0,414152.71875,413969.90625,413790.09375,413613.09375,413438.59375,413265.6875,413096.3125,412929.40625,412765.0,412603.6875,412445.09375,412288.78125,412134.40625,411982.0
Spokane - WA,621418.875,622436.875,623496.8125,624544.125,625586.4375,626649.625,627719.8125,628785.1875,629845.25,630907.75,631983.875,633063.125,634146.4375,635233.6875,636335.875,637442.3125,638555.75,639673.25,640791.0625,641914.125,643035.375,644163.375,645297.3125,646433.5,647568.8125,648697.3125,649821.125,650939.8125,652055.1875,653166.3125,654272.375,655373.3125,656469.9375,657560.9375,658647.0,659727.75,660802.625,661872.6875,662936.125,663993.125,665043.5625
Springfield - MA,624615.5,624909.75,625236.5625,625509.1875,625746.8125,625943.1875,626121.5,626284.9375,626412.75,626531.125,626643.125,626754.0,626870.9375,626994.625,627128.4375,627275.0625,627449.25,627640.6875,627849.6875,628075.375,628304.6875,628557.125,628835.375,629138.0,629468.0,629796.8125,630126.6875,630456.8125,630787.75,631119.8125,631451.75,631783.3125,632114.6875,632446.125,632776.625,633106.8125,633436.25,633764.75,634091.375,634415.875,634738.5625
Springfield - MO,496167.375,496861.0,497518.59375,498149.8125,498751.59375,499328.78125,499891.125,500431.625,500948.21875,501450.28125,501938.375,502438.0,502950.5,503475.59375,504015.40625,504568.6875,505138.875,505706.0,506286.90625,506863.71875,507432.3125,508000.0,508570.90625,509146.21875,509723.90625,510299.0,510879.21875,511458.71875,512038.8125,512619.8125,513198.96875,513777.90625,514356.875,514937.0,515513.125,516090.28125,516668.09375,517246.21875,517825.0,518404.1875,518982.71875
Stamford - CT,959276.1875,959425.75,959518.1875,959608.0,959684.875,959745.8125,959736.875,959672.9375,959494.8125,959272.875,958991.875,958690.6875,958387.5625,958087.25,957769.125,957473.8125,957239.0625,957037.4375,956864.1875,956725.25,956590.5625,956505.8125,956480.6875,956511.3125,956614.0,956714.1875,956813.1875,956911.8125,957013.3125,957114.3125,957218.8125,957322.8125,957428.0,957532.5,957638.1875,957745.0,957852.1875,957957.875,958060.9375,958162.625,958264.0
Stockton - CA,811403.375,812779.8125,814091.375,815490.5,816946.3125,818373.75,819803.75,821195.5,822530.1875,823871.1875,825200.0,826530.875,827871.5625,829223.0625,830583.1875,831964.4375,833380.9375,834819.875,836286.625,837773.0,839266.5,840788.1875,842338.6875,843918.5,845534.625,847147.0,848759.875,850372.3125,851982.1875,853595.0,855207.0625,856818.8125,858431.1875,860043.8125,861656.375,863269.25,864881.875,866493.5625,868104.3125,869712.6875,871318.8125
Syracuse - NY,649041.1875,648938.8125,648949.6875,648965.875,648859.6875,648664.625,648442.375,648181.5,647881.875,647563.75,647227.8125,646881.5625,646530.8125,646172.75,645813.125,645452.0,645098.375,644746.8125,644385.6875,644026.625,643661.3125,643303.25,642975.25,642664.1875,642371.25,642081.625,641798.6875,641521.0,641248.125,640980.6875,640718.5,640461.3125,640207.1875,639957.25,639709.0,639463.9375,639223.0,638984.375,638748.4375,638513.125,638280.1875
Tallahassee - FL,396966.3125,397475.3125,398020.0,398598.5,399211.0,399861.0,400532.40625,401207.625,401878.5,402555.59375,403250.21875,403953.5,404666.40625,405390.0,406135.71875,406891.6875,407662.0,408443.0,409239.5,410045.28125,410852.6875,411672.0,412505.0,413346.90625,414197.6875,415044.40625,415886.6875,416726.40625,417562.8125,418394.71875,419225.59375,420051.3125,420873.6875,421692.1875,422509.40625,423322.21875,424131.0,424934.90625,425734.40625,426529.0,427317.5
Tampa - FL,3402212.0,3409463.0,3416887.0,3424404.0,3432022.0,3439945.0,3447828.0,3455543.0,3462914.0,3470132.0,3477329.0,3484468.0,3491602.0,3498732.0,3505993.0,3513323.0,3520813.0,3528389.0,3536109.0,3543918.0,3551729.0,3559684.0,3567789.0,3576014.0,3584388.0,3592671.0,3600882.0,3609025.0,3617099.0,3625093.0,3633027.0,3640876.0,3648666.0,3656380.0,3664029.0,3671606.0,3679123.0,3686562.0,3693924.0,3701223.0,3708443.0
Toledo - OH,601189.5,601176.5,601099.9375,601012.0,600910.5625,600805.125,600687.375,600558.75,600413.3125,600261.4375,600104.125,599943.8125,599783.375,599621.875,599456.0,599292.1875,599134.8125,598980.6875,598831.75,598685.5,598535.25,598390.0625,598249.0,598119.5,597999.5625,597878.0,597763.4375,597650.0625,597538.875,597428.3125,597320.625,597214.0,597108.0,597002.1875,596898.0625,596795.75,596693.125,596590.375,596489.5,596388.625,596287.1875
Trenton - NJ,387160.625,387575.40625,387878.5,388163.5,388434.125,388640.40625,388827.5,388994.59375,389114.5,389218.28125,389310.90625,389398.5,389489.28125,389585.6875,389691.09375,389811.09375,389961.78125,390131.71875,390321.40625,390530.0,390744.0,390984.8125,391254.6875,391551.5,391881.90625,392211.90625,392542.59375,392873.5,393205.28125,393538.21875,393870.90625,394203.71875,394536.40625,394869.5,395202.09375,395534.59375,395866.40625,396197.8125,396527.90625,396857.3125,397185.0
Tucson - AZ,1075118.0,1076874.0,1078592.0,1080281.0,1081941.0,1083572.0,1085174.0,1086750.0,1088269.0,1089775.0,1091268.0,1092754.0,1094244.0,1095738.0,1097240.0,1098756.0,1100302.0,1101867.0,1103449.0,1105048.0,1106642.0,1108265.0,1109917.0,1111596.0,1113304.0,1115005.0,1116701.0,1118392.0,1120077.0,1121760.0,1123436.0,1125107.0,1126773.0,1128432.0,1130084.0,1131734.0,1133375.0,1135012.0,1136637.0,1138256.0,1139867.0
Tulsa - OK,1054635.0,1056199.0,1057853.0,1059454.0,1061000.0,1062587.0,1064121.0,1065612.0,1067031.0,1068417.0,1069757.0,1071076.0,1072379.0,1073670.0,1074946.0,1076220.0,1077508.0,1078803.0,1080125.0,1081452.0,1082767.0,1084100.0,1085446.0,1086813.0,1088200.0,1089573.0,1090939.0,1092297.0,1093648.0,1094995.0,1096331.0,1097660.0,1098980.0,1100296.0,1101605.0,1102908.0,1104203.0,1105490.0,1106768.0,1108040.0,1109305.0
Vallejo-Fairfield - CA,452118.40625,452488.3125,452827.59375,453219.09375,453650.09375,454068.90625,454495.40625,454901.78125,455283.90625,455671.125,456053.09375,456435.3125,456823.5,457215.6875,457611.59375,458015.40625,458435.78125,458865.5,459307.8125,459756.59375,460209.28125,460674.09375,461152.1875,461642.59375,462148.71875,462652.90625,463157.09375,463661.0,464163.5,464667.6875,465171.0,465673.875,466176.90625,466679.6875,467181.875,467684.375,468186.1875,468687.09375,469186.09375,469683.1875,470179.28125
Ventura - CA,830353.25,830639.75,830964.4375,831316.5,831693.4375,832029.5,832383.75,832710.6875,833011.0,833330.625,833648.625,833975.875,834313.8125,834663.0,835018.625,835388.9375,835779.1875,836183.0,836606.0625,837040.25,837478.0,837930.1875,838398.1875,838885.0625,839392.375,839900.0,840412.4375,840928.375,841445.9375,841970.25,842497.6875,843028.3125,843562.625,844101.0,844641.8125,845186.5,845733.5,846283.0,846832.5,847382.375,847932.9375
Visalia - CA,480415.0,480793.6875,481238.3125,481700.40625,482177.5,482655.90625,483145.0,483618.59375,484077.59375,484547.5,485016.125,485488.59375,485966.09375,486449.09375,486935.09375,487429.40625,487933.6875,488445.1875,488966.71875,489494.125,490024.28125,490562.0,491108.875,491666.09375,492233.875,492803.09375,493377.6875,493955.09375,494534.21875,495117.1875,495702.40625,496289.625,496879.78125,497472.1875,498066.90625,498664.09375,499262.90625,499863.3125,500464.125,501065.0,501666.5
Washington - DC,6509223.0,6523658.0,6537327.0,6550205.0,6562357.0,6573681.0,6584141.0,6594260.0,6603575.0,6612320.0,6620906.0,6629408.0,6637993.0,6646678.0,6655552.0,6664682.0,6674343.0,6684344.0,6694677.0,6705343.0,6716110.0,6727336.0,6739051.0,6751209.0,6763922.0,6776605.0,6789281.0,6801941.0,6814615.0,6827280.0,6839935.0,6852587.0,6865230.0,6877867.0,6890486.0,6903101.0,6915708.0,6928297.0,6940866.0,6953418.0,6965953.0
Wichita - KS,663114.1875,663473.375,663808.0,664123.75,664423.125,664704.4375,664969.625,665220.0625,665452.5,665676.0,665892.5625,666104.9375,666313.1875,666517.8125,666721.375,666922.4375,667124.875,667326.0,667527.3125,667728.0625,667920.5,668115.0,668312.8125,668511.625,668709.0,668896.125,669075.0,669245.5,669407.125,669561.0,669705.3125,669840.8125,669966.1875,670084.4375,670192.375,670291.875,670380.9375,670460.5,670530.25,670588.5,670636.625
Winston-Salem - NC,700941.5625,701690.9375,702469.4375,703262.5,704065.5,704915.0,705756.75,706587.25,707399.75,708207.0,709017.8125,709828.6875,710641.5,711455.625,712278.1875,713105.3125,713942.625,714786.375,715592.6875,716405.0625,717213.0,718029.9375,718856.3125,719696.75,720550.125,721402.3125,722256.6875,723110.875,723967.5,724825.3125,725685.3125,726545.125,727405.25,728265.625,729125.8125,729985.5,730845.375,731704.4375,732559.3125,733413.0625,734264.75
Worcester - MA,990359.0625,991396.8125,992486.875,993481.375,994408.875,995270.0625,996081.625,996846.6875,997516.75,998148.9375,998751.0,999335.375,999919.9375,1000507.0,1001104.0,1001720.0,1002389.0,1003088.0,1003817.0,1004577.0,1005340.0,1006149.0,1007007.0,1007911.0,1008874.0,1009831.0,1010784.0,1011737.0,1012686.0,1013634.0,1014579.0,1015521.0,1016460.0,1017395.0,1018328.0,1019259.0,1020185.0,1021108.0,1022028.0,1022942.0,1023851.0
York - PA,467862.625,468397.3125,468935.0,469461.59375,469981.59375,470508.0,471023.5,471529.3125,472018.3125,472497.5,472968.28125,473432.5,473890.1875,474343.40625,474794.09375,475242.625,475691.3125,476139.5,476587.0,477034.09375,477474.625,477917.90625,478365.0,478817.90625,479272.1875,479720.625,480165.3125,480605.0,481038.09375,481466.1875,481889.1875,482307.0,482717.90625,483124.59375,483525.6875,483921.5,484310.40625,484694.0,485071.59375,485443.0,485807.0
Youngstown - OH,528958.6875,528390.375,527887.0625,527367.625,526841.9375,526350.375,525856.0,525361.5625,524865.8125,524373.125,523882.5,523395.875,522913.5,522435.3125,521957.40625,521483.53125,521015.0625,520551.09375,520093.1875,519638.6875,519183.71875,518733.59375,518287.40625,517849.625,517417.78125,516987.65625,516562.5,516140.9375,515722.21875,515308.09375,514895.5,514486.5,514079.90625,513676.5,513275.5,512878.125,512482.71875,512089.71875,511700.09375,511312.5,510926.40625
