Market,AskingRent_Forward1,AskingRent_Forward3,AskingRent_Forward5,AskingRent_Forward10,EffectiveRent_Forward1,EffectiveRent_Forward3,EffectiveRent_Forward5,EffectiveRent_Forward10,Employment_Hist10,Employment_Hist5,Employment_Forward1,Employment_Forward3,Employment_Forward5,Employment_Forward10,Supply_Hist5,Supply_Forward1,Supply_Forward3,Supply_Forward5,Supply_Forward10,UPP_Hist10,UPP_Forward5,UPP_Forward10,Income_Forward1,Income_Forward3,Income_Forward5,Income_Forward10,Population_Hist10,Population_Hist5,Population_Forward1,Population_Forward3,Population_Forward5,Population_Forward10,SalePrice_Hist1,SalePrice_Hist3,SalePrice_Hist5,SalePrice_Hist10,SalePrice_Forward1,SalePrice_Forward3,SalePrice_Forward5,SalePrice_Forward10,SimpleAverage,WeightedAverage,FinalRank
Akron - OH,61,62,71,113,33,79,69,114,140.0,134.0,140.0,140.0,144.0,143.0,25,6,9,10,18,33,50,,123,87,84,91,129,121,128,134,137,142,52,25,24,99,74,106,116,132,87.12820512820512,100.60000000000001,131
Albany - NY,31,20,23,37,23,22,24,34,125.0,93.0,113.0,126.0,127.0,123.0,43,83,55,53,48,83,85,,40,72,75,84,108,112,118,117,122,119,41,49,119,124,52,53,55,59,74.1025641025641,78.2,83
Albuquerque - NM,145,139,137,133,143,140,137,134,68.0,40.0,98.0,104.0,103.0,108.0,41,31,49,49,49,19,69,,51,63,57,40,107,114,95,98,103,108,63,76,41,49,124,138,134,123,90.25641025641026,104.0,136
Anchorage - AK,73,77,89,95,33,69,79,87,134.0,87.0,133.0,123.0,118.0,104.0,3,16,2,2,2,4,6,,139,140,146,147,114,99,98,95,93,65,66,66,116,146,27,73,82,80,80.2051282051282,73.10000000000001,68
Asheville - NC,116,114,113,106,88,113,107,105,58.0,86.0,70.0,65.0,60.0,11.0,137,124,149,149,150,147,150,,121,116,117,117,50,51,30,40,44,48,70,105,19,13,122,93,83,82,90.74358974358974,92.1,114
Atlanta - GA,99,120,124,101,85,114,123,103,37.0,52.0,28.0,27.0,29.0,51.0,104,96,108,107,108,75,66,,99,106,111,121,33,33,21,20,20,19,103,123,99,47,76,87,93,51,77.41025641025641,69.80000000000001,58
Augusta - GA,89,96,97,93,102,102,93,79,93.0,145.0,101.0,97.0,99.0,111.0,121,99,84,90,89,115,84,,120,139,134,115,56,50,55,61,64,75,25,29,72,76,127,122,108,105,92.61538461538461,92.80000000000001,116
Austin - TX,132,148,150,150,123,148,150,150,1.0,3.0,1.0,1.0,2.0,14.0,139,127,132,134,134,129,47,,26,19,27,45,3,4,1,1,1,1,147,148,145,126,28,37,85,91,75.64102564102564,57.4,32
Bakersfield - CA,19,23,20,13,19,32,25,17,49.0,29.0,50.0,54.0,51.0,82.0,24,131,92,78,64,24,67,,17,38,38,29,93,110,87,70,66,63,111,89,64,82,26,38,36,30,52.56410256410256,51.2,23
Baltimore - MD,77,78,73,69,79,82,62,65,108.0,115.0,116.0,113.0,112.0,138.0,22,53,45,52,56,57,73,,116,125,132,135,112,119,106,106,104,98,114,120,109,128,54,61,51,58,89.56410256410257,82.2,96
Baton Rouge - LA,111,110,112,116,109,120,121,112,99.0,82.0,100.0,99.0,98.0,134.0,59,62,41,46,52,79,64,,52,37,43,49,100,94,97,100,101,102,149,149,131,138,130,125,121,111,96.28205128205128,98.7,128
Beaumont - TX,105,128,126,119,107,123,124,126,123.0,27.0,136.0,132.0,131.0,140.0,37,2,8,8,9,49,60,,16,42,28,13,124,115,144,146,146,148,88,91,142,137,126,142,139,127,95.74358974358974,106.49999999999999,138
Birmingham - AL,114,108,106,104,106,101,110,108,80.0,132.0,117.0,107.0,107.0,91.0,67,35,38,44,54,44,42,,117,91,88,93,99,103,74,74,79,85,14,64,114,118,133,126,126,117,90.51282051282051,97.70000000000002,126
Boise - ID,79,84,87,54,82,89,97,71,2.0,17.0,7.0,6.0,6.0,29.0,138,66,119,127,130,144,94,,66,46,52,51,5,14,11,13,14,14,72,87,8,2,36,25,30,27,53.87179487179487,49.3,21
Boston - MA,67,69,76,81,33,62,76,76,112.0,127.0,83.0,95.0,96.0,28.0,94,130,130,124,122,124,138,,27,30,26,34,88,83,86,94,91,80,106,82,84,95,23,45,56,61,80.35897435897436,93.69999999999999,118
Brownsville-Harlingen - TX,100,124,122,105,33,111,105,106,42.0,34.0,45.0,51.0,47.0,62.0,52,113,53,43,34,54,71,,48,54,35,18,98,86,116,116,118,121,117,129,139,141,136,146,143,119,86.84615384615384,92.30000000000001,115
Buffalo - NY,20,22,31,44,33,27,36,50,139.0,106.0,118.0,128.0,125.0,121.0,49,57,75,62,53,84,106,,30,73,74,73,122,133,145,135,136,134,8,14,73,96,53,64,73,90,77.23076923076923,93.0,117
Canton - OH,25,31,43,77,33,52,51,102,137.0,139.0,147.0,145.0,146.0,146.0,10,3,6,6,6,10,36,,143,133,128,129,138,132,136,142,142,145,11,10,94,122,71,109,110,118,86.25641025641026,95.30000000000001,122
Charleston - SC,128,98,91,66,119,98,78,54,8.0,4.0,24.0,20.0,23.0,56.0,131,137,124,125,126,140,97,,141,135,136,138,17,17,8,14,16,18,113,86,61,54,94,62,47,43,75.56410256410257,50.400000000000006,22
Charlotte - NC,126,138,139,129,125,141,139,131,24.0,35.0,14.0,19.0,22.0,66.0,134,138,138,142,143,135,127,,89,101,114,127,15,16,5,6,7,10,119,106,51,29,95,105,86,42,85.33333333333333,78.4,84
Chattanooga - TN,90,88,80,65,95,86,83,66,34.0,23.0,54.0,53.0,57.0,114.0,116,69,118,111,110,122,121,,88,82,85,100,55,46,57,63,63,66,65,73,50,39,99,89,72,70,77.35897435897436,74.10000000000001,74
Chicago - IL,9,36,61,112,7,26,63,113,122.0,100.0,122.0,120.0,123.0,110.0,40,48,60,59,57,72,120,,73,48,40,33,132,122,143,147,147,147,13,42,102,130,7,8,29,84,77.61538461538461,91.60000000000001,113
Cincinnati - OH,82,32,10,8,90,19,13,6,81.0,110.0,104.0,103.0,102.0,113.0,73,60,72,72,72,47,79,,122,102,103,108,82,78,80,89,92,97,18,6,29,58,96,56,16,17,66.58974358974359,59.80000000000001,36
Cleveland - OH,75,24,12,23,33,16,9,20,136.0,141.0,143.0,144.0,142.0,147.0,30,56,35,28,33,52,86,,128,104,98,101,135,135,135,143,144,146,32,60,90,115,143,49,19,46,82.25641025641026,79.0,87
Colorado Springs - CO,148,149,149,147,141,149,146,145,30.0,46.0,16.0,15.0,16.0,23.0,125,121,114,121,131,119,107,,60,50,47,30,40,70,49,36,32,24,142,118,55,5,135,137,141,138,88.8974358974359,95.20000000000002,121
Columbia - SC,109,104,100,80,97,106,101,80,63.0,62.0,64.0,66.0,67.0,84.0,61,81,113,104,99,12,88,,136,142,142,137,47,32,29,38,42,56,40,12,27,21,111,114,95,88,78.2051282051282,77.10000000000001,82
Columbus - OH,70,51,29,17,33,39,32,18,59.0,88.0,63.0,63.0,64.0,105.0,105,123,120,122,120,94,105,,137,115,125,144,45,39,25,29,27,30,35,9,28,38,82,51,28,14,64.64102564102564,54.800000000000004,26
Corpus Christi - TX,139,145,146,148,133,145,148,149,118.0,65.0,142.0,122.0,121.0,124.0,56,23,15,19,21,117,35,,24,22,17,10,117,106,112,113,120,124,108,110,69,97,146,147,149,146,99.17948717948718,107.60000000000001,140
Dallas-Fort Worth - TX,137,117,111,75,122,122,109,72,17.0,15.0,5.0,5.0,5.0,17.0,110,98,111,114,116,77,48,,36,23,39,61,16,15,9,7,5,6,126,121,111,85,90,31,24,13,62.07692307692308,40.2,10
Dayton - OH,37,56,69,111,33,50,75,111,129.0,135.0,132.0,134.0,137.0,141.0,20,97,82,73,62,30,108,,149,143,145,146,109,113,119,127,128,133,19,20,63,73,68,94,111,130,95.17948717948718,110.10000000000001,141
Daytona Beach - FL,85,80,70,45,87,73,65,49,35.0,41.0,40.0,42.0,43.0,79.0,135,147,142,139,136,134,136,,113,126,129,125,18,18,27,23,23,25,76,77,57,31,101,74,60,47,75.71794871794872,64.7,47
Denver - CO,143,132,127,90,145,132,129,100,51.0,66.0,25.0,23.0,24.0,40.0,118,102,117,117,124,125,114,,11,16,19,24,53,63,56,44,41,32,143,137,129,106,69,20,12,9,77.64102564102564,70.39999999999999,59
Des Moines - IA,49,67,85,117,33,71,89,109,66.0,91.0,62.0,61.0,63.0,118.0,96,72,85,88,87,111,17,,140,144,148,150,29,30,18,18,19,20,34,31,82,103,80,115,123,133,78.3076923076923,66.1,50
Detroit - MI,64,61,51,48,33,66,48,51,107.0,107.0,115.0,124.0,124.0,130.0,21,32,13,13,12,32,29,,107,83,81,85,119,117,120,125,125,127,37,36,62,59,86,71,54,56,72.58974358974359,73.5,71
Durham - NC,134,126,120,108,142,118,126,110,47.0,58.0,59.0,52.0,48.0,65.0,107,146,144,145,139,97,144,,74,86,80,72,30,25,24,35,36,39,112,115,76,77,103,81,75,77,88.51282051282051,85.7,102
East Bay - CA,2,3,3,25,2,3,3,24,110.0,129.0,77.0,75.0,74.0,36.0,38,29,37,33,30,59,24,,4,11,7,5,113,128,90,90,82,68,130,145,150,142,3,2,1,1,50.97435897435897,46.900000000000006,17
El Paso - TX,118,125,118,88,104,125,111,98,45.0,28.0,37.0,37.0,36.0,77.0,34,26,18,20,20,25,12,,44,39,22,15,87,93,71,71,72,73,79,99,97,129,114,130,128,98,70.84615384615384,73.10000000000002,69
Fayetteville - NC,86,81,67,52,33,67,45,52,124.0,146.0,119.0,111.0,110.0,67.0,51,112,68,63,59,11,68,,118,131,107,58,91,95,66,80,87,87,74,57,18,19,110,104,87,85,78.61538461538461,83.80000000000001,97
Flint - MI,40,53,65,110,33,57,91,117,113.0,101.0,120.0,131.0,133.0,137.0,9,122,51,41,31,16,119,,84,70,55,32,142,146,149,150,150,150,55,80,49,20,79,110,118,136,88.84615384615384,118.6,148
Fort Lauderdale - FL,104,107,98,63,113,107,98,64,54.0,45.0,56.0,45.0,50.0,58.0,95,114,99,89,83,106,109,,67,61,61,63,64,44,92,115,112,96,105,116,60,86,89,67,42,25,80.05128205128206,74.9,76
Fort Myers - FL,107,109,117,121,84,104,114,121,19.0,25.0,11.0,9.0,9.0,26.0,144,125,148,148,148,149,142,,92,66,65,71,9,9,10,10,11,9,150,150,125,62,121,85,88,89,82.1025641025641,74.2,75
Fort Wayne - IN,51,60,74,109,33,47,59,101,76.0,109.0,85.0,90.0,93.0,101.0,77,79,66,81,85,41,82,,103,96,101,96,58,62,76,75,80,110,26,55,78,71,78,103,115,129,79.76923076923077,85.60000000000001,101
Fresno - CA,30,28,21,9,33,29,21,9,31.0,19.0,43.0,44.0,42.0,149.0,26,21,12,12,10,9,4,,38,53,53,41,84,104,79,62,57,58,39,27,38,17,22,28,27,22,37.205128205128204,32.6,4
Grand Rapids - MI,59,57,60,89,33,63,64,82,82.0,80.0,58.0,48.0,52.0,117.0,80,94,100,98,93,102,83,,90,65,66,75,71,74,50,49,51,55,22,34,35,23,63,69,91,107,68.82051282051282,73.3,70
Greensboro - NC,115,101,94,82,100,103,95,89,128.0,144.0,126.0,121.0,120.0,115.0,72,95,101,101,97,45,112,,119,120,120,111,66,54,67,84,90,91,23,23,5,11,107,108,94,94,90.84615384615384,101.0,133
Greenville - SC,101,92,88,70,96,83,80,60,44.0,38.0,41.0,41.0,44.0,92.0,122,19,90,96,96,120,56,,130,141,141,133,25,21,17,25,29,43,84,83,30,41,104,98,78,71,73.41025641025641,56.00000000000001,31
Gulfport-Biloxi-Pascagoula - MS,69,72,59,49,33,55,55,43,94.0,117.0,129.0,116.0,116.0,144.0,60,4,31,22,17,5,62,,127,114,95,79,75,72,107,122,126,138,24,28,25,70,118,123,101,92,76.61538461538461,86.7,105
Harrisburg - PA,45,38,41,46,33,39,50,56,74.0,70.0,106.0,112.0,113.0,120.0,70,22,24,26,26,43,32,,78,113,118,118,65,69,96,97,97,94,5,26,58,75,49,54,61,83,65.17948717948718,63.50000000000001,41
Hartford - CT,16,18,36,79,28,17,39,84,143.0,142.0,131.0,138.0,139.0,49.0,50,90,86,82,75,68,124,,33,33,36,39,111,85,133,136,138,139,62,53,37,84,43,75,99,122,79.28205128205128,102.8,135
Honolulu - HI,5,5,4,18,5,5,6,23,142.0,22.0,108.0,106.0,111.0,119.0,4,18,4,5,5,27,18,,14,35,46,53,144,147,147,144,133,125,58,62,120,120,4,5,8,28,55.205128205128204,47.70000000000001,19
Houston - TX,140,130,131,135,148,129,133,140,50.0,18.0,36.0,34.0,34.0,52.0,93,65,79,93,98,36,9,,7,4,5,20,20,10,7,8,8,8,123,133,128,133,113,58,84,99,70.53846153846153,52.2,24
Huntsville - AL,119,116,119,115,110,119,119,118,7.0,10.0,33.0,32.0,30.0,85.0,149,144,136,138,142,143,139,,144,147,144,134,13,13,26,28,31,38,94,146,105,42,131,112,102,96,94.07692307692308,80.4,91
Indianapolis - IN,72,30,17,15,33,31,14,10,52.0,56.0,48.0,49.0,54.0,57.0,84,93,83,85,86,39,54,,53,29,49,69,42,41,39,43,43,60,97,22,33,33,84,19,13,15,47.333333333333336,35.6,6
Inland Empire - CA,15,9,6,1,13,6,4,1,23.0,51.0,9.0,12.0,15.0,18.0,53,88,46,45,43,23,7,,72,88,100,99,70,80,44,31,26,29,95,100,100,32,9,4,4,2,37.76923076923077,20.200000000000003,1
Jackson - MS,84,99,96,94,108,99,107,82,119.0,105.0,103.0,101.0,101.0,148.0,5,52,20,9,8,42,70,,21,25,23,36,149,149,150,149,148,120,71,58,127,110,134,139,132,126,90.23076923076923,112.10000000000001,143
Jacksonville - FL,96,131,132,132,129,129,133,135,21.0,47.0,31.0,30.0,31.0,47.0,128,84,96,102,107,116,41,,81,90,92,102,14,19,20,19,18,16,120,119,65,18,29,46,70,76,74.66666666666667,60.3,37
Kansas City - MO,10,16,30,51,6,18,19,47,84.0,116.0,94.0,87.0,83.0,80.0,86,92,107,109,112,86,118,,109,95,105,122,61,65,59,67,69,77,28,15,9,37,20,34,53,86,65.6923076923077,71.30000000000001,62
Killeen - TX,135,146,148,149,135,144,149,148,70.0,102.0,55.0,50.0,45.0,61.0,101,86,81,92,103,29,46,,87,49,31,22,22,27,31,30,30,34,132,134,98,101,147,149,150,147,89.64102564102564,89.4,110
Knoxville - TN,110,91,84,61,88,96,85,62,46.0,43.0,49.0,47.0,53.0,116.0,123,116,116,116,118,90,123,,58,51,62,78,36,34,48,51,58,62,9,5,2,9,105,92,74,68,70.12820512820512,75.2,78
Lafayette - LA,123,115,110,114,136,120,121,123,111.0,85.0,141.0,143.0,140.0,16.0,97,110,98,99,102,87,117,,82,32,30,43,95,60,65,85,96,132,64,68,135,143,138,134,130,120,101.53846153846153,111.70000000000002,142
Lakeland - FL,93,95,103,91,91,94,104,95,5.0,55.0,12.0,16.0,18.0,32.0,147,105,133,143,146,136,110,,133,149,149,148,2,2,3,3,4,3,67,107,70,51,112,77,68,62,77.7948717948718,64.30000000000001,45
Lancaster - PA,32,25,25,31,21,36,28,31,75.0,89.0,86.0,77.0,78.0,98.0,75,74,70,84,88,108,91,,55,58,68,77,90,98,83,82,83,81,44,44,92,81,59,59,62,74,66.97435897435898,71.0,61
Lansing - MI,57,52,54,83,33,61,60,85,87.0,37.0,79.0,84.0,90.0,129.0,16,34,40,30,22,28,49,,102,108,94,83,110,84,104,105,105,106,17,47,45,98,64,78,96,108,70.87179487179488,72.6,67
Las Vegas - NV,94,74,55,24,86,76,68,25,27.0,1.0,15.0,11.0,10.0,15.0,71,75,47,55,67,17,5,,65,41,41,28,28,36,28,17,17,22,116,108,32,3,47,11,7,5,40.256410256410255,22.4,2
Lehigh Valley - PA,54,37,34,35,33,21,35,33,69.0,67.0,68.0,76.0,76.0,86.0,82,142,115,108,104,69,130,,70,92,87,82,83,89,111,109,107,101,1,2,21,61,50,40,46,55,68.74358974358974,76.1,80
Lexington - KY,127,93,77,42,132,108,91,55,65.0,31.0,69.0,78.0,82.0,106.0,47,50,52,51,45,38,19,,132,99,106,107,63,53,43,48,52,64,46,30,42,60,98,102,79,64,70.41025641025641,59.599999999999994,34
Little Rock - AR,95,106,105,102,114,89,88,88,60.0,59.0,99.0,94.0,91.0,96.0,27,20,30,29,28,53,14,,129,109,91,68,73,64,62,66,68,70,127,96,112,112,132,131,127,114,83.02564102564102,74.0,73
Long Island - NY,24,44,49,67,32,48,52,70,126.0,96.0,112.0,110.0,106.0,132.0,65,51,58,56,61,91,90,,8,17,16,19,121,130,123,124,123,123,33,79,123,113,15,24,37,45,72.12820512820512,81.30000000000001,95
Los Angeles - CA,102,129,129,120,118,131,130,124,106.0,68.0,88.0,91.0,94.0,81.0,19,45,39,32,29,62,81,,12,12,11,4,148,148,148,137,135,131,140,139,147,135,93,127,129,106,95.38461538461539,112.49999999999999,144
Louisville - KY,81,82,72,58,104,71,57,59,79.0,99.0,78.0,93.0,92.0,131.0,91,85,87,91,90,107,76,,138,138,140,139,80,68,51,52,60,74,83,43,59,68,115,119,100,95,87.3076923076923,78.5,85
Madison - WI,21,50,62,100,25,56,56,92,86.0,97.0,66.0,58.0,55.0,71.0,120,104,139,140,138,127,145,,43,67,70,88,48,42,52,59,59,47,4,4,26,72,67,83,105,115,73.3076923076923,86.50000000000001,104
Manchester - NH,48,26,28,38,33,36,29,41,132.0,143.0,110.0,114.0,115.0,13.0,79,15,25,35,47,67,27,,56,68,71,66,85,90,84,79,78,79,30,35,48,40,37,35,44,57,58.53846153846154,62.599999999999994,40
McAllen - TX,129,135,136,134,116,133,131,133,26.0,20.0,23.0,22.0,20.0,38.0,114,41,42,60,80,123,16,,80,69,60,52,46,35,38,39,39,41,115,122,134,145,145,148,148,140,83.7948717948718,70.4,60
Melbourne - FL,91,86,79,60,83,84,86,69,14.0,64.0,32.0,36.0,38.0,93.0,132,64,121,132,133,132,128,,111,134,127,113,26,24,35,33,37,40,135,113,80,7,100,76,63,54,78.58974358974359,71.7,63
Memphis - TN,26,13,19,64,14,12,21,52,127.0,148.0,111.0,109.0,108.0,109.0,31,25,22,21,19,31,25,,106,89,86,87,118,118,91,99,102,113,59,48,83,63,31,9,15,65,63.82051282051282,59.8,35
Miami - FL,6,8,14,30,10,9,15,30,38.0,7.0,61.0,56.0,59.0,87.0,115,107,127,112,100,131,137,,42,36,34,44,72,38,105,120,113,88,56,38,3,26,10,10,14,36,54.97435897435897,54.89999999999999,27
Milwaukee - WI,3,4,8,56,3,2,5,58,145.0,147.0,135.0,129.0,126.0,128.0,74,71,106,105,101,113,141,,45,71,67,65,127,124,134,140,141,136,49,8,39,79,5,17,71,135,79.82051282051282,97.2,125
Minneapolis - MN,74,127,134,146,81,128,138,146,105.0,126.0,89.0,83.0,84.0,102.0,106,82,91,94,94,112,80,,64,80,90,103,69,76,54,56,55,57,29,56,130,125,65,133,147,150,96.43589743589743,107.1,139
Mobile - AL,108,103,99,97,110,95,74,93,104.0,121.0,128.0,130.0,129.0,139.0,14,7,11,14,14,35,13,,146,122,122,123,128,123,88,92,94,105,104,103,136,121,128,128,122,112,95.76923076923077,88.50000000000001,106
Modesto - CA,18,19,18,14,27,23,23,16,53.0,61.0,44.0,46.0,46.0,59.0,12,9,50,37,25,2,37,,19,34,33,27,103,125,109,93,86,83,38,90,122,56,17,23,26,26,44.84615384615385,49.00000000000001,20
Montgomery - AL,87,90,90,78,115,109,103,78,96.0,104.0,123.0,127.0,128.0,136.0,2,89,64,42,24,1,38,,150,150,150,149,106,101,77,76,81,90,92,37,13,91,125,124,107,100,90.84615384615384,91.0,111
Myrtle Beach - SC,92,87,86,71,129,92,99,91,15.0,5.0,22.0,18.0,17.0,4.0,150,13,48,87,106,148,1,,148,148,147,140,1,1,2,2,2,4,146,138,34,48,108,79,66,60,68.07692307692308,35.7,7
Naples - FL,88,85,83,74,77,91,87,75,11.0,6.0,6.0,7.0,8.0,20.0,141,149,146,141,135,133,140,,47,13,14,26,19,20,33,32,28,27,136,132,7,10,97,72,64,69,65.35897435897436,64.4,46
Nashville - TN,147,147,145,140,139,143,143,136,9.0,12.0,30.0,24.0,19.0,68.0,133,134,125,123,129,137,102,,10,6,12,21,23,23,22,22,24,28,107,94,46,57,144,129,137,113,82.12820512820512,84.2,99
New Haven - CT,41,45,52,84,33,49,61,96,95.0,95.0,134.0,135.0,136.0,3.0,89,77,76,80,82,88,125,,98,107,102,98,115,96,137,139,140,141,36,70,101,107,58,65,81,97,88.82051282051282,100.10000000000001,130
New Orleans - LA,80,64,39,55,93,63,43,61,147.0,111.0,137.0,136.0,132.0,8.0,15,40,26,27,35,48,55,,104,55,54,56,147,150,113,112,114,107,148,142,88,108,87,26,9,33,78.66666666666667,72.10000000000001,65
New York - NY,22,70,116,142,29,75,116,142,73.0,16.0,57.0,69.0,69.0,7.0,58,76,74,74,68,71,93,,15,15,13,14,126,111,101,102,99,86,86,127,146,149,14,68,124,143,78.35897435897436,96.10000000000001,123
Norfolk - VA,17,6,5,3,22,7,7,4,102.0,131.0,125.0,115.0,114.0,103.0,45,73,44,54,70,64,77,,126,118,116,97,105,108,100,107,109,104,54,51,56,69,11,6,6,10,65.15384615384616,64.2,44
Northern New Jersey - NJ,97,123,125,137,103,126,125,138,91.0,53.0,93.0,118.0,130.0,5.0,102,129,109,100,95,104,129,,75,76,76,90,78,67,129,121,121,93,6,16,77,111,142,145,145,148,101.23076923076923,116.9,147
Northwest Arkansas - AR,106,102,92,68,99,105,73,63,4.0,8.0,10.0,8.0,7.0,22.0,130,119,145,144,140,126,143,,31,5,4,3,8,8,19,27,33,33,2,1,1,16,120,113,90,75,59.05128205128205,66.8,52
Ocala - FL,83,83,82,73,94,87,90,85,18.0,30.0,65.0,62.0,62.0,125.0,148,118,126,135,144,130,131,,131,145,143,132,6,3,23,21,21,21,128,111,44,27,106,91,80,73,84.02564102564102,71.80000000000001,64
Ogden - UT,141,143,141,138,146,147,142,137,25.0,79.0,18.0,17.0,12.0,10.0,142,115,141,137,137,145,122,,91,132,137,141,34,45,16,9,10,11,101,85,4,4,139,136,136,121,91.97435897435898,94.60000000000001,120
Oklahoma City - OK,144,133,130,125,138,135,128,122,56.0,48.0,74.0,74.0,70.0,74.0,66,38,27,34,50,8,8,,37,20,24,47,43,37,45,45,46,45,90,63,93,89,148,132,125,104,74.74358974358974,72.30000000000001,66
Omaha - NE,56,71,93,123,33,58,83,120,116.0,137.0,84.0,80.0,88.0,72.0,100,133,129,130,128,105,126,,41,18,37,86,52,52,34,34,35,42,10,24,66,74,70,101,119,131,79.25641025641026,96.80000000000001,124
Orange County - CA,117,89,56,10,126,100,71,12,92.0,74.0,53.0,57.0,56.0,53.0,18,30,23,24,32,51,23,,9,10,8,6,130,137,117,104,98,95,102,92,104,88,88,70,34,8,63.256410256410255,62.10000000000001,38
Orlando - FL,130,113,107,76,137,127,113,90,10.0,2.0,3.0,4.0,4.0,34.0,127,111,112,115,123,121,59,,69,100,108,119,12,11,15,11,9,5,134,124,95,55,81,32,22,12,70.05128205128206,41.4,13
Palm Beach - FL,7,12,32,28,8,13,37,29,36.0,24.0,34.0,33.0,35.0,64.0,99,139,140,133,113,101,132,,63,28,32,57,38,31,37,47,45,35,21,19,12,12,6,15,41,38,46.82051282051282,55.50000000000001,29
Pensacola - FL,113,100,102,87,92,92,99,74,40.0,98.0,75.0,72.0,73.0,48.0,136,132,134,129,121,128,134,,108,128,123,112,35,43,60,57,56,59,50,52,20,6,102,88,76,78,85.43589743589743,88.8,108
Philadelphia - PA,66,94,114,126,76,97,120,125,72.0,54.0,95.0,105.0,105.0,107.0,87,58,63,65,71,96,92,,59,75,72,62,104,105,110,108,111,111,85,81,75,92,33,90,113,116,89.48717948717949,102.5,134
Phoenix - AZ,13,58,58,26,9,44,53,22,16.0,39.0,8.0,10.0,11.0,19.0,124,126,123,118,115,98,78,,46,60,64,60,24,29,14,15,13,12,133,128,31,1,8,12,11,7,47.07692307692308,37.6,9
Pittsburgh - PA,131,134,138,144,124,134,132,141,133.0,112.0,139.0,139.0,138.0,145.0,46,67,71,66,66,70,111,,62,85,82,67,140,141,140,138,139,140,75,130,124,104,117,143,146,149,115.46153846153847,130.8,150
Port St. Lucie - FL,76,63,42,21,80,54,40,21,13.0,26.0,17.0,14.0,14.0,37.0,146,141,137,131,114,138,98,,112,111,126,145,10,5,12,12,12,13,69,71,53,28,92,57,38,35,62.15384615384615,40.900000000000006,12
Portland - ME,44,27,27,33,33,44,38,39,77.0,125.0,81.0,81.0,87.0,30.0,111,37,36,36,40,109,28,,134,137,138,142,57,58,70,72,77,112,51,45,89,109,44,50,52,50,67.94871794871794,58.300000000000004,33
Portland - OR,125,121,121,92,134,116,118,94,78.0,94.0,46.0,60.0,61.0,63.0,83,39,54,79,91,114,51,,54,64,63,55,79,109,63,50,47,44,137,141,144,132,48,66,69,49,83.28205128205128,78.7,86
Poughkeepsie - NY,12,11,11,12,12,11,10,11,,,,,,,32,101,104,95,79,58,101,,68,78,77,70,76,77,82,87,88,114,81,67,107,116,41,30,40,40,60.57575757575758,46.7,16
Providence - RI,50,35,33,41,33,36,29,41,130.0,119.0,114.0,119.0,119.0,99.0,35,63,73,57,44,46,72,,95,103,109,130,97,102,89,96,95,92,121,88,103,93,46,48,50,53,76.87179487179488,73.7,72
Provo - UT,142,144,144,141,144,138,144,144,3.0,50.0,2.0,2.0,1.0,12.0,145,47,105,119,132,150,34,,22,45,50,48,4,6,6,4,3,2,100,109,110,90,141,135,138,128,79.07692307692308,69.2,56
Raleigh - NC,136,141,143,139,128,138,144,139,6.0,9.0,4.0,3.0,3.0,27.0,126,120,122,126,127,110,75,,76,81,89,105,7,7,4,5,6,7,53,84,17,35,60,100,109,81,74.15384615384616,68.10000000000001,53
Reading - PA,33,15,16,19,33,15,17,19,115.0,78.0,102.0,108.0,109.0,133.0,39,100,65,48,37,22,65,,77,97,99,92,86,88,99,101,100,99,73,46,106,119,40,44,43,41,67.64102564102564,62.50000000000001,39
Reno - NV,78,76,68,39,78,85,72,40,20.0,77.0,26.0,29.0,25.0,73.0,109,24,33,40,51,103,3,,61,56,59,59,31,59,36,24,22,17,42,50,96,14,34,21,21,18,47.92307692307692,37.50000000000001,8
Richmond - VA,14,10,9,6,24,8,11,5,64.0,49.0,76.0,73.0,75.0,89.0,103,128,131,128,119,99,133,,105,74,73,81,49,47,53,60,61,53,43,32,11,25,13,14,18,21,56.07692307692308,55.60000000000001,30
Rochester - NY,47,34,35,43,20,35,27,38,144.0,122.0,138.0,142.0,143.0,83.0,33,46,21,17,13,65,52,,50,94,93,95,133,136,132,128,127,128,82,147,148,140,57,60,59,66,81.35897435897436,80.4,91
Sacramento - CA,65,29,13,2,75,25,12,2,48.0,69.0,42.0,40.0,40.0,39.0,55,28,16,15,16,15,10,,29,44,44,31,67,91,93,81,74,69,129,125,133,36,21,7,5,3,44.56410256410256,32.8,5
Saint Louis - MO,27,48,64,107,33,42,77,107,117.0,138.0,130.0,125.0,122.0,76.0,68,54,77,76,74,92,115,,71,57,58,54,125,129,124,131,134,137,47,61,108,114,42,80,114,134,89.46153846153847,113.50000000000001,146
Salem - OR,29,43,40,29,17,24,31,27,39.0,36.0,38.0,55.0,49.0,94.0,90,61,43,50,69,74,20,,28,59,56,38,59,97,75,58,54,50,77,41,87,45,25,29,32,31,48.69230769230769,40.2,10
Salinas - CA,23,17,15,7,31,20,18,8,71.0,21.0,71.0,64.0,65.0,88.0,7,12,5,4,4,6,11,,6,8,9,11,131,144,131,118,115,116,89,97,126,83,16,22,23,24,47.1025641025641,44.9,15
Salisbury - MD,39,33,38,53,16,28,20,37,109.0,63.0,82.0,88.0,89.0,1.0,85,143,95,69,38,78,74,,101,117,112,76,101,92,85,88,89,36,93,54,68,136,62,63,65,79,71.66666666666667,65.1,48
Salt Lake City - UT,133,136,133,124,140,142,135,115,28.0,60.0,13.0,13.0,13.0,25.0,129,117,103,113,125,141,99,,20,43,45,46,41,55,41,37,34,26,91,102,52,24,85,96,89,52,77.33333333333333,80.8,94
San Antonio - TX,149,140,135,131,150,146,136,132,33.0,11.0,19.0,21.0,21.0,43.0,108,68,97,103,111,82,40,,79,62,69,94,21,22,13,16,15,15,145,144,143,144,140,43,25,32,79.43589743589743,47.10000000000001,18
San Diego - CA,120,112,101,32,117,112,96,32,67.0,44.0,67.0,68.0,66.0,70.0,57,78,80,70,58,66,63,,32,47,48,42,120,126,94,78,73,71,124,104,79,65,91,116,67,20,76.23076923076923,76.10000000000001,81
San Francisco - CA,1,1,1,4,1,1,1,3,101.0,118.0,39.0,39.0,39.0,21.0,23,42,69,68,63,76,104,,1,1,1,1,143,138,139,133,129,118,61,136,149,150,1,1,2,4,54.43589743589744,63.8,42
San Jose - CA,4,2,2,11,4,4,2,14,90.0,123.0,35.0,35.0,33.0,24.0,42,49,110,110,105,89,135,,2,3,2,2,123,100,121,123,119,100,45,101,118,139,2,3,3,6,54.743589743589745,65.5,49
Santa Barbara - CA,60,55,44,22,73,58,49,26,120.0,114.0,105.0,89.0,85.0,41.0,11,14,28,25,27,40,45,,5,7,6,8,134,131,125,111,110,115,60,65,91,78,19,18,17,16,57.61538461538461,66.2,51
Santa Rosa - CA,71,75,75,50,74,80,70,48,131.0,103.0,73.0,70.0,71.0,33.0,64,109,78,75,78,81,103,,18,14,15,16,146,140,138,126,124,126,144,140,137,131,32,36,39,37,81.3076923076923,86.2,103
Sarasota - FL,112,118,123,128,120,110,117,119,22.0,14.0,21.0,26.0,28.0,55.0,143,148,150,150,149,146,149,,96,84,97,116,11,12,32,26,25,23,118,112,54,52,119,95,92,93,87.3076923076923,79.50000000000001,90
Savannah - GA,122,111,109,103,127,114,112,103,41.0,57.0,47.0,38.0,37.0,42.0,140,145,143,147,147,142,146,,83,93,83,64,32,26,46,46,48,54,68,69,36,53,116,84,77,72,85.2051282051282,83.80000000000001,97
Scranton - PA,58,59,66,98,33,73,65,99,121.0,75.0,127.0,133.0,134.0,126.0,13,11,7,7,7,20,22,,94,136,131,120,116,116,130,130,130,129,98,78,85,127,77,118,131,141,88.23076923076923,89.1,109
Seattle - WA,43,68,63,34,33,78,67,35,62.0,81.0,20.0,28.0,26.0,35.0,92,103,102,106,109,95,87,,49,24,20,12,44,56,40,41,38,31,138,135,121,94,12,16,20,29,58.64102564102564,54.9,28
Shreveport - LA,121,119,115,127,112,117,115,127,148.0,133.0,148.0,149.0,149.0,95.0,8,8,3,3,3,18,31,,110,77,79,104,150,145,141,141,143,144,78,72,140,148,137,141,135,139,104.43589743589743,113.2,145
Spokane - WA,68,73,78,57,33,70,81,57,57.0,90.0,80.0,85.0,79.0,44.0,98,70,67,71,77,93,43,,135,124,115,80,37,79,61,54,53,51,16,33,74,30,39,47,45,39,66.23076923076923,63.900000000000006,43
Springfield - MA,8,7,7,5,26,10,8,7,141.0,149.0,124.0,137.0,135.0,2.0,6,44,14,16,46,7,26,,125,146,139,109,137,127,115,114,116,117,27,3,14,44,38,52,48,44,62.56410256410256,69.10000000000001,55
Springfield - MO,35,46,50,86,33,60,58,97,55.0,76.0,72.0,71.0,68.0,78.0,81,108,59,61,65,34,57,,114,110,104,89,51,49,64,68,70,76,7,11,67,87,73,86,98,109,68.7948717948718,68.9,54
Stamford - CT,146,137,140,145,147,137,141,147,138.0,84.0,144.0,146.0,145.0,50.0,119,140,135,136,141,139,148,,25,9,10,17,96,73,127,132,132,130,99,74,71,123,149,144,144,145,115.51282051282051,130.0,149
Stockton - CA,42,40,26,16,33,34,26,15,12.0,32.0,27.0,25.0,27.0,31.0,54,17,10,11,11,13,2,,35,40,51,50,39,57,72,55,50,49,125,95,115,80,30,33,31,19,39.23076923076923,28.400000000000002,3
Syracuse - NY,36,41,48,72,18,29,41,73,135.0,113.0,146.0,147.0,147.0,142.0,17,80,89,67,42,50,116,,39,79,78,74,139,139,142,145,145,143,122,114,132,117,61,82,97,102,92.28205128205128,105.20000000000002,137
Tallahassee - FL,98,105,104,99,97,81,101,80,43.0,42.0,96.0,86.0,95.0,97.0,69,135,93,83,76,61,61,,85,127,135,143,74,82,68,53,49,46,96,40,15,34,123,121,106,101,84.61538461538461,80.4,91
Tampa - FL,150,150,147,118,149,150,147,116,29.0,33.0,51.0,43.0,41.0,45.0,113,136,128,120,117,85,113,,97,119,124,131,27,28,42,42,40,37,141,98,86,43,150,150,140,48,95.48717948717949,94.2,119
Toledo - OH,38,49,53,96,15,33,46,77,146.0,140.0,145.0,141.0,141.0,135.0,29,5,19,18,15,60,58,,145,130,130,136,136,134,122,129,131,135,109,126,117,134,72,111,112,124,94.66666666666667,97.80000000000001,127
Trenton - NJ,34,39,47,62,30,46,47,68,61.0,72.0,60.0,67.0,72.0,75.0,112,55,57,77,84,118,100,,147,121,121,126,92,81,114,119,117,103,57,75,43,46,51,42,57,87,76.46153846153847,75.0,77
Tucson - AZ,138,142,142,143,131,136,140,142,89.0,136.0,97.0,92.0,86.0,46.0,28,106,61,58,55,3,39,,57,52,42,23,62,66,69,64,62,61,131,117,47,8,129,140,142,142,87.7948717948718,99.2,129
Tulsa - OK,52,79,108,136,33,68,106,129,83.0,71.0,91.0,82.0,80.0,112.0,63,33,29,38,60,26,21,,3,2,3,7,60,48,73,73,71,67,20,39,6,67,83,120,133,144,64.58974358974359,79.00000000000001,88
Vallejo-Fairfield - CA,63,66,57,40,33,65,54,36,88.0,73.0,52.0,59.0,58.0,54.0,62,10,17,23,23,37,15,,13,26,18,9,102,120,108,91,85,82,139,143,141,64,24,27,33,34,57.53846153846154,54.00000000000001,25
Ventura - CA,62,54,46,27,33,53,42,28,97.0,83.0,90.0,79.0,81.0,90.0,44,87,62,64,73,73,89,,34,27,29,37,141,143,126,110,108,109,48,59,22,22,18,13,10,11,62.15384615384615,69.7,57
Visalia - CA,53,47,37,20,33,51,33,13,32.0,13.0,29.0,31.0,32.0,60.0,88,27,34,39,41,63,30,,23,31,25,25,89,107,103,86,76,78,110,131,113,100,35,41,35,23,52.23076923076923,42.400000000000006,14
Washington - DC,124,122,128,130,121,124,127,130,98.0,124.0,109.0,96.0,77.0,69.0,76,43,88,97,92,80,96,,124,98,96,110,68,61,58,69,65,52,87,93,138,147,55,97,117,125,97.71794871794872,100.70000000000002,132
Wichita - KS,46,65,81,122,33,88,82,128,103.0,92.0,121.0,117.0,117.0,122.0,36,36,32,31,36,55,53,,86,21,21,35,94,87,102,103,106,122,12,17,81,105,75,107,120,137,77.61538461538461,91.20000000000002,112
Winston-Salem - NC,103,97,95,85,101,77,94,67,85.0,130.0,107.0,98.0,97.0,127.0,48,59,56,47,39,21,33,,115,123,119,106,54,40,47,65,67,72,80,21,10,15,109,117,103,103,77.74358974358974,79.4,89
Worcester - MA,55,42,45,47,33,41,44,45,114.0,128.0,92.0,102.0,100.0,9.0,78,91,94,86,81,56,95,,93,105,113,124,81,75,78,77,75,89,3,7,23,50,45,39,49,63,68.38461538461539,75.39999999999999,79
York - PA,28,21,24,36,33,43,34,44,100.0,108.0,87.0,100.0,104.0,100.0,117,150,147,146,145,100,147,,100,129,133,128,77,71,81,83,84,84,15,18,16,66,56,55,58,67,80.38461538461539,84.5,100
Youngstown - OH,11,14,22,59,11,14,16,46,149.0,120.0,149.0,148.0,148.0,6.0,1,1,1,1,1,14,44,,142,112,110,114,145,142,146,148,149,149,31,13,40,102,66,99,104,110,74.3076923076923,88.7,107
