Market,2016 Q1,2016 Q2,2016 Q3,2016 Q4,2017 Q1,2017 Q2,2017 Q3,2017 Q4,2018 Q1,2018 Q2,2018 Q3,2018 Q4,2019 Q1,2019 Q2,2019 Q3,2019 Q4,2020 Q1,2020 Q2,2020 Q3,2020 Q4,2021 Q1,2021 Q2,2021 Q3,2021 Q4,2022 Q1,2022 Q2,2022 Q3,2022 Q4,2023 Q1,2023 Q2,2023 Q3,2023 Q4,2024 Q1,2024 Q2,2024 Q3,2024 Q4,2025 Q1,2025 Q2,2025 Q3,2025 Q4,2026 Q1,2026 Q2 EST,2026 Q2 QTD,2026 Q3,2026 Q4,2027 Q1,2027 Q2,2027 Q3,2027 Q4,2028 Q1,2028 Q2,2028 Q3,2028 Q4,2029 Q1,2029 Q2,2029 Q3,2029 Q4,2030 Q1,2030 Q2,2030 Q3,2030 Q4,2031 Q1
Akron - OH,190.0,0.0,192.0,44.0,0.0,6.0,0.0,0.0,127.0,42.0,0.0,92.0,96.0,107.0,0.0,0.0,429.0,267.0,63.0,0.0,162.0,47.0,12.0,100.0,248.0,0.0,281.0,0.0,9.0,298.0,0.0,48.0,0.0,249.0,0.0,0.0,0.0,143.0,0.0,0.0,0.0,,0.0,,,,,,,,,,,,,,,,,,,
Albany - NY,579.0,410.0,116.0,89.0,57.0,330.0,495.0,195.0,183.0,116.0,535.0,399.0,350.0,478.0,310.0,326.0,180.0,6.0,143.0,141.0,194.0,147.0,0.0,857.0,117.0,359.0,287.0,357.0,141.0,400.0,221.0,84.0,188.0,107.0,72.0,46.0,0.0,0.0,83.0,136.0,692.0,,0.0,,,,,,,,,,,,,,,,,,,
Albuquerque - NM,69.0,33.0,27.0,36.0,304.0,82.0,0.0,129.0,0.0,128.0,0.0,52.0,0.0,92.0,376.0,102.0,72.0,0.0,48.0,0.0,248.0,439.0,146.0,288.0,235.0,0.0,469.0,589.0,455.0,215.0,30.0,11.0,141.0,70.0,255.0,344.0,0.0,0.0,0.0,190.0,420.0,,0.0,,,,,,,,,,,,,,,,,,,
Anchorage - AK,84.0,0.0,33.0,48.0,11.0,0.0,0.0,0.0,85.0,0.0,0.0,50.0,0.0,6.0,0.0,0.0,0.0,0.0,0.0,0.0,0.0,0.0,0.0,0.0,11.0,0.0,0.0,48.0,37.0,24.0,0.0,0.0,0.0,0.0,0.0,0.0,0.0,0.0,0.0,0.0,0.0,,0.0,,,,,,,,,,,,,,,,,,,
Asheville - NC,168.0,399.0,375.0,673.0,309.0,0.0,290.0,352.0,0.0,255.0,671.0,113.0,838.0,26.0,0.0,190.0,502.0,12.0,0.0,212.0,502.0,93.0,280.0,314.0,431.0,148.0,315.0,187.0,635.0,6.0,86.0,250.0,990.0,798.0,198.0,507.0,644.0,279.0,139.0,156.0,480.0,,0.0,,,,,,,,,,,,,,,,,,,
Atlanta - GA,4703.0,4936.0,2781.0,3008.0,2089.0,3039.0,2188.0,1018.0,2964.0,4288.0,3160.0,2457.0,3527.0,1980.0,1489.0,2685.0,2498.0,3879.0,2023.0,3548.0,4057.0,5021.0,4708.0,6604.0,6875.0,6406.0,5960.0,7317.0,5242.0,6496.0,2611.0,4940.0,4408.0,3180.0,2671.0,1253.0,4362.0,2496.0,3442.0,2649.0,1995.0,,303.0,,,,,,,,,,,,,,,,,,,
Augusta - GA,0.0,63.0,428.0,0.0,0.0,0.0,312.0,0.0,333.0,228.0,0.0,0.0,261.0,0.0,304.0,266.0,1107.0,0.0,155.0,0.0,1544.0,0.0,147.0,523.0,264.0,310.0,202.0,75.0,303.0,245.0,205.0,173.0,835.0,76.0,336.0,0.0,343.0,0.0,0.0,0.0,140.0,,0.0,,,,,,,,,,,,,,,,,,,
Austin - TX,4313.0,3256.0,1097.0,2542.0,2854.0,1375.0,2514.0,2247.0,2038.0,1923.0,3954.0,2644.0,4036.0,5286.0,2909.0,4361.0,4343.0,3362.0,3286.0,2124.0,7236.0,6591.0,5137.0,2630.0,8980.0,7688.0,6398.0,7622.0,9055.0,3262.0,3639.0,3854.0,2563.0,3067.0,4668.0,1371.0,3085.0,2701.0,2247.0,1496.0,1911.0,,0.0,,,,,,,,,,,,,,,,,,,
Bakersfield - CA,44.0,0.0,0.0,0.0,0.0,0.0,216.0,12.0,0.0,228.0,0.0,40.0,238.0,144.0,174.0,490.0,5.0,0.0,0.0,0.0,0.0,0.0,0.0,0.0,0.0,0.0,8.0,52.0,242.0,184.0,7.0,58.0,0.0,228.0,0.0,0.0,374.0,0.0,24.0,520.0,0.0,,0.0,,,,,,,,,,,,,,,,,,,
Baltimore - MD,1708.0,978.0,795.0,1634.0,350.0,914.0,915.0,105.0,1192.0,194.0,1184.0,1161.0,1482.0,263.0,90.0,684.0,604.0,206.0,532.0,840.0,66.0,1315.0,129.0,283.0,1320.0,320.0,1845.0,867.0,727.0,975.0,368.0,974.0,741.0,0.0,0.0,170.0,1411.0,293.0,206.0,150.0,739.0,,0.0,,,,,,,,,,,,,,,,,,,
Baton Rouge - LA,272.0,376.0,336.0,242.0,626.0,0.0,204.0,88.0,0.0,847.0,212.0,0.0,0.0,210.0,0.0,126.0,463.0,0.0,0.0,155.0,170.0,168.0,0.0,357.0,58.0,340.0,244.0,277.0,121.0,424.0,592.0,264.0,364.0,0.0,0.0,117.0,0.0,0.0,0.0,0.0,336.0,,0.0,,,,,,,,,,,,,,,,,,,
Beaumont - TX,0.0,0.0,26.0,0.0,0.0,0.0,80.0,0.0,286.0,122.0,0.0,10.0,98.0,0.0,0.0,157.0,0.0,0.0,624.0,170.0,84.0,0.0,0.0,0.0,0.0,118.0,73.0,0.0,0.0,0.0,0.0,0.0,0.0,0.0,0.0,204.0,0.0,0.0,0.0,0.0,0.0,,0.0,,,,,,,,,,,,,,,,,,,
Birmingham - AL,0.0,131.0,0.0,0.0,0.0,0.0,318.0,0.0,64.0,0.0,59.0,63.0,249.0,562.0,228.0,104.0,273.0,289.0,0.0,188.0,610.0,241.0,304.0,283.0,331.0,562.0,647.0,729.0,155.0,0.0,0.0,806.0,270.0,0.0,702.0,27.0,0.0,289.0,0.0,0.0,0.0,,0.0,,,,,,,,,,,,,,,,,,,
Boise - ID,988.0,609.0,209.0,557.0,547.0,464.0,656.0,512.0,753.0,228.0,636.0,835.0,432.0,917.0,595.0,594.0,1178.0,548.0,475.0,302.0,939.0,611.0,319.0,617.0,1808.0,1118.0,886.0,1127.0,549.0,287.0,269.0,199.0,123.0,0.0,653.0,338.0,413.0,14.0,688.0,156.0,552.0,,0.0,,,,,,,,,,,,,,,,,,,
Boston - MA,1086.0,1880.0,1523.0,3472.0,2668.0,2388.0,2198.0,3706.0,3265.0,3050.0,2830.0,3387.0,2841.0,1949.0,1310.0,2241.0,1889.0,599.0,1172.0,1555.0,2625.0,1870.0,1944.0,2120.0,1858.0,3764.0,1905.0,1903.0,1991.0,2342.0,1181.0,1050.0,2024.0,3468.0,1661.0,3056.0,960.0,1734.0,1688.0,1836.0,1159.0,,36.0,,,,,,,,,,,,,,,,,,,
Brownsville-Harlingen - TX,0.0,0.0,28.0,112.0,0.0,112.0,0.0,60.0,43.0,0.0,16.0,0.0,200.0,0.0,0.0,16.0,0.0,0.0,62.0,0.0,12.0,106.0,166.0,72.0,161.0,0.0,22.0,48.0,17.0,26.0,34.0,36.0,6.0,36.0,0.0,106.0,206.0,14.0,0.0,0.0,0.0,,0.0,,,,,,,,,,,,,,,,,,,
Buffalo - NY,301.0,334.0,389.0,91.0,363.0,16.0,543.0,251.0,315.0,325.0,74.0,129.0,446.0,142.0,303.0,349.0,178.0,533.0,183.0,46.0,221.0,64.0,189.0,168.0,119.0,1167.0,41.0,50.0,203.0,170.0,104.0,59.0,82.0,84.0,198.0,44.0,205.0,251.0,257.0,96.0,0.0,,0.0,,,,,,,,,,,,,,,,,,,
Canton - OH,48.0,48.0,0.0,0.0,0.0,0.0,0.0,0.0,0.0,0.0,0.0,0.0,0.0,0.0,0.0,0.0,177.0,0.0,0.0,87.0,0.0,0.0,0.0,0.0,0.0,0.0,0.0,0.0,53.0,0.0,0.0,0.0,0.0,0.0,0.0,0.0,0.0,0.0,0.0,0.0,0.0,,0.0,,,,,,,,,,,,,,,,,,,
Charleston - SC,858.0,2566.0,1296.0,916.0,350.0,488.0,631.0,1520.0,690.0,1203.0,210.0,826.0,900.0,739.0,264.0,146.0,3151.0,348.0,1524.0,768.0,775.0,1480.0,861.0,518.0,405.0,572.0,952.0,2081.0,1821.0,1484.0,566.0,278.0,464.0,71.0,540.0,70.0,934.0,725.0,0.0,587.0,189.0,,0.0,,,,,,,,,,,,,,,,,,,
Charlotte - NC,3533.0,2775.0,2032.0,1645.0,3165.0,2637.0,1930.0,2424.0,3098.0,1359.0,1090.0,2004.0,3524.0,1201.0,1006.0,1305.0,4042.0,3654.0,1812.0,2155.0,4161.0,2138.0,2517.0,5667.0,6647.0,4671.0,5562.0,4095.0,4058.0,3852.0,3589.0,2269.0,2529.0,2284.0,3711.0,3133.0,2266.0,2790.0,1840.0,2595.0,900.0,,0.0,,,,,,,,,,,,,,,,,,,
Chattanooga - TN,141.0,510.0,380.0,487.0,0.0,190.0,814.0,0.0,65.0,36.0,204.0,161.0,327.0,94.0,313.0,15.0,263.0,261.0,0.0,10.0,401.0,89.0,363.0,87.0,732.0,399.0,636.0,34.0,616.0,673.0,495.0,167.0,52.0,0.0,0.0,242.0,155.0,400.0,0.0,230.0,403.0,,0.0,,,,,,,,,,,,,,,,,,,
Chicago - IL,1656.0,3523.0,3828.0,2598.0,2917.0,3582.0,2782.0,2253.0,497.0,1981.0,5363.0,2015.0,2391.0,2250.0,1440.0,1061.0,2937.0,1818.0,2508.0,1234.0,1209.0,1572.0,1892.0,2280.0,4252.0,3016.0,2309.0,2463.0,2407.0,969.0,972.0,1788.0,1563.0,1166.0,1241.0,1397.0,1463.0,1496.0,2036.0,1490.0,1173.0,,80.0,,,,,,,,,,,,,,,,,,,
Cincinnati - OH,723.0,1519.0,539.0,495.0,274.0,258.0,311.0,221.0,202.0,246.0,130.0,1287.0,134.0,436.0,789.0,644.0,412.0,438.0,683.0,550.0,1132.0,424.0,1170.0,581.0,801.0,1274.0,993.0,531.0,1142.0,684.0,814.0,170.0,809.0,501.0,1138.0,1548.0,944.0,174.0,1230.0,273.0,156.0,,0.0,,,,,,,,,,,,,,,,,,,
Cleveland - OH,0.0,599.0,615.0,525.0,639.0,548.0,511.0,122.0,73.0,393.0,144.0,590.0,307.0,274.0,344.0,207.0,473.0,182.0,364.0,20.0,850.0,0.0,1083.0,586.0,66.0,1035.0,533.0,235.0,650.0,393.0,423.0,44.0,1981.0,0.0,237.0,35.0,382.0,401.0,111.0,252.0,0.0,,0.0,,,,,,,,,,,,,,,,,,,
Colorado Springs - CO,0.0,264.0,223.0,289.0,291.0,244.0,276.0,28.0,401.0,307.0,740.0,0.0,194.0,484.0,0.0,487.0,304.0,13.0,140.0,759.0,1037.0,1094.0,612.0,597.0,1549.0,843.0,1004.0,1911.0,542.0,841.0,636.0,370.0,560.0,163.0,140.0,397.0,0.0,196.0,0.0,717.0,546.0,,0.0,,,,,,,,,,,,,,,,,,,
Columbia - SC,0.0,0.0,0.0,727.0,0.0,12.0,285.0,204.0,575.0,0.0,0.0,116.0,58.0,0.0,0.0,30.0,90.0,32.0,0.0,0.0,251.0,50.0,588.0,52.0,49.0,510.0,0.0,522.0,0.0,56.0,198.0,7.0,403.0,383.0,308.0,288.0,582.0,391.0,494.0,55.0,201.0,,0.0,,,,,,,,,,,,,,,,,,,
Columbus - OH,1270.0,1276.0,1889.0,1080.0,1296.0,1883.0,1427.0,904.0,1001.0,1152.0,1463.0,2214.0,1354.0,1489.0,1166.0,1267.0,1937.0,997.0,906.0,1731.0,2272.0,1850.0,949.0,1074.0,1922.0,2901.0,2096.0,1337.0,2218.0,2770.0,2456.0,996.0,2095.0,1077.0,2491.0,1870.0,2058.0,4734.0,1927.0,974.0,66.0,,0.0,,,,,,,,,,,,,,,,,,,
Corpus Christi - TX,574.0,552.0,0.0,126.0,72.0,224.0,0.0,426.0,276.0,0.0,0.0,6.0,549.0,449.0,0.0,159.0,336.0,0.0,0.0,5.0,206.0,264.0,82.0,0.0,0.0,349.0,144.0,0.0,732.0,240.0,0.0,336.0,410.0,0.0,0.0,0.0,0.0,0.0,72.0,0.0,0.0,,0.0,,,,,,,,,,,,,,,,,,,
Dallas-Fort Worth - TX,7283.0,5047.0,5258.0,9615.0,8029.0,4675.0,4015.0,9019.0,5468.0,8487.0,6689.0,7064.0,5379.0,7215.0,6547.0,4664.0,9655.0,7818.0,2471.0,4492.0,10488.0,8676.0,7447.0,5841.0,10796.0,9697.0,8073.0,10482.0,10891.0,9906.0,7302.0,6667.0,8764.0,5441.0,7665.0,5941.0,6140.0,6056.0,8356.0,5222.0,1394.0,,281.0,,,,,,,,,,,,,,,,,,,
Dayton - OH,0.0,0.0,364.0,203.0,0.0,94.0,312.0,0.0,84.0,0.0,194.0,0.0,0.0,360.0,308.0,0.0,536.0,0.0,71.0,0.0,0.0,143.0,0.0,0.0,158.0,702.0,184.0,106.0,19.0,141.0,18.0,0.0,111.0,0.0,310.0,148.0,764.0,480.0,544.0,0.0,0.0,,0.0,,,,,,,,,,,,,,,,,,,
Daytona Beach - FL,360.0,264.0,0.0,0.0,0.0,0.0,0.0,0.0,0.0,665.0,276.0,289.0,1007.0,319.0,380.0,256.0,1014.0,57.0,0.0,283.0,288.0,78.0,960.0,91.0,621.0,689.0,699.0,300.0,480.0,251.0,483.0,322.0,949.0,890.0,204.0,760.0,294.0,644.0,82.0,0.0,0.0,,0.0,,,,,,,,,,,,,,,,,,,
Denver - CO,2739.0,1781.0,4831.0,3269.0,2108.0,3017.0,2430.0,2200.0,2861.0,3044.0,1814.0,1137.0,1002.0,2731.0,2227.0,2346.0,2712.0,2040.0,2564.0,1649.0,2209.0,3967.0,2956.0,2630.0,6553.0,4409.0,4455.0,3525.0,5488.0,1397.0,1922.0,1240.0,1763.0,1211.0,2703.0,1020.0,1541.0,3695.0,2049.0,1690.0,643.0,,275.0,,,,,,,,,,,,,,,,,,,
Des Moines - IA,785.0,531.0,1261.0,886.0,572.0,709.0,101.0,786.0,56.0,1138.0,366.0,76.0,7.0,34.0,87.0,273.0,301.0,757.0,184.0,939.0,301.0,196.0,283.0,429.0,336.0,730.0,323.0,540.0,1367.0,40.0,297.0,37.0,387.0,822.0,668.0,631.0,419.0,411.0,338.0,179.0,0.0,,0.0,,,,,,,,,,,,,,,,,,,
Detroit - MI,916.0,603.0,541.0,251.0,106.0,832.0,550.0,127.0,167.0,1060.0,485.0,852.0,891.0,1002.0,522.0,1144.0,714.0,300.0,449.0,1480.0,498.0,738.0,99.0,455.0,1489.0,57.0,691.0,380.0,2889.0,538.0,360.0,177.0,111.0,189.0,1017.0,190.0,875.0,191.0,65.0,0.0,204.0,,0.0,,,,,,,,,,,,,,,,,,,
Durham - NC,734.0,0.0,330.0,0.0,418.0,492.0,925.0,0.0,260.0,0.0,1050.0,812.0,357.0,44.0,630.0,276.0,709.0,174.0,941.0,207.0,221.0,683.0,719.0,181.0,975.0,304.0,0.0,722.0,1511.0,2238.0,958.0,590.0,0.0,930.0,370.0,122.0,774.0,223.0,0.0,400.0,1002.0,,0.0,,,,,,,,,,,,,,,,,,,
East Bay - CA,540.0,322.0,713.0,1233.0,675.0,1029.0,1063.0,1443.0,1706.0,1905.0,1066.0,288.0,520.0,765.0,1268.0,1316.0,846.0,358.0,223.0,392.0,766.0,460.0,911.0,101.0,957.0,919.0,142.0,966.0,189.0,121.0,37.0,9.0,247.0,362.0,293.0,0.0,704.0,136.0,67.0,0.0,216.0,,0.0,,,,,,,,,,,,,,,,,,,
El Paso - TX,0.0,0.0,14.0,410.0,32.0,0.0,15.0,26.0,48.0,189.0,0.0,385.0,182.0,164.0,0.0,0.0,213.0,0.0,92.0,234.0,39.0,0.0,265.0,176.0,211.0,0.0,0.0,520.0,302.0,0.0,0.0,222.0,276.0,0.0,128.0,0.0,268.0,0.0,0.0,0.0,0.0,,0.0,,,,,,,,,,,,,,,,,,,
Fayetteville - NC,0.0,0.0,0.0,0.0,0.0,0.0,0.0,0.0,0.0,0.0,0.0,0.0,0.0,0.0,96.0,0.0,0.0,0.0,0.0,0.0,0.0,0.0,16.0,0.0,412.0,201.0,0.0,264.0,64.0,708.0,10.0,0.0,407.0,0.0,72.0,0.0,144.0,312.0,0.0,0.0,0.0,,0.0,,,,,,,,,,,,,,,,,,,
Flint - MI,0.0,36.0,0.0,0.0,0.0,0.0,0.0,0.0,0.0,0.0,0.0,0.0,154.0,0.0,14.0,0.0,0.0,0.0,0.0,110.0,0.0,10.0,0.0,0.0,0.0,130.0,48.0,0.0,0.0,50.0,89.0,0.0,344.0,0.0,0.0,74.0,0.0,0.0,0.0,0.0,0.0,,0.0,,,,,,,,,,,,,,,,,,,
Fort Lauderdale - FL,742.0,1366.0,527.0,771.0,1442.0,376.0,687.0,605.0,477.0,2945.0,0.0,1682.0,1151.0,1642.0,921.0,380.0,1325.0,162.0,815.0,594.0,951.0,1784.0,1758.0,1251.0,1209.0,1506.0,1864.0,1952.0,383.0,620.0,995.0,746.0,573.0,1552.0,569.0,623.0,2734.0,286.0,300.0,0.0,348.0,,0.0,,,,,,,,,,,,,,,,,,,
Fort Myers - FL,124.0,0.0,0.0,252.0,255.0,804.0,0.0,494.0,370.0,339.0,1388.0,760.0,319.0,1318.0,724.0,333.0,1628.0,180.0,330.0,742.0,345.0,718.0,734.0,297.0,755.0,729.0,627.0,1581.0,2747.0,0.0,738.0,412.0,708.0,799.0,740.0,905.0,722.0,865.0,0.0,522.0,0.0,,0.0,,,,,,,,,,,,,,,,,,,
Fort Wayne - IN,0.0,0.0,0.0,125.0,221.0,0.0,0.0,0.0,83.0,0.0,0.0,0.0,40.0,46.0,180.0,42.0,0.0,0.0,0.0,195.0,42.0,296.0,121.0,99.0,726.0,418.0,0.0,0.0,412.0,66.0,60.0,658.0,0.0,160.0,33.0,0.0,0.0,0.0,0.0,313.0,0.0,,0.0,,,,,,,,,,,,,,,,,,,
Fresno - CA,8.0,25.0,0.0,16.0,373.0,296.0,162.0,80.0,216.0,319.0,0.0,168.0,19.0,52.0,123.0,0.0,198.0,158.0,296.0,186.0,651.0,0.0,133.0,0.0,330.0,80.0,151.0,132.0,286.0,263.0,8.0,0.0,246.0,64.0,63.0,0.0,80.0,0.0,0.0,0.0,28.0,,0.0,,,,,,,,,,,,,,,,,,,
Grand Rapids - MI,182.0,807.0,397.0,811.0,233.0,408.0,336.0,103.0,215.0,525.0,285.0,486.0,644.0,333.0,182.0,724.0,295.0,426.0,396.0,0.0,212.0,127.0,606.0,599.0,64.0,149.0,257.0,894.0,345.0,572.0,192.0,75.0,178.0,818.0,117.0,505.0,243.0,136.0,338.0,368.0,45.0,,0.0,,,,,,,,,,,,,,,,,,,
Greensboro - NC,5.0,211.0,168.0,525.0,390.0,188.0,0.0,0.0,0.0,0.0,538.0,211.0,0.0,336.0,0.0,247.0,230.0,312.0,0.0,0.0,312.0,32.0,264.0,201.0,365.0,411.0,0.0,0.0,341.0,345.0,766.0,0.0,718.0,271.0,596.0,305.0,54.0,431.0,283.0,0.0,414.0,,0.0,,,,,,,,,,,,,,,,,,,
Greenville - SC,29.0,313.0,775.0,0.0,824.0,227.0,0.0,396.0,1002.0,144.0,776.0,0.0,724.0,355.0,282.0,692.0,1197.0,540.0,803.0,380.0,1199.0,8.0,661.0,802.0,863.0,280.0,524.0,155.0,978.0,266.0,90.0,490.0,578.0,284.0,128.0,88.0,602.0,968.0,92.0,288.0,0.0,,0.0,,,,,,,,,,,,,,,,,,,
Gulfport-Biloxi-Pascagoula - MS,0.0,0.0,0.0,0.0,0.0,0.0,0.0,0.0,0.0,0.0,0.0,0.0,294.0,0.0,0.0,40.0,152.0,106.0,0.0,0.0,0.0,36.0,131.0,0.0,0.0,21.0,0.0,156.0,325.0,0.0,0.0,35.0,144.0,0.0,62.0,403.0,0.0,0.0,0.0,0.0,136.0,,0.0,,,,,,,,,,,,,,,,,,,
Harrisburg - PA,360.0,55.0,24.0,52.0,16.0,0.0,0.0,282.0,150.0,340.0,53.0,260.0,74.0,42.0,183.0,158.0,0.0,216.0,39.0,112.0,407.0,0.0,0.0,22.0,664.0,680.0,120.0,0.0,515.0,84.0,112.0,0.0,335.0,111.0,0.0,0.0,219.0,48.0,0.0,216.0,162.0,,0.0,,,,,,,,,,,,,,,,,,,
Hartford - CT,279.0,0.0,181.0,460.0,54.0,52.0,0.0,747.0,546.0,374.0,418.0,403.0,56.0,81.0,603.0,0.0,94.0,160.0,126.0,353.0,36.0,100.0,226.0,516.0,445.0,10.0,515.0,275.0,1173.0,918.0,221.0,480.0,303.0,325.0,209.0,522.0,345.0,255.0,0.0,37.0,422.0,,0.0,,,,,,,,,,,,,,,,,,,
Honolulu - HI,38.0,209.0,0.0,0.0,0.0,0.0,0.0,0.0,0.0,0.0,0.0,0.0,318.0,0.0,901.0,0.0,0.0,0.0,5.0,0.0,0.0,0.0,0.0,0.0,0.0,0.0,0.0,0.0,0.0,0.0,0.0,0.0,29.0,0.0,0.0,0.0,0.0,0.0,0.0,0.0,0.0,,0.0,,,,,,,,,,,,,,,,,,,
Houston - TX,3667.0,2368.0,1625.0,1073.0,3617.0,2067.0,2152.0,1637.0,3427.0,5603.0,4686.0,2060.0,6700.0,3692.0,6315.0,6052.0,6404.0,5448.0,4391.0,3163.0,5231.0,4323.0,2551.0,5953.0,9265.0,5690.0,7081.0,5461.0,6948.0,5836.0,2282.0,3138.0,5496.0,2375.0,985.0,1379.0,4005.0,3414.0,1610.0,3579.0,638.0,,294.0,,,,,,,,,,,,,,,,,,,
Huntsville - AL,0.0,0.0,0.0,522.0,0.0,110.0,178.0,244.0,524.0,0.0,0.0,105.0,598.0,0.0,334.0,726.0,841.0,1276.0,605.0,582.0,1470.0,2142.0,1238.0,326.0,2185.0,1105.0,1375.0,2507.0,1613.0,637.0,743.0,889.0,227.0,706.0,0.0,0.0,0.0,727.0,972.0,282.0,0.0,,0.0,,,,,,,,,,,,,,,,,,,
Indianapolis - IN,563.0,172.0,184.0,630.0,753.0,401.0,612.0,1046.0,620.0,531.0,793.0,905.0,131.0,1090.0,546.0,621.0,105.0,1442.0,675.0,403.0,1206.0,1042.0,1048.0,1505.0,1526.0,1298.0,1465.0,713.0,2126.0,747.0,1829.0,343.0,2139.0,542.0,484.0,1202.0,1516.0,430.0,950.0,0.0,504.0,,350.0,,,,,,,,,,,,,,,,,,,
Inland Empire - CA,337.0,252.0,222.0,358.0,413.0,1559.0,15.0,494.0,1001.0,442.0,995.0,692.0,152.0,635.0,368.0,0.0,197.0,34.0,201.0,307.0,696.0,177.0,1953.0,526.0,1214.0,601.0,171.0,2841.0,1170.0,1343.0,1127.0,626.0,828.0,999.0,111.0,577.0,1134.0,338.0,657.0,151.0,150.0,,0.0,,,,,,,,,,,,,,,,,,,
Jackson - MS,0.0,0.0,0.0,0.0,0.0,0.0,0.0,166.0,0.0,0.0,0.0,0.0,0.0,600.0,220.0,0.0,0.0,0.0,138.0,0.0,107.0,0.0,112.0,0.0,0.0,30.0,0.0,7.0,0.0,0.0,0.0,0.0,0.0,0.0,220.0,92.0,0.0,0.0,0.0,0.0,15.0,,0.0,,,,,,,,,,,,,,,,,,,
Jacksonville - FL,0.0,1223.0,23.0,863.0,1728.0,1072.0,400.0,272.0,991.0,2281.0,378.0,1167.0,1350.0,999.0,889.0,942.0,437.0,661.0,1009.0,1033.0,1856.0,1664.0,2126.0,1037.0,1849.0,2694.0,2831.0,3354.0,2545.0,1556.0,1332.0,769.0,633.0,486.0,632.0,600.0,1068.0,813.0,654.0,0.0,64.0,,0.0,,,,,,,,,,,,,,,,,,,
Kansas City - MO,2531.0,1701.0,1598.0,680.0,829.0,654.0,960.0,956.0,174.0,1651.0,1691.0,527.0,1588.0,1060.0,82.0,533.0,1384.0,1441.0,1588.0,2200.0,1690.0,810.0,624.0,1698.0,1300.0,1294.0,1681.0,792.0,1009.0,745.0,591.0,1199.0,1296.0,730.0,459.0,1205.0,1690.0,1201.0,314.0,693.0,1378.0,,287.0,,,,,,,,,,,,,,,,,,,
Killeen - TX,96.0,0.0,0.0,200.0,18.0,0.0,262.0,0.0,266.0,0.0,28.0,0.0,14.0,9.0,0.0,286.0,0.0,50.0,0.0,160.0,122.0,238.0,0.0,120.0,840.0,223.0,48.0,0.0,566.0,523.0,111.0,0.0,216.0,437.0,0.0,0.0,0.0,108.0,0.0,300.0,0.0,,0.0,,,,,,,,,,,,,,,,,,,
Knoxville - TN,76.0,523.0,246.0,0.0,411.0,253.0,267.0,0.0,654.0,30.0,0.0,54.0,439.0,384.0,261.0,312.0,1137.0,277.0,192.0,0.0,65.0,5.0,338.0,347.0,1061.0,841.0,723.0,286.0,693.0,1103.0,490.0,45.0,389.0,118.0,978.0,85.0,928.0,98.0,268.0,0.0,288.0,,0.0,,,,,,,,,,,,,,,,,,,
Lafayette - LA,220.0,0.0,0.0,175.0,0.0,0.0,0.0,240.0,0.0,0.0,0.0,37.0,0.0,0.0,0.0,0.0,0.0,0.0,257.0,0.0,0.0,216.0,0.0,0.0,109.0,98.0,70.0,348.0,216.0,297.0,0.0,10.0,134.0,423.0,256.0,0.0,482.0,0.0,0.0,0.0,0.0,,0.0,,,,,,,,,,,,,,,,,,,
Lakeland - FL,0.0,1036.0,120.0,48.0,0.0,0.0,0.0,0.0,0.0,20.0,0.0,311.0,300.0,928.0,335.0,169.0,502.0,100.0,580.0,0.0,1111.0,127.0,1215.0,204.0,1092.0,1777.0,934.0,542.0,1855.0,906.0,588.0,240.0,385.0,648.0,597.0,288.0,288.0,640.0,600.0,200.0,82.0,,0.0,,,,,,,,,,,,,,,,,,,
Lancaster - PA,346.0,260.0,24.0,106.0,0.0,48.0,104.0,542.0,345.0,26.0,30.0,119.0,172.0,166.0,0.0,101.0,169.0,30.0,22.0,155.0,184.0,48.0,160.0,48.0,0.0,34.0,96.0,204.0,455.0,142.0,0.0,192.0,0.0,465.0,0.0,762.0,66.0,0.0,83.0,0.0,0.0,,0.0,,,,,,,,,,,,,,,,,,,
Lansing - MI,38.0,0.0,313.0,203.0,0.0,399.0,0.0,0.0,0.0,0.0,33.0,297.0,145.0,198.0,40.0,282.0,0.0,130.0,0.0,21.0,268.0,0.0,0.0,55.0,49.0,0.0,105.0,0.0,0.0,113.0,0.0,0.0,134.0,20.0,50.0,0.0,170.0,343.0,7.0,0.0,0.0,,0.0,,,,,,,,,,,,,,,,,,,
Las Vegas - NV,1530.0,1055.0,0.0,615.0,1709.0,470.0,898.0,210.0,665.0,716.0,775.0,627.0,894.0,1428.0,1437.0,135.0,812.0,814.0,123.0,1515.0,716.0,1031.0,1255.0,823.0,1921.0,1539.0,1284.0,889.0,1226.0,2621.0,641.0,333.0,1785.0,977.0,356.0,483.0,1587.0,1656.0,0.0,634.0,0.0,,0.0,,,,,,,,,,,,,,,,,,,
Lehigh Valley - PA,245.0,97.0,347.0,71.0,450.0,68.0,12.0,164.0,106.0,185.0,185.0,18.0,0.0,548.0,12.0,364.0,259.0,130.0,33.0,67.0,763.0,633.0,70.0,156.0,123.0,0.0,186.0,430.0,572.0,121.0,0.0,364.0,568.0,61.0,277.0,589.0,291.0,0.0,980.0,0.0,0.0,,0.0,,,,,,,,,,,,,,,,,,,
Lexington - KY,0.0,376.0,0.0,48.0,436.0,252.0,68.0,0.0,624.0,9.0,0.0,48.0,0.0,0.0,225.0,229.0,649.0,0.0,0.0,0.0,409.0,202.0,10.0,0.0,0.0,927.0,0.0,0.0,225.0,0.0,0.0,592.0,78.0,0.0,160.0,0.0,50.0,0.0,0.0,580.0,0.0,,0.0,,,,,,,,,,,,,,,,,,,
Little Rock - AR,0.0,958.0,372.0,16.0,502.0,344.0,72.0,274.0,21.0,18.0,1012.0,150.0,230.0,959.0,244.0,0.0,440.0,16.0,33.0,301.0,54.0,42.0,0.0,36.0,257.0,0.0,0.0,470.0,737.0,563.0,0.0,64.0,0.0,0.0,0.0,82.0,0.0,0.0,117.0,0.0,0.0,,200.0,,,,,,,,,,,,,,,,,,,
Long Island - NY,237.0,22.0,43.0,497.0,17.0,350.0,259.0,120.0,135.0,759.0,71.0,167.0,564.0,76.0,52.0,749.0,380.0,287.0,107.0,201.0,327.0,175.0,130.0,1011.0,212.0,841.0,212.0,236.0,203.0,97.0,12.0,506.0,228.0,483.0,0.0,115.0,720.0,9.0,46.0,308.0,349.0,,64.0,,,,,,,,,,,,,,,,,,,
Los Angeles - CA,3460.0,2224.0,4550.0,4529.0,3123.0,1849.0,1169.0,3482.0,2961.0,3175.0,1628.0,2683.0,2079.0,3297.0,3270.0,3118.0,3310.0,1896.0,3236.0,1022.0,4637.0,4198.0,1736.0,2375.0,2701.0,3590.0,2751.0,2167.0,3961.0,1533.0,2217.0,1972.0,3232.0,1271.0,1386.0,1044.0,1146.0,1781.0,2237.0,975.0,3747.0,,0.0,,,,,,,,,,,,,,,,,,,
Louisville - KY,1119.0,382.0,476.0,485.0,666.0,767.0,104.0,0.0,940.0,483.0,898.0,120.0,268.0,1229.0,480.0,988.0,108.0,460.0,589.0,749.0,644.0,684.0,185.0,490.0,1557.0,288.0,940.0,904.0,652.0,1291.0,1500.0,502.0,567.0,616.0,696.0,244.0,38.0,184.0,1116.0,718.0,174.0,,0.0,,,,,,,,,,,,,,,,,,,
Madison - WI,628.0,1344.0,1048.0,707.0,152.0,1883.0,208.0,434.0,873.0,270.0,291.0,1051.0,250.0,300.0,391.0,207.0,975.0,1180.0,657.0,428.0,716.0,839.0,596.0,598.0,2067.0,1087.0,890.0,262.0,1169.0,786.0,892.0,335.0,1265.0,0.0,832.0,388.0,599.0,2085.0,1502.0,821.0,192.0,,210.0,,,,,,,,,,,,,,,,,,,
Manchester - NH,12.0,0.0,105.0,0.0,285.0,0.0,0.0,0.0,600.0,288.0,0.0,0.0,226.0,0.0,0.0,0.0,46.0,0.0,0.0,28.0,24.0,314.0,522.0,35.0,140.0,259.0,577.0,80.0,266.0,0.0,0.0,84.0,177.0,160.0,73.0,0.0,0.0,165.0,40.0,0.0,0.0,,0.0,,,,,,,,,,,,,,,,,,,
McAllen - TX,382.0,150.0,347.0,213.0,88.0,324.0,76.0,422.0,132.0,12.0,30.0,40.0,262.0,87.0,44.0,154.0,0.0,6.0,172.0,244.0,244.0,312.0,22.0,269.0,378.0,147.0,38.0,128.0,677.0,497.0,168.0,21.0,56.0,84.0,136.0,128.0,183.0,0.0,125.0,0.0,0.0,,0.0,,,,,,,,,,,,,,,,,,,
Melbourne - FL,0.0,0.0,0.0,475.0,8.0,300.0,272.0,0.0,0.0,166.0,360.0,406.0,1524.0,288.0,100.0,406.0,853.0,0.0,421.0,6.0,607.0,494.0,0.0,881.0,386.0,184.0,858.0,0.0,1822.0,0.0,264.0,652.0,9.0,312.0,578.0,240.0,723.0,266.0,296.0,121.0,0.0,,0.0,,,,,,,,,,,,,,,,,,,
Memphis - TN,183.0,0.0,273.0,610.0,0.0,230.0,0.0,0.0,27.0,96.0,520.0,603.0,313.0,232.0,356.0,0.0,1047.0,174.0,174.0,24.0,45.0,450.0,461.0,433.0,0.0,0.0,366.0,593.0,72.0,256.0,746.0,1162.0,404.0,142.0,0.0,586.0,71.0,140.0,170.0,0.0,0.0,,0.0,,,,,,,,,,,,,,,,,,,
Miami - FL,1192.0,1527.0,1311.0,940.0,1701.0,563.0,2984.0,2187.0,2944.0,2313.0,1436.0,1402.0,1397.0,680.0,2080.0,2639.0,1718.0,777.0,1258.0,618.0,3034.0,2505.0,1406.0,2750.0,3161.0,3916.0,2083.0,2485.0,3212.0,2752.0,586.0,2030.0,436.0,1882.0,1226.0,1004.0,3103.0,1719.0,2056.0,1894.0,807.0,,0.0,,,,,,,,,,,,,,,,,,,
Milwaukee - WI,742.0,851.0,1396.0,613.0,505.0,317.0,1377.0,474.0,448.0,1043.0,675.0,454.0,155.0,632.0,87.0,403.0,545.0,254.0,809.0,626.0,454.0,1175.0,610.0,408.0,910.0,1750.0,112.0,603.0,1256.0,292.0,439.0,884.0,579.0,466.0,218.0,738.0,782.0,494.0,686.0,752.0,570.0,,0.0,,,,,,,,,,,,,,,,,,,
Minneapolis - MN,636.0,1366.0,2270.0,1464.0,521.0,535.0,1005.0,1820.0,2002.0,2282.0,1598.0,2380.0,1942.0,2973.0,2975.0,2886.0,2639.0,1772.0,3105.0,1971.0,2702.0,3475.0,1803.0,3401.0,2592.0,4053.0,3532.0,2825.0,2570.0,1845.0,1309.0,2113.0,715.0,471.0,1748.0,847.0,1004.0,972.0,1367.0,748.0,635.0,,0.0,,,,,,,,,,,,,,,,,,,
Mobile - AL,16.0,216.0,0.0,252.0,0.0,0.0,267.0,0.0,40.0,0.0,80.0,6.0,0.0,79.0,180.0,0.0,0.0,84.0,0.0,0.0,60.0,0.0,0.0,0.0,168.0,0.0,0.0,0.0,0.0,0.0,0.0,0.0,0.0,516.0,0.0,0.0,65.0,0.0,0.0,0.0,0.0,,0.0,,,,,,,,,,,,,,,,,,,
Modesto - CA,0.0,0.0,0.0,0.0,0.0,0.0,0.0,0.0,0.0,0.0,0.0,0.0,0.0,0.0,100.0,0.0,0.0,0.0,16.0,0.0,36.0,0.0,24.0,0.0,43.0,206.0,0.0,48.0,0.0,0.0,0.0,144.0,0.0,0.0,0.0,0.0,0.0,312.0,0.0,0.0,0.0,,0.0,,,,,,,,,,,,,,,,,,,
Montgomery - AL,0.0,0.0,0.0,0.0,0.0,23.0,0.0,0.0,0.0,0.0,0.0,0.0,101.0,0.0,0.0,0.0,0.0,0.0,0.0,0.0,0.0,0.0,18.0,0.0,0.0,0.0,0.0,34.0,0.0,0.0,0.0,0.0,0.0,0.0,0.0,0.0,264.0,0.0,0.0,0.0,192.0,,0.0,,,,,,,,,,,,,,,,,,,
Myrtle Beach - SC,0.0,0.0,305.0,0.0,0.0,190.0,374.0,0.0,0.0,299.0,636.0,200.0,351.0,252.0,345.0,294.0,556.0,42.0,0.0,236.0,834.0,711.0,652.0,695.0,290.0,254.0,881.0,71.0,209.0,1136.0,1276.0,41.0,333.0,180.0,372.0,30.0,201.0,0.0,0.0,0.0,0.0,,0.0,,,,,,,,,,,,,,,,,,,
Naples - FL,0.0,0.0,0.0,296.0,0.0,598.0,0.0,0.0,0.0,644.0,0.0,0.0,0.0,0.0,320.0,290.0,520.0,0.0,0.0,400.0,324.0,120.0,286.0,114.0,347.0,324.0,300.0,48.0,776.0,0.0,216.0,534.0,0.0,0.0,609.0,0.0,400.0,12.0,252.0,17.0,0.0,,0.0,,,,,,,,,,,,,,,,,,,
Nashville - TN,1457.0,1392.0,2141.0,721.0,1499.0,1333.0,1390.0,1844.0,719.0,2058.0,1329.0,1057.0,1644.0,1224.0,1047.0,2675.0,3916.0,2387.0,3068.0,1681.0,3427.0,3674.0,2249.0,3265.0,3754.0,3743.0,4241.0,2749.0,2955.0,1309.0,1571.0,586.0,2110.0,1832.0,1507.0,2385.0,1472.0,1465.0,1215.0,1329.0,0.0,,79.0,,,,,,,,,,,,,,,,,,,
New Haven - CT,29.0,6.0,393.0,0.0,185.0,101.0,12.0,16.0,16.0,151.0,697.0,53.0,273.0,0.0,372.0,298.0,18.0,343.0,0.0,462.0,241.0,188.0,87.0,86.0,101.0,722.0,382.0,776.0,262.0,29.0,683.0,85.0,226.0,124.0,272.0,96.0,236.0,338.0,78.0,12.0,80.0,,0.0,,,,,,,,,,,,,,,,,,,
New Orleans - LA,0.0,0.0,5.0,22.0,399.0,411.0,151.0,198.0,605.0,6.0,216.0,24.0,581.0,202.0,62.0,6.0,427.0,80.0,73.0,76.0,36.0,0.0,368.0,0.0,10.0,286.0,0.0,245.0,346.0,50.0,260.0,51.0,0.0,0.0,250.0,0.0,0.0,131.0,369.0,60.0,0.0,,0.0,,,,,,,,,,,,,,,,,,,
New York - NY,3994.0,3409.0,6972.0,3600.0,6179.0,4091.0,5781.0,3952.0,4118.0,4767.0,6084.0,4001.0,5029.0,8040.0,5201.0,6693.0,6173.0,2746.0,4514.0,5336.0,3387.0,6775.0,5055.0,5849.0,9329.0,11111.0,7356.0,5598.0,8397.0,8586.0,5983.0,6648.0,7453.0,4586.0,3105.0,5392.0,5329.0,4857.0,4793.0,4314.0,4158.0,,559.0,,,,,,,,,,,,,,,,,,,
Norfolk - VA,511.0,391.0,0.0,916.0,399.0,305.0,198.0,787.0,322.0,338.0,863.0,1077.0,473.0,351.0,670.0,389.0,1102.0,465.0,267.0,0.0,559.0,699.0,320.0,873.0,1089.0,374.0,280.0,317.0,983.0,176.0,196.0,426.0,359.0,180.0,132.0,0.0,315.0,341.0,257.0,0.0,194.0,,1000.0,,,,,,,,,,,,,,,,,,,
Northern New Jersey - NJ,348.0,1628.0,573.0,837.0,1126.0,436.0,947.0,833.0,136.0,1867.0,921.0,1142.0,388.0,1055.0,522.0,1239.0,571.0,112.0,310.0,966.0,2325.0,1272.0,1370.0,1432.0,994.0,3362.0,2143.0,2294.0,1932.0,758.0,932.0,926.0,932.0,2116.0,1337.0,336.0,512.0,755.0,648.0,693.0,146.0,,0.0,,,,,,,,,,,,,,,,,,,
Northwest Arkansas - AR,1595.0,522.0,24.0,993.0,46.0,32.0,279.0,474.0,1206.0,58.0,117.0,98.0,520.0,1156.0,776.0,1162.0,573.0,638.0,309.0,464.0,83.0,35.0,650.0,693.0,734.0,1065.0,255.0,278.0,665.0,201.0,1479.0,123.0,621.0,1426.0,441.0,78.0,521.0,629.0,234.0,346.0,548.0,,160.0,,,,,,,,,,,,,,,,,,,
Ocala - FL,0.0,0.0,0.0,0.0,0.0,0.0,304.0,0.0,0.0,0.0,0.0,0.0,0.0,0.0,0.0,0.0,0.0,6.0,0.0,0.0,0.0,360.0,0.0,684.0,612.0,422.0,0.0,246.0,883.0,102.0,0.0,612.0,0.0,0.0,886.0,0.0,0.0,226.0,0.0,0.0,0.0,,0.0,,,,,,,,,,,,,,,,,,,
Ogden - UT,372.0,0.0,352.0,0.0,281.0,40.0,295.0,41.0,122.0,331.0,352.0,36.0,323.0,22.0,809.0,416.0,412.0,718.0,1201.0,505.0,418.0,1119.0,357.0,786.0,366.0,390.0,310.0,380.0,62.0,0.0,502.0,64.0,1042.0,255.0,290.0,342.0,176.0,0.0,339.0,0.0,436.0,,0.0,,,,,,,,,,,,,,,,,,,
Oklahoma City - OK,666.0,32.0,270.0,19.0,394.0,345.0,302.0,42.0,563.0,0.0,215.0,527.0,65.0,31.0,497.0,400.0,76.0,0.0,277.0,273.0,113.0,611.0,101.0,569.0,711.0,1138.0,450.0,1104.0,580.0,291.0,0.0,116.0,644.0,345.0,209.0,454.0,750.0,222.0,18.0,0.0,10.0,,0.0,,,,,,,,,,,,,,,,,,,
Omaha - NE,791.0,132.0,564.0,428.0,30.0,1145.0,259.0,0.0,928.0,1442.0,458.0,554.0,957.0,167.0,377.0,306.0,62.0,385.0,593.0,585.0,974.0,926.0,616.0,779.0,785.0,698.0,338.0,1180.0,518.0,146.0,496.0,138.0,711.0,767.0,2185.0,816.0,566.0,926.0,1003.0,190.0,207.0,,0.0,,,,,,,,,,,,,,,,,,,
Orange County - CA,1161.0,277.0,1245.0,170.0,819.0,2097.0,1059.0,698.0,354.0,1781.0,0.0,318.0,508.0,453.0,357.0,1079.0,743.0,679.0,707.0,421.0,1551.0,365.0,1511.0,439.0,637.0,1100.0,0.0,577.0,605.0,0.0,406.0,655.0,1029.0,2047.0,117.0,0.0,359.0,610.0,357.0,67.0,447.0,,0.0,,,,,,,,,,,,,,,,,,,
Orlando - FL,2163.0,2804.0,2822.0,2481.0,2471.0,2031.0,1141.0,1975.0,1784.0,2196.0,1783.0,2128.0,1903.0,1937.0,1543.0,1805.0,4131.0,3335.0,598.0,4746.0,1333.0,1571.0,3449.0,3024.0,4247.0,4424.0,3939.0,4069.0,3916.0,3151.0,532.0,2559.0,2663.0,1896.0,2380.0,1784.0,2207.0,2685.0,519.0,916.0,1000.0,,0.0,,,,,,,,,,,,,,,,,,,
Palm Beach - FL,1062.0,674.0,1177.0,287.0,505.0,509.0,284.0,449.0,564.0,512.0,215.0,465.0,372.0,755.0,0.0,1262.0,1083.0,958.0,929.0,6.0,478.0,987.0,575.0,808.0,1584.0,581.0,909.0,360.0,1205.0,657.0,0.0,335.0,777.0,657.0,0.0,625.0,853.0,371.0,494.0,1599.0,336.0,,0.0,,,,,,,,,,,,,,,,,,,
Pensacola - FL,148.0,0.0,0.0,224.0,0.0,0.0,228.0,0.0,0.0,0.0,0.0,0.0,0.0,0.0,115.0,0.0,117.0,597.0,441.0,0.0,452.0,352.0,506.0,572.0,84.0,336.0,597.0,307.0,653.0,827.0,360.0,13.0,0.0,0.0,96.0,0.0,806.0,213.0,0.0,206.0,120.0,,0.0,,,,,,,,,,,,,,,,,,,
Philadelphia - PA,1737.0,1514.0,200.0,1118.0,1419.0,2117.0,2980.0,833.0,1317.0,2627.0,1320.0,3302.0,2332.0,1369.0,1441.0,2898.0,2313.0,1558.0,1189.0,1717.0,2946.0,3604.0,1645.0,3242.0,5366.0,2807.0,3029.0,4332.0,2722.0,2667.0,1721.0,765.0,1865.0,829.0,2136.0,547.0,1059.0,1726.0,1615.0,561.0,107.0,,0.0,,,,,,,,,,,,,,,,,,,
Phoenix - AZ,2656.0,1246.0,2917.0,1872.0,1866.0,3711.0,2503.0,3421.0,2215.0,1601.0,2443.0,1140.0,3184.0,3517.0,2196.0,2255.0,4831.0,4900.0,3517.0,2516.0,5309.0,4044.0,5307.0,4011.0,7877.0,4636.0,3971.0,6097.0,8263.0,5976.0,4784.0,4392.0,3394.0,6105.0,2484.0,3258.0,1718.0,3941.0,2074.0,2840.0,2132.0,,681.0,,,,,,,,,,,,,,,,,,,
Pittsburgh - PA,466.0,317.0,82.0,1395.0,175.0,237.0,364.0,150.0,1021.0,42.0,233.0,0.0,498.0,205.0,47.0,442.0,92.0,532.0,426.0,44.0,5.0,624.0,398.0,200.0,217.0,204.0,1053.0,575.0,233.0,307.0,358.0,70.0,135.0,1926.0,0.0,557.0,129.0,199.0,1052.0,162.0,0.0,,0.0,,,,,,,,,,,,,,,,,,,
Port St. Lucie - FL,0.0,0.0,0.0,0.0,0.0,0.0,182.0,0.0,304.0,127.0,200.0,10.0,600.0,0.0,0.0,373.0,14.0,0.0,0.0,531.0,686.0,474.0,586.0,0.0,481.0,421.0,1419.0,172.0,176.0,0.0,133.0,220.0,252.0,0.0,0.0,417.0,0.0,78.0,526.0,79.0,0.0,,0.0,,,,,,,,,,,,,,,,,,,
Portland - ME,61.0,184.0,215.0,118.0,53.0,11.0,36.0,12.0,16.0,369.0,62.0,0.0,143.0,0.0,267.0,547.0,45.0,0.0,64.0,24.0,40.0,186.0,253.0,280.0,633.0,453.0,109.0,8.0,180.0,52.0,0.0,120.0,342.0,118.0,120.0,0.0,43.0,0.0,90.0,84.0,0.0,,0.0,,,,,,,,,,,,,,,,,,,
Portland - OR,1273.0,1399.0,2258.0,1281.0,2820.0,1675.0,2258.0,1795.0,1565.0,2613.0,1381.0,875.0,1225.0,1226.0,2978.0,2104.0,2279.0,665.0,1131.0,723.0,1685.0,1129.0,1127.0,1553.0,3506.0,2401.0,479.0,2088.0,1485.0,1276.0,1971.0,1099.0,668.0,437.0,626.0,389.0,689.0,69.0,420.0,0.0,220.0,,0.0,,,,,,,,,,,,,,,,,,,
Poughkeepsie - NY,,,,,,,,,,,,,,,,,,,,,,,,,,,,,,,,,,,,,,,,,,,,,,,,,,,,,,,,,,,,,,
Providence - RI,770.0,9.0,241.0,377.0,0.0,433.0,76.0,6.0,339.0,312.0,157.0,157.0,264.0,431.0,83.0,119.0,279.0,0.0,166.0,368.0,379.0,23.0,62.0,353.0,470.0,337.0,50.0,177.0,71.0,0.0,245.0,165.0,575.0,332.0,0.0,0.0,446.0,425.0,308.0,366.0,275.0,,0.0,,,,,,,,,,,,,,,,,,,
Provo - UT,148.0,128.0,824.0,192.0,41.0,128.0,180.0,463.0,250.0,477.0,411.0,257.0,593.0,442.0,0.0,75.0,277.0,0.0,634.0,71.0,1088.0,472.0,1147.0,265.0,726.0,444.0,0.0,1461.0,435.0,0.0,453.0,14.0,451.0,0.0,219.0,137.0,149.0,165.0,304.0,0.0,0.0,,0.0,,,,,,,,,,,,,,,,,,,
Raleigh - NC,451.0,1228.0,823.0,1508.0,747.0,0.0,473.0,1459.0,816.0,1688.0,638.0,1233.0,2001.0,145.0,1625.0,1230.0,1923.0,1191.0,466.0,1326.0,936.0,811.0,1939.0,2673.0,2220.0,2491.0,2718.0,3383.0,1376.0,2470.0,917.0,2743.0,892.0,1195.0,907.0,1351.0,1067.0,793.0,2334.0,817.0,409.0,,0.0,,,,,,,,,,,,,,,,,,,
Reading - PA,16.0,0.0,99.0,0.0,0.0,0.0,0.0,0.0,0.0,82.0,0.0,210.0,0.0,0.0,0.0,0.0,0.0,0.0,0.0,20.0,0.0,0.0,0.0,0.0,284.0,0.0,0.0,0.0,55.0,0.0,0.0,210.0,89.0,216.0,0.0,0.0,177.0,0.0,0.0,0.0,0.0,,0.0,,,,,,,,,,,,,,,,,,,
Reno - NV,956.0,44.0,358.0,838.0,305.0,929.0,432.0,362.0,45.0,209.0,889.0,16.0,817.0,141.0,710.0,345.0,45.0,1263.0,579.0,0.0,394.0,218.0,710.0,66.0,667.0,790.0,337.0,356.0,500.0,0.0,105.0,590.0,115.0,315.0,60.0,0.0,0.0,0.0,44.0,0.0,0.0,,0.0,,,,,,,,,,,,,,,,,,,
Richmond - VA,127.0,361.0,1750.0,405.0,44.0,935.0,224.0,441.0,545.0,694.0,529.0,601.0,1235.0,1026.0,1375.0,804.0,688.0,188.0,691.0,682.0,641.0,1175.0,796.0,515.0,1122.0,1385.0,1388.0,683.0,337.0,1028.0,1982.0,1129.0,811.0,0.0,0.0,301.0,2534.0,590.0,634.0,232.0,901.0,,0.0,,,,,,,,,,,,,,,,,,,
Rochester - NY,194.0,54.0,244.0,201.0,0.0,27.0,106.0,306.0,111.0,648.0,290.0,242.0,100.0,56.0,73.0,217.0,278.0,339.0,178.0,141.0,393.0,202.0,288.0,410.0,167.0,0.0,568.0,26.0,29.0,94.0,320.0,0.0,258.0,0.0,212.0,0.0,0.0,150.0,0.0,57.0,20.0,,0.0,,,,,,,,,,,,,,,,,,,
Sacramento - CA,0.0,142.0,152.0,396.0,771.0,144.0,698.0,299.0,638.0,213.0,534.0,69.0,460.0,300.0,411.0,45.0,955.0,786.0,1173.0,345.0,509.0,1378.0,13.0,534.0,671.0,1225.0,399.0,581.0,540.0,235.0,445.0,866.0,967.0,226.0,18.0,354.0,671.0,180.0,0.0,0.0,0.0,,0.0,,,,,,,,,,,,,,,,,,,
Saint Louis - MO,712.0,705.0,705.0,58.0,522.0,563.0,1962.0,559.0,945.0,604.0,411.0,559.0,676.0,661.0,236.0,0.0,201.0,620.0,1065.0,1974.0,1685.0,410.0,441.0,1334.0,1479.0,1121.0,292.0,1210.0,555.0,631.0,5.0,463.0,421.0,422.0,786.0,403.0,975.0,228.0,533.0,609.0,437.0,,0.0,,,,,,,,,,,,,,,,,,,
Salem - OR,0.0,0.0,201.0,306.0,8.0,24.0,161.0,30.0,116.0,0.0,0.0,438.0,125.0,363.0,431.0,202.0,324.0,484.0,69.0,143.0,192.0,309.0,76.0,0.0,391.0,212.0,24.0,119.0,730.0,647.0,284.0,109.0,11.0,16.0,67.0,42.0,67.0,98.0,36.0,74.0,0.0,,0.0,,,,,,,,,,,,,,,,,,,
Salinas - CA,0.0,0.0,48.0,0.0,0.0,0.0,0.0,0.0,0.0,0.0,0.0,0.0,0.0,26.0,10.0,0.0,0.0,0.0,0.0,0.0,0.0,60.0,0.0,6.0,0.0,0.0,0.0,22.0,0.0,0.0,0.0,106.0,0.0,0.0,0.0,40.0,0.0,0.0,0.0,0.0,0.0,,0.0,,,,,,,,,,,,,,,,,,,
Salisbury - MD,0.0,0.0,0.0,75.0,0.0,0.0,0.0,0.0,288.0,0.0,0.0,0.0,0.0,0.0,0.0,0.0,0.0,0.0,0.0,0.0,0.0,0.0,196.0,0.0,256.0,0.0,194.0,0.0,72.0,0.0,0.0,0.0,0.0,0.0,0.0,0.0,203.0,0.0,0.0,0.0,0.0,,0.0,,,,,,,,,,,,,,,,,,,
Salt Lake City - UT,1037.0,674.0,413.0,1164.0,1180.0,1416.0,898.0,863.0,2273.0,1865.0,484.0,1021.0,689.0,864.0,331.0,1243.0,1742.0,1313.0,916.0,526.0,1950.0,924.0,2065.0,982.0,2219.0,1027.0,890.0,2272.0,1322.0,731.0,568.0,276.0,824.0,608.0,677.0,1150.0,944.0,73.0,224.0,496.0,60.0,,0.0,,,,,,,,,,,,,,,,,,,
San Antonio - TX,1915.0,1959.0,600.0,1590.0,1485.0,764.0,1636.0,1404.0,1139.0,1088.0,1056.0,1476.0,3582.0,1071.0,1854.0,1924.0,1528.0,1536.0,955.0,846.0,1429.0,2852.0,1961.0,1332.0,1812.0,2337.0,3679.0,4224.0,4196.0,1949.0,1410.0,1656.0,931.0,631.0,1435.0,1736.0,524.0,1531.0,407.0,1280.0,541.0,,0.0,,,,,,,,,,,,,,,,,,,
San Diego - CA,967.0,2310.0,873.0,793.0,812.0,969.0,806.0,1298.0,1171.0,973.0,778.0,1025.0,645.0,404.0,1460.0,1180.0,610.0,1086.0,1906.0,1232.0,2156.0,421.0,810.0,619.0,1627.0,1231.0,633.0,771.0,1447.0,1608.0,474.0,1634.0,3037.0,1078.0,1309.0,1368.0,1108.0,1060.0,777.0,1184.0,992.0,,0.0,,,,,,,,,,,,,,,,,,,
San Francisco - CA,153.0,422.0,47.0,218.0,946.0,271.0,1024.0,714.0,497.0,1646.0,524.0,545.0,1043.0,405.0,1340.0,635.0,306.0,151.0,58.0,635.0,283.0,536.0,0.0,447.0,780.0,1711.0,94.0,178.0,5.0,0.0,1441.0,445.0,148.0,36.0,8.0,28.0,0.0,18.0,1221.0,936.0,14.0,,0.0,,,,,,,,,,,,,,,,,,,
San Jose - CA,451.0,176.0,638.0,2656.0,141.0,775.0,1528.0,731.0,2046.0,1333.0,144.0,537.0,1165.0,1777.0,619.0,165.0,91.0,37.0,311.0,12.0,1153.0,9.0,384.0,56.0,0.0,2273.0,1056.0,1737.0,560.0,0.0,318.0,0.0,0.0,371.0,0.0,0.0,650.0,300.0,1332.0,568.0,1050.0,,0.0,,,,,,,,,,,,,,,,,,,
Santa Barbara - CA,0.0,83.0,0.0,158.0,0.0,0.0,93.0,216.0,0.0,5.0,0.0,31.0,12.0,0.0,8.0,516.0,47.0,6.0,0.0,27.0,0.0,0.0,0.0,30.0,168.0,0.0,0.0,11.0,8.0,24.0,48.0,78.0,41.0,0.0,0.0,42.0,36.0,340.0,104.0,0.0,0.0,,0.0,,,,,,,,,,,,,,,,,,,
Santa Rosa - CA,37.0,0.0,0.0,20.0,0.0,150.0,96.0,0.0,47.0,355.0,503.0,0.0,34.0,7.0,0.0,18.0,248.0,155.0,90.0,168.0,114.0,248.0,0.0,35.0,164.0,0.0,0.0,15.0,300.0,153.0,6.0,373.0,22.0,0.0,260.0,0.0,53.0,0.0,0.0,396.0,0.0,,0.0,,,,,,,,,,,,,,,,,,,
Sarasota - FL,200.0,188.0,824.0,591.0,6.0,97.0,300.0,329.0,623.0,747.0,638.0,917.0,505.0,776.0,287.0,544.0,890.0,1114.0,100.0,215.0,221.0,245.0,1067.0,341.0,1456.0,664.0,903.0,1502.0,1645.0,838.0,592.0,911.0,1635.0,1500.0,157.0,1111.0,860.0,735.0,1560.0,867.0,824.0,,0.0,,,,,,,,,,,,,,,,,,,
Savannah - GA,0.0,444.0,0.0,478.0,390.0,272.0,0.0,663.0,244.0,52.0,861.0,406.0,533.0,276.0,379.0,794.0,573.0,113.0,83.0,163.0,251.0,559.0,16.0,391.0,894.0,653.0,1202.0,1393.0,489.0,288.0,972.0,143.0,748.0,1078.0,441.0,559.0,836.0,556.0,995.0,534.0,0.0,,0.0,,,,,,,,,,,,,,,,,,,
Scranton - PA,0.0,0.0,0.0,0.0,0.0,0.0,26.0,0.0,0.0,0.0,120.0,38.0,87.0,0.0,49.0,31.0,33.0,0.0,0.0,0.0,42.0,60.0,0.0,18.0,0.0,8.0,12.0,33.0,60.0,0.0,14.0,0.0,0.0,0.0,76.0,0.0,0.0,0.0,0.0,0.0,0.0,,0.0,,,,,,,,,,,,,,,,,,,
Seattle - WA,1721.0,2082.0,4262.0,2682.0,2574.0,2567.0,3376.0,3719.0,3871.0,4326.0,1809.0,3886.0,2971.0,1937.0,1465.0,3166.0,2335.0,2863.0,2351.0,2606.0,2886.0,3626.0,1916.0,4236.0,3395.0,4016.0,5453.0,1858.0,2057.0,2429.0,1782.0,866.0,2285.0,837.0,1007.0,1103.0,1587.0,1110.0,3616.0,783.0,1462.0,,478.0,,,,,,,,,,,,,,,,,,,
Shreveport - LA,0.0,0.0,0.0,0.0,0.0,0.0,0.0,0.0,0.0,0.0,72.0,0.0,0.0,32.0,0.0,0.0,0.0,0.0,0.0,0.0,0.0,282.0,0.0,0.0,0.0,0.0,156.0,0.0,0.0,80.0,0.0,0.0,0.0,0.0,0.0,88.0,0.0,46.0,0.0,0.0,0.0,,0.0,,,,,,,,,,,,,,,,,,,
Spokane - WA,25.0,567.0,337.0,23.0,1165.0,172.0,186.0,40.0,449.0,364.0,46.0,6.0,84.0,318.0,530.0,554.0,258.0,150.0,32.0,313.0,522.0,391.0,81.0,144.0,678.0,359.0,356.0,346.0,455.0,908.0,120.0,269.0,92.0,170.0,780.0,240.0,0.0,0.0,80.0,0.0,0.0,,0.0,,,,,,,,,,,,,,,,,,,
Springfield - MA,18.0,0.0,0.0,0.0,0.0,0.0,0.0,0.0,0.0,0.0,0.0,0.0,0.0,0.0,0.0,0.0,60.0,0.0,0.0,0.0,0.0,0.0,0.0,79.0,0.0,0.0,0.0,0.0,0.0,0.0,0.0,48.0,0.0,6.0,0.0,0.0,0.0,0.0,124.0,0.0,0.0,,0.0,,,,,,,,,,,,,,,,,,,
Springfield - MO,197.0,106.0,81.0,0.0,15.0,100.0,160.0,66.0,0.0,30.0,152.0,24.0,262.0,0.0,39.0,72.0,484.0,112.0,0.0,372.0,0.0,120.0,99.0,111.0,139.0,448.0,0.0,150.0,504.0,70.0,0.0,145.0,35.0,314.0,84.0,213.0,30.0,193.0,240.0,0.0,0.0,,0.0,,,,,,,,,,,,,,,,,,,
Stamford - CT,529.0,537.0,902.0,431.0,20.0,71.0,1114.0,101.0,641.0,16.0,362.0,309.0,540.0,387.0,343.0,997.0,567.0,110.0,0.0,68.0,685.0,512.0,255.0,9.0,719.0,191.0,260.0,788.0,849.0,531.0,213.0,406.0,606.0,782.0,368.0,422.0,163.0,0.0,417.0,669.0,0.0,,0.0,,,,,,,,,,,,,,,,,,,
Stockton - CA,0.0,0.0,0.0,233.0,386.0,0.0,0.0,156.0,0.0,167.0,514.0,0.0,216.0,236.0,0.0,0.0,302.0,10.0,0.0,0.0,172.0,0.0,304.0,0.0,29.0,564.0,0.0,108.0,440.0,0.0,0.0,0.0,367.0,6.0,0.0,0.0,0.0,0.0,112.0,0.0,0.0,,0.0,,,,,,,,,,,,,,,,,,,
Syracuse - NY,628.0,71.0,0.0,93.0,6.0,246.0,0.0,0.0,0.0,0.0,60.0,0.0,99.0,0.0,108.0,155.0,0.0,124.0,110.0,22.0,19.0,53.0,192.0,14.0,115.0,248.0,98.0,0.0,319.0,0.0,165.0,19.0,0.0,0.0,0.0,287.0,0.0,152.0,415.0,36.0,0.0,,0.0,,,,,,,,,,,,,,,,,,,
Tallahassee - FL,10.0,340.0,0.0,6.0,514.0,506.0,90.0,0.0,0.0,244.0,0.0,161.0,5.0,40.0,0.0,0.0,324.0,272.0,0.0,0.0,0.0,46.0,0.0,31.0,353.0,310.0,297.0,254.0,182.0,0.0,0.0,313.0,0.0,0.0,0.0,265.0,228.0,244.0,0.0,206.0,0.0,,0.0,,,,,,,,,,,,,,,,,,,
Tampa - FL,1474.0,1247.0,576.0,2467.0,1669.0,1702.0,1787.0,1728.0,2004.0,1525.0,624.0,425.0,1524.0,1872.0,2184.0,1759.0,2357.0,476.0,1846.0,1025.0,4187.0,2071.0,1925.0,1766.0,2064.0,3297.0,3310.0,2095.0,2455.0,2294.0,1044.0,2883.0,2384.0,1688.0,2610.0,1160.0,4140.0,2203.0,2243.0,1469.0,1287.0,,400.0,,,,,,,,,,,,,,,,,,,
Toledo - OH,101.0,68.0,298.0,20.0,0.0,0.0,108.0,0.0,206.0,0.0,122.0,66.0,0.0,415.0,0.0,454.0,133.0,0.0,0.0,360.0,301.0,0.0,0.0,0.0,0.0,0.0,0.0,15.0,253.0,0.0,351.0,0.0,528.0,0.0,320.0,0.0,0.0,0.0,208.0,0.0,0.0,,0.0,,,,,,,,,,,,,,,,,,,
Trenton - NJ,138.0,0.0,0.0,0.0,66.0,232.0,45.0,530.0,14.0,0.0,19.0,0.0,35.0,495.0,842.0,0.0,64.0,0.0,0.0,109.0,0.0,0.0,6.0,0.0,0.0,535.0,349.0,221.0,0.0,470.0,125.0,72.0,806.0,160.0,120.0,0.0,0.0,45.0,6.0,30.0,0.0,,0.0,,,,,,,,,,,,,,,,,,,
Tucson - AZ,0.0,25.0,0.0,0.0,0.0,327.0,8.0,226.0,325.0,34.0,404.0,0.0,244.0,182.0,312.0,323.0,52.0,582.0,0.0,64.0,8.0,324.0,8.0,433.0,633.0,288.0,128.0,249.0,1003.0,288.0,370.0,35.0,305.0,208.0,0.0,59.0,864.0,16.0,0.0,312.0,54.0,,0.0,,,,,,,,,,,,,,,,,,,
Tulsa - OK,674.0,768.0,171.0,341.0,33.0,44.0,326.0,39.0,110.0,0.0,493.0,121.0,92.0,0.0,138.0,0.0,111.0,50.0,637.0,0.0,314.0,0.0,342.0,40.0,0.0,320.0,502.0,262.0,620.0,707.0,0.0,78.0,1224.0,899.0,214.0,72.0,283.0,6.0,0.0,0.0,0.0,,0.0,,,,,,,,,,,,,,,,,,,
Vallejo-Fairfield - CA,78.0,0.0,63.0,0.0,0.0,10.0,0.0,0.0,0.0,19.0,0.0,0.0,0.0,245.0,0.0,0.0,0.0,0.0,0.0,281.0,160.0,0.0,75.0,0.0,37.0,0.0,132.0,180.0,162.0,120.0,0.0,0.0,168.0,72.0,0.0,169.0,0.0,186.0,0.0,0.0,0.0,,0.0,,,,,,,,,,,,,,,,,,,
Ventura - CA,0.0,10.0,261.0,668.0,137.0,37.0,72.0,451.0,269.0,106.0,0.0,36.0,8.0,231.0,0.0,0.0,0.0,47.0,55.0,0.0,494.0,238.0,0.0,294.0,96.0,306.0,0.0,0.0,0.0,0.0,0.0,79.0,0.0,369.0,727.0,0.0,358.0,132.0,0.0,0.0,0.0,,0.0,,,,,,,,,,,,,,,,,,,
Visalia - CA,0.0,168.0,0.0,0.0,0.0,8.0,0.0,0.0,0.0,168.0,0.0,0.0,0.0,0.0,0.0,0.0,0.0,0.0,0.0,0.0,0.0,219.0,0.0,126.0,80.0,308.0,0.0,216.0,48.0,87.0,0.0,0.0,0.0,0.0,0.0,0.0,0.0,0.0,0.0,0.0,25.0,,0.0,,,,,,,,,,,,,,,,,,,
Washington - DC,2797.0,3795.0,3201.0,2664.0,2883.0,6216.0,3314.0,2990.0,4806.0,1889.0,4171.0,3800.0,2583.0,3816.0,2447.0,2258.0,6078.0,3326.0,2312.0,4282.0,3714.0,3533.0,1230.0,3526.0,5007.0,4160.0,5013.0,2869.0,3998.0,1565.0,1281.0,2582.0,3048.0,1686.0,1216.0,1433.0,2138.0,981.0,1519.0,2675.0,2901.0,,109.0,,,,,,,,,,,,,,,,,,,
Wichita - KS,13.0,176.0,228.0,467.0,0.0,454.0,296.0,334.0,348.0,0.0,0.0,0.0,0.0,0.0,8.0,204.0,0.0,0.0,0.0,0.0,351.0,106.0,40.0,36.0,382.0,76.0,507.0,18.0,36.0,150.0,27.0,0.0,0.0,270.0,200.0,170.0,0.0,139.0,36.0,0.0,36.0,,0.0,,,,,,,,,,,,,,,,,,,
Winston-Salem - NC,115.0,376.0,39.0,0.0,0.0,0.0,573.0,139.0,0.0,336.0,0.0,224.0,0.0,32.0,380.0,12.0,224.0,204.0,0.0,0.0,272.0,6.0,170.0,0.0,562.0,0.0,542.0,163.0,483.0,64.0,0.0,0.0,22.0,0.0,0.0,59.0,0.0,0.0,0.0,312.0,0.0,,0.0,,,,,,,,,,,,,,,,,,,
Worcester - MA,16.0,0.0,0.0,288.0,30.0,139.0,72.0,55.0,0.0,0.0,48.0,56.0,141.0,210.0,118.0,20.0,31.0,79.0,0.0,62.0,846.0,232.0,0.0,48.0,57.0,370.0,59.0,271.0,238.0,198.0,376.0,0.0,90.0,303.0,220.0,0.0,20.0,485.0,478.0,0.0,0.0,,0.0,,,,,,,,,,,,,,,,,,,
York - PA,28.0,0.0,0.0,0.0,0.0,35.0,0.0,14.0,155.0,30.0,84.0,378.0,0.0,0.0,18.0,0.0,248.0,32.0,0.0,19.0,0.0,0.0,16.0,0.0,615.0,0.0,148.0,0.0,122.0,534.0,43.0,0.0,41.0,450.0,240.0,64.0,0.0,963.0,0.0,328.0,0.0,,0.0,,,,,,,,,,,,,,,,,,,
Youngstown - OH,0.0,0.0,0.0,0.0,132.0,0.0,0.0,0.0,0.0,66.0,0.0,0.0,0.0,0.0,0.0,8.0,0.0,0.0,0.0,0.0,0.0,0.0,0.0,0.0,0.0,0.0,0.0,0.0,0.0,0.0,0.0,0.0,0.0,12.0,0.0,0.0,0.0,0.0,0.0,0.0,0.0,,0.0,,,,,,,,,,,,,,,,,,,
