Market,FinalRank_orig,FinalRank_may,RankChange,WeightedAverage_orig,WeightedAverage_may,WeightedAvgChange,Shocked,AskingRent_avgRankChange,EffectiveRent_avgRankChange,Employment_avgRankChange,Supply_avgRankChange,UPP_avgRankChange,Income_avgRankChange,Population_avgRankChange,SalePrice_avgRankChange,AskingRent_contribution,EffectiveRent_contribution,Employment_contribution,Supply_contribution,UPP_contribution,Income_contribution,Population_contribution,SalePrice_contribution,AskingRent_share_pct,EffectiveRent_share_pct,Employment_share_pct,Supply_share_pct,UPP_share_pct,Income_share_pct,Population_share_pct,SalePrice_share_pct
Honolulu - HI,133,19,-114,108.5,47.70000000000001,-60.79999999999999,True,-117.25,-115.5,-1.0,-11.2,-18.5,13.5,5.166666666666667,-53.625,-0.0,-23.1,-0.1,-0.0,-3.7,0.0,0.5166666666666667,-10.725000000000001,0.0,62.25016842578037,0.26948124859645184,0.0,9.970806198068718,-0.0,-1.3923197844150013,28.90186391196946
Tampa - FL,9,119,110,37.3,94.2,56.900000000000006,True,140.0,139.25,5.333333333333333,0.8,5.5,17.0,2.1666666666666665,87.0,0.0,27.85,0.5333333333333333,0.0,1.1,0.0,0.21666666666666667,17.400000000000002,0.0,59.129511677282366,1.1323425336164188,0.0,2.335456475583864,0.0,0.46001415428167014,36.94267515923567
East Bay - CA,118,17,-101,97.7,46.900000000000006,-50.8,True,-119.0,-119.25,7.0,-11.2,-4.0,-6.5,11.5,-58.125,-0.0,-23.85,0.7000000000000001,-0.0,-0.8,-0.0,1.1500000000000001,-11.625,0.0,69.28104575163398,-2.033405954974582,0.0,2.3238925199709515,0.0,-3.340595497458242,33.769063180827885
Miami - FL,127,27,-100,103.8,54.89999999999999,-48.900000000000006,True,-85.25,-84.0,3.8333333333333335,-13.2,0.0,-60.0,-2.5,-26.25,-0.0,-16.8,0.38333333333333336,-0.0,0.0,-0.0,-0.25,-5.25,0.0,76.65399239543727,-1.7490494296577948,0.0,-0.0,0.0,1.1406844106463876,23.954372623574145
Richmond - VA,123,30,-93,101.5,55.60000000000001,-45.89999999999999,True,-125.25,-123.0,-3.6666666666666665,13.0,20.0,-41.25,2.1666666666666665,-55.625,-0.0,-24.6,-0.3666666666666667,0.0,4.0,-0.0,0.21666666666666667,-11.125,0.0,77.1764705882353,1.150326797385621,-0.0,-12.549019607843137,0.0,-0.6797385620915033,34.90196078431372
Ogden - UT,35,120,85,60.400000000000006,94.6,34.19999999999999,True,45.0,47.25,-6.833333333333333,1.0,7.0,-18.5,5.833333333333333,63.0,0.0,9.450000000000001,-0.6833333333333333,0.0,1.4000000000000001,-0.0,0.5833333333333334,12.600000000000001,0.0,40.471092077087796,-2.9264810849393292,0.0,5.995717344753747,-0.0,2.4982155603140614,53.961456102783735
Colorado Springs - CO,37,121,84,61.1,95.20000000000002,34.100000000000016,True,32.0,29.0,2.5,4.6,6.5,11.25,7.666666666666667,84.875,0.0,5.800000000000001,0.25,0.0,1.3,0.0,0.7666666666666667,16.975,0.0,23.115244104948523,0.9963467286615741,0.0,5.181002989040186,0.0,3.0554633012288277,67.65194287612088
New Orleans - LA,146,65,-81,116.8,72.10000000000001,-44.69999999999999,True,-81.0,-75.5,-14.833333333333334,0.6,9.5,50.25,12.0,-22.625,-0.0,-15.100000000000001,-1.4833333333333334,0.0,1.9000000000000001,0.0,1.2000000000000002,-4.525,0.0,83.85006941230911,8.236927348449791,-0.0,-10.550670985654788,-0.0,-6.663581675150393,25.127255900046276
Visalia - CA,89,14,-75,80.9,42.400000000000006,-38.5,True,-10.25,-16.75,-0.8333333333333334,-56.4,-31.5,-38.0,7.0,-21.875,-0.0,-3.35,-0.08333333333333334,-0.0,-6.300000000000001,-0.0,0.7000000000000001,-4.375,0.0,24.98446239900559,0.6215040397762586,0.0,46.98570540708514,0.0,-5.220633934120571,32.62896208825357
Minneapolis - MN,67,139,72,70.5,107.1,36.599999999999994,True,76.75,79.75,2.0,-0.6,-5.0,40.0,-1.3333333333333333,28.125,0.0,15.950000000000001,0.2,-0.0,-1.0,0.0,-0.13333333333333333,5.625,0.0,77.27089220831651,0.9689140088817118,-0.0,-4.844570044408558,0.0,-0.6459426725878077,27.250706499798138
Kansas City - MO,132,62,-70,108.3,71.30000000000001,-36.999999999999986,True,-102.5,-107.25,0.0,-11.6,-8.5,25.5,-1.0,-39.5,-0.0,-21.450000000000003,0.0,-0.0,-1.7000000000000002,0.0,-0.1,-7.9,0.0,68.86035313001607,-0.0,0.0,5.457463884430177,-0.0,0.32102728731942215,25.36115569823435
San Diego - CA,15,81,66,42.10000000000001,76.10000000000001,34.0,True,56.75,54.75,5.166666666666667,12.6,16.0,-36.5,3.6666666666666665,34.125,0.0,10.950000000000001,0.5166666666666667,0.0,3.2,-0.0,0.3666666666666667,6.825,0.0,50.09531071292413,2.3637056805184904,0.0,14.639725505146778,-0.0,1.677468547464735,31.223789553945863
Cincinnati - OH,102,36,-66,86.10000000000002,59.80000000000001,-26.30000000000001,True,-28.5,-29.5,4.0,-17.2,-12.5,3.25,-3.5,-12.375,-0.0,-5.9,0.4,-0.0,-2.5,0.0,-0.35000000000000003,-2.475,0.0,54.503464203233264,-3.695150115473442,0.0,23.09468822170901,-0.0,3.233256351039261,22.86374133949192
Winston-Salem - NC,27,89,62,53.2,79.4,26.200000000000003,True,45.0,34.75,5.333333333333333,11.0,-4.0,9.5,-12.166666666666666,33.625,0.0,6.95,0.5333333333333333,0.0,-0.8,0.0,-1.2166666666666668,6.7250000000000005,0.0,57.00615174299385,4.3745727956254274,0.0,-6.561859193438141,0.0,-9.979494190020507,55.16062884483938
Tallahassee - FL,30,91,61,54.5,80.4,25.900000000000006,True,29.75,18.0,-9.5,53.4,28.5,-20.75,3.6666666666666665,19.5,0.0,3.6,-0.9500000000000001,0.0,5.7,-0.0,0.3666666666666667,3.9000000000000004,0.0,28.533685601056796,-7.5297225891677675,0.0,45.178335535006596,-0.0,2.9062087186261554,30.911492734478202
Memphis - TN,95,35,-60,83.4,59.8,-23.60000000000001,True,-87.75,-93.5,7.0,-5.0,-1.5,-23.5,-6.833333333333333,-3.125,-0.0,-18.7,0.7000000000000001,-0.0,-0.30000000000000004,-0.0,-0.6833333333333333,-0.625,0.0,95.36761580960476,-3.5699107522311944,0.0,1.5299617509562262,0.0,3.48491287717807,3.1874203144921376
Tucson - AZ,70,129,59,72.20000000000002,99.2,26.999999999999986,True,45.0,41.0,3.5,21.2,9.5,4.75,2.8333333333333335,46.125,0.0,8.200000000000001,0.35000000000000003,0.0,1.9000000000000001,0.0,0.2833333333333334,9.225,0.0,41.085594989561585,1.753653444676409,0.0,9.519832985386222,0.0,1.419624217118998,46.221294363256774
Sarasota - FL,31,90,59,57.5,79.50000000000001,22.000000000000014,True,26.25,23.0,6.5,5.0,2.5,29.5,-0.16666666666666666,45.625,0.0,4.6000000000000005,0.65,0.0,0.5,0.0,-0.016666666666666666,9.125,0.0,30.959057767807067,4.374649467190129,0.0,3.365114974761638,0.0,-0.11217049915872125,61.413348289399885
Brownsville-Harlingen - TX,58,115,57,66.6,92.3,25.700000000000003,True,84.25,60.25,0.5,37.4,12.5,8.5,-8.5,3.375,0.0,12.05,0.05,0.0,2.5,0.0,-0.8500000000000001,0.675,0.0,83.53552859618718,0.34662045060658575,0.0,17.33102253032929,0.0,-5.892547660311958,4.679376083188909
Springfield - MO,109,54,-55,89.00000000000001,68.9,-20.10000000000001,True,-38.25,-30.5,-4.666666666666667,6.6,-8.5,-10.75,-2.3333333333333335,-27.5,-0.0,-6.1000000000000005,-0.46666666666666673,0.0,-1.7000000000000002,-0.0,-0.23333333333333336,-5.5,0.0,43.57142857142858,3.333333333333334,-0.0,12.142857142857144,0.0,1.666666666666667,39.285714285714285
Philadelphia - PA,79,134,55,74.60000000000001,102.5,27.89999999999999,True,61.5,66.0,6.333333333333333,-11.8,0.0,-21.25,2.1666666666666665,12.125,0.0,13.200000000000001,0.6333333333333333,-0.0,0.0,-0.0,0.21666666666666667,2.4250000000000003,0.0,80.12139605462822,3.8442083965604446,-0.0,0.0,-0.0,1.3151239251390996,14.719271623672231
Myrtle Beach - SC,61,7,-54,67.5,35.7,-31.799999999999997,True,-42.0,-22.75,-4.666666666666667,-55.2,-70.0,61.75,-1.1666666666666667,17.625,-0.0,-4.55,-0.46666666666666673,-0.0,-14.0,0.0,-0.11666666666666668,3.5250000000000004,0.0,29.151094500800852,2.989855846235985,0.0,89.69567538707955,-0.0,0.7474639615589963,-22.584089695675388
Des Moines - IA,103,50,-53,86.60000000000001,66.1,-20.500000000000014,True,-29.0,-33.0,13.833333333333334,-9.6,-27.0,40.0,-2.1666666666666665,-13.5,-0.0,-6.6000000000000005,1.3833333333333335,-0.0,-5.4,0.0,-0.21666666666666667,-2.7,0.0,48.76847290640395,-10.221674876847292,0.0,39.90147783251231,-0.0,1.600985221674877,19.950738916256157
Raleigh - NC,3,53,50,24.2,68.10000000000001,43.900000000000006,True,80.0,77.25,2.6666666666666665,-4.2,-11.5,-21.25,-1.0,13.375,0.0,15.450000000000001,0.26666666666666666,-0.0,-2.3000000000000003,-0.0,-0.1,2.6750000000000003,0.0,96.6128191766545,1.6675351745700884,-0.0,-14.382490880667016,-0.0,-0.6253256904637832,16.7274622199062
Gulfport-Biloxi-Pascagoula - MS,57,105,48,66.1,86.7,20.60000000000001,True,23.75,8.0,7.833333333333333,11.4,16.5,88.75,-4.333333333333333,-13.875,0.0,1.6,0.7833333333333333,0.0,3.3000000000000003,0.0,-0.43333333333333335,-2.7750000000000004,0.0,64.64646464646466,31.649831649831654,0.0,133.33333333333337,0.0,-17.508417508417512,-112.12121212121215
Savannah - GA,49,97,48,64.7,83.80000000000001,19.10000000000001,True,16.0,18.75,4.0,6.6,6.5,4.0,-6.166666666666667,31.75,0.0,3.75,0.4,0.0,1.3,0.0,-0.6166666666666667,6.3500000000000005,0.0,33.53204172876304,3.5767511177347244,0.0,11.624441132637854,0.0,-5.514157973174367,56.78092399403876
Norfolk - VA,91,44,-47,81.0,64.2,-16.799999999999997,True,-15.5,-13.25,-2.0,2.4,2.5,72.0,3.1666666666666665,-44.5,-0.0,-2.6500000000000004,-0.2,0.0,0.5,0.0,0.31666666666666665,-8.9,0.0,24.23780487804878,1.8292682926829267,-0.0,-4.573170731707317,-0.0,-2.896341463414634,81.40243902439025
Vallejo-Fairfield - CA,71,25,-46,72.3,54.00000000000001,-18.29999999999999,True,-6.5,-16.0,0.3333333333333333,-30.6,-15.0,13.0,4.333333333333333,8.625,-0.0,-3.2,0.03333333333333333,-0.0,-3.0,0.0,0.43333333333333335,1.725,0.0,79.83367983367982,-0.8316008316008314,0.0,74.84407484407484,-0.0,-10.81081081081081,-43.03534303534303
Portland - ME,78,33,-45,74.2,58.3,-15.900000000000006,True,-0.5,5.25,-1.6666666666666667,-38.8,-45.5,12.25,-17.0,-15.375,-0.0,1.05,-0.16666666666666669,-0.0,-9.1,0.0,-1.7000000000000002,-3.075,0.0,-8.082103912764593,1.2828736369467608,0.0,70.04490057729313,-0.0,13.08531109685696,23.669018601667734
Louisville - KY,42,85,43,62.7,78.5,15.799999999999997,True,27.25,26.75,11.0,11.2,-0.5,57.5,-16.166666666666668,34.375,0.0,5.3500000000000005,1.1,0.0,-0.1,0.0,-1.616666666666667,6.875,0.0,46.087580760947596,9.475951184493898,0.0,-0.8614501076812634,0.0,-13.926776740847094,59.22469490308686
Chattanooga - TN,32,74,42,58.8,74.10000000000001,15.300000000000011,True,17.75,19.0,-14.5,15.8,13.5,21.75,-5.666666666666667,10.5,0.0,3.8000000000000003,-1.4500000000000002,0.0,2.7,0.0,-0.5666666666666668,2.1,0.0,57.72151898734177,-22.025316455696203,0.0,41.0126582278481,0.0,-8.60759493670886,31.89873417721519
Greensboro - NC,92,133,41,81.30000000000001,101.0,19.69999999999999,True,13.25,12.25,-0.3333333333333333,0.6,12.0,13.5,-10.0,19.75,0.0,2.45,-0.03333333333333333,0.0,2.4000000000000004,0.0,-1.0,3.95,0.0,31.5450643776824,-0.4291845493562231,0.0,30.90128755364807,0.0,-12.875536480686694,50.858369098712444
Spokane - WA,83,43,-40,76.70000000000002,63.900000000000006,-12.800000000000011,True,-3.75,-12.75,-6.0,-6.6,-2.0,52.75,5.833333333333333,-33.875,-0.0,-2.5500000000000003,-0.6000000000000001,-0.0,-0.4,0.0,0.5833333333333334,-6.775,0.0,26.17621899059025,6.159110350727118,0.0,4.1060735671514115,-0.0,-5.9880239520958085,69.54662104362703
Orlando - FL,53,13,-40,65.10000000000001,41.4,-23.70000000000001,True,7.5,17.75,4.5,-13.0,-21.5,-23.0,-1.1666666666666667,-20.0,0.0,3.5500000000000003,0.45,-0.0,-4.3,-0.0,-0.11666666666666668,-4.0,-0.0,-80.37735849056605,-10.188679245283021,0.0,97.35849056603774,0.0,2.641509433962265,90.56603773584906
Pensacola - FL,69,108,39,71.7,88.8,17.099999999999994,True,10.75,-0.5,-4.166666666666667,19.4,15.5,-17.0,3.5,0.5,0.0,-0.1,-0.41666666666666674,0.0,3.1,-0.0,0.35000000000000003,0.1,0.0,-3.296703296703297,-13.736263736263737,0.0,102.19780219780219,-0.0,11.538461538461538,3.296703296703297
Poughkeepsie - NY,55,16,-39,65.2,46.7,-18.5,True,-2.0,-2.5,,54.0,16.0,1.0,-29.833333333333332,-3.125,-0.0,-0.5,,0.0,3.2,0.0,-2.9833333333333334,-0.625,0.0,55.04587155963303,,-0.0,-352.2935779816514,-0.0,328.4403669724771,68.80733944954129
Fort Myers - FL,36,75,39,61.0,74.2,13.200000000000003,True,0.0,-7.5,3.5,-6.8,-3.5,-41.0,0.5,56.375,0.0,-1.5,0.35000000000000003,-0.0,-0.7000000000000001,-0.0,0.05,11.275,0.0,-15.831134564643797,3.6939313984168867,-0.0,-7.387862796833773,-0.0,0.5277044854881267,118.99736147757254
Augusta - GA,77,116,39,73.60000000000001,92.8,19.19999999999999,True,18.0,18.0,-8.833333333333334,26.6,21.5,39.5,-8.5,17.25,0.0,3.6,-0.8833333333333334,0.0,4.3,0.0,-0.8500000000000001,3.45,0.0,37.43500866551127,-9.185441941074524,0.0,44.71403812824956,0.0,-8.838821490467938,35.875216637781634
Sacramento - CA,43,5,-38,62.900000000000006,32.8,-30.10000000000001,True,-55.75,-54.5,4.833333333333333,-5.0,2.0,-15.5,5.666666666666667,-46.375,-0.0,-10.9,0.48333333333333334,-0.0,0.4,-0.0,0.5666666666666668,-9.275,0.0,58.2109479305741,-2.58121940364931,0.0,-2.1361815754339117,0.0,-3.026257231864709,49.532710280373834
Providence - RI,34,72,38,60.2,73.7,13.5,True,4.0,-1.0,14.666666666666666,4.0,8.0,-20.25,3.3333333333333335,5.625,0.0,-0.2,1.4666666666666668,0.0,1.6,-0.0,0.33333333333333337,1.125,0.0,-4.624277456647398,33.91136801541426,0.0,36.99421965317919,-0.0,7.707129094412332,26.011560693641616
Asheville - NC,76,114,38,73.6,92.1,18.5,True,5.5,-3.5,5.166666666666667,1.4,2.0,37.5,-2.8333333333333335,20.875,0.0,-0.7000000000000001,0.5166666666666667,0.0,0.4,0.0,-0.2833333333333334,4.175,0.0,-17.03853955375254,12.57606490872211,0.0,9.73630831643002,0.0,-6.896551724137932,101.62271805273832
Cleveland - OH,124,87,-37,101.6,79.0,-22.599999999999994,True,-30.0,-44.0,1.3333333333333333,-13.0,-4.0,28.25,-1.3333333333333333,-47.125,-0.0,-8.8,0.13333333333333333,-0.0,-0.8,0.0,-0.13333333333333333,-9.425,0.0,46.254927726675426,-0.7008322382829609,0.0,4.204993429697766,-0.0,0.7008322382829609,49.54007884362681
Wichita - KS,149,112,-37,125.2,91.20000000000002,-33.999999999999986,True,-30.75,-26.5,-17.333333333333332,-57.2,-42.0,-9.25,-6.5,-21.0,-0.0,-5.300000000000001,-1.7333333333333334,-0.0,-8.4,-0.0,-0.65,-4.2,0.0,26.129827444535746,8.545603944124897,0.0,41.41331142152835,0.0,3.2046014790468362,20.706655710764174
Tulsa - OK,125,88,-37,102.70000000000002,79.00000000000001,-23.700000000000003,True,-10.25,-20.0,-18.666666666666668,-33.0,-27.5,-72.5,2.8333333333333335,-8.25,-0.0,-4.0,-1.866666666666667,-0.0,-5.5,-0.0,0.2833333333333334,-1.6500000000000001,0.0,31.413612565445025,14.659685863874348,0.0,43.19371727748691,0.0,-2.2251308900523563,12.958115183246074
Columbia - SC,45,82,37,63.60000000000001,77.10000000000001,13.5,True,29.5,27.25,-6.166666666666667,4.8,0.0,12.25,-14.833333333333334,16.375,0.0,5.45,-0.6166666666666667,0.0,0.0,0.0,-1.4833333333333334,3.2750000000000004,0.0,82.26415094339622,-9.30817610062893,0.0,0.0,0.0,-22.389937106918236,49.43396226415094
Orange County - CA,75,38,-37,73.5,62.10000000000001,-11.399999999999991,True,16.5,25.5,-3.1666666666666665,-21.8,-12.5,-1.25,-0.16666666666666666,-10.25,0.0,5.1000000000000005,-0.31666666666666665,-0.0,-2.5,-0.0,-0.016666666666666666,-2.0500000000000003,0.0,2353.846153846143,-146.15384615384545,-0.0,-1153.8461538461486,-0.0,-7.692307692307657,-946.1538461538419
Anchorage - AK,104,68,-36,86.80000000000001,73.10000000000001,-13.700000000000003,True,-30.0,-46.5,1.3333333333333333,1.6,3.5,18.75,16.666666666666668,-38.375,-0.0,-9.3,0.13333333333333333,0.0,0.7000000000000001,0.0,1.666666666666667,-7.675000000000001,0.0,64.24870466321244,-0.9211283822682785,-0.0,-4.8359240069084635,-0.0,-11.514104778353484,53.02245250431778
Worcester - MA,44,79,35,63.3,75.39999999999999,12.099999999999994,True,-0.75,-7.25,4.0,22.6,11.5,25.0,-10.333333333333334,-14.125,-0.0,-1.4500000000000002,0.4,0.0,2.3000000000000003,0.0,-1.0333333333333334,-2.825,0.0,55.59105431309904,-15.335463258785943,-0.0,-88.17891373801918,-0.0,39.616613418530356,108.30670926517571
Ocala - FL,99,64,-35,84.30000000000001,71.80000000000001,-12.5,True,-38.0,-28.75,-20.833333333333332,-8.2,-1.5,-3.0,-0.5,25.5,-0.0,-5.75,-2.0833333333333335,-0.0,-0.30000000000000004,-0.0,-0.05,5.1000000000000005,0.0,186.4864864864865,67.56756756756758,0.0,9.729729729729732,0.0,1.6216216216216217,-165.40540540540545
Melbourne - FL,28,63,35,54.0,71.7,17.700000000000003,True,15.25,16.75,-8.166666666666666,-4.2,13.0,40.75,0.8333333333333334,42.375,0.0,3.35,-0.8166666666666667,-0.0,2.6,0.0,0.08333333333333334,8.475,0.0,24.467437614120513,-5.964698721850274,-0.0,18.98965307364577,0.0,0.6086427267194158,61.89896530736457
Columbus - OH,60,26,-34,67.00000000000001,54.8,-12.200000000000017,True,-14.75,-26.0,-1.8333333333333333,9.0,13.0,18.0,-3.8333333333333335,-3.375,-0.0,-5.2,-0.18333333333333335,0.0,2.6,0.0,-0.38333333333333336,-0.675,0.0,135.3579175704989,4.7722342733188725,-0.0,-67.67895878524945,-0.0,9.97830802603037,17.570498915401302
Stamford - CT,115,149,34,94.0,130.0,36.0,True,90.5,91.25,-10.833333333333334,0.6,-1.0,-10.25,-9.0,71.25,0.0,18.25,-1.0833333333333335,0.0,-0.2,-0.0,-0.9,14.25,0.0,60.19791094007696,-3.5733919736118747,0.0,-0.6597031335898845,-0.0,-2.9686641011544803,47.00384826827927
Harrisburg - PA,74,41,-33,72.69999999999999,63.50000000000001,-9.199999999999982,True,-17.5,-15.5,0.16666666666666666,-19.2,-20.5,69.75,4.0,-18.75,-0.0,-3.1,0.016666666666666666,-0.0,-4.1000000000000005,0.0,0.4,-3.75,0.0,29.43037974683544,-0.1582278481012658,0.0,38.92405063291139,-0.0,-3.797468354430379,35.601265822784804
Northwest Arkansas - AR,20,52,32,45.0,66.8,21.799999999999997,True,38.25,31.5,-3.8333333333333335,10.6,10.0,-34.75,3.0,16.375,0.0,6.300000000000001,-0.38333333333333336,0.0,2.0,-0.0,0.30000000000000004,3.2750000000000004,0.0,54.82233502538072,-3.335750543872371,0.0,17.40391588107324,-0.0,2.6105873821609866,28.498912255257437
Austin - TX,1,32,31,17.800000000000004,57.4,39.599999999999994,True,107.5,105.0,2.1666666666666665,2.4,-13.5,-3.0,0.16666666666666666,23.25,0.0,21.0,0.21666666666666667,0.0,-2.7,-0.0,0.016666666666666666,4.65,0.0,90.58231488138031,0.9345794392523366,0.0,-11.64629762760604,-0.0,0.07189072609633358,20.05751258087707
Montgomery - AL,80,111,31,75.0,91.0,16.0,True,18.75,33.0,-5.5,30.2,12.0,53.5,-0.16666666666666666,21.25,0.0,6.6000000000000005,-0.55,0.0,2.4000000000000004,0.0,-0.016666666666666666,4.25,0.0,52.03679369250986,-4.336399474375821,0.0,18.922470433639948,0.0,-0.1314060446780552,33.50854139290407
Youngstown - OH,138,107,-31,112.0,88.7,-23.299999999999997,True,-45.5,-50.25,-25.166666666666668,0.0,3.5,57.0,-2.0,-31.375,-0.0,-10.05,-2.516666666666667,0.0,0.7000000000000001,0.0,-0.2,-6.275,0.0,54.793275783734664,13.721035892776012,-0.0,-3.816447069513857,-0.0,1.0904134484325307,34.21172194457065
Fort Lauderdale - FL,46,76,30,64.0,74.9,10.900000000000006,True,83.5,86.0,10.666666666666666,-24.0,-13.0,-29.0,7.333333333333333,-2.75,0.0,17.2,1.0666666666666667,-0.0,-2.6,-0.0,0.7333333333333334,-0.55,0.0,108.51735015772871,6.72975814931651,-0.0,-16.403785488958995,-0.0,4.626708727655101,-3.4700315457413256
Lansing - MI,97,67,-30,83.5,72.6,-10.900000000000006,True,-34.75,-36.5,-7.666666666666667,9.8,15.5,61.0,-5.5,-22.0,-0.0,-7.300000000000001,-0.7666666666666667,0.0,3.1,0.0,-0.55,-4.4,0.0,73.61344537815125,7.73109243697479,-0.0,-31.260504201680668,-0.0,5.546218487394958,44.36974789915966
Denver - CO,88,59,-29,80.3,70.39999999999999,-9.900000000000006,True,13.75,17.25,1.8333333333333333,2.2,8.5,-4.5,6.0,-30.125,0.0,3.45,0.18333333333333335,0.0,1.7000000000000002,-0.0,0.6000000000000001,-6.025,-0.0,-3763.636363636359,-199.99999999999974,-0.0,-1854.5454545454522,0.0,-654.5454545454538,6572.727272727265
Atlanta - GA,86,58,-28,77.8,69.80000000000001,-7.999999999999986,True,-28.25,-33.0,0.6666666666666666,15.4,20.5,15.0,-1.8333333333333333,-21.375,-0.0,-6.6000000000000005,0.06666666666666667,0.0,4.1000000000000005,0.0,-0.18333333333333335,-4.275,0.0,95.76783555018137,-0.9673518742442563,-0.0,-59.492140266021764,-0.0,2.6602176541717046,62.031438935912945
Indianapolis - IN,33,6,-27,60.10000000000001,35.6,-24.500000000000007,True,-8.25,-19.5,2.8333333333333335,15.4,2.5,-69.0,-12.666666666666666,-15.5,-0.0,-3.9000000000000004,0.2833333333333334,0.0,0.5,-0.0,-1.2666666666666666,-3.1,0.0,52.11581291759465,-3.78619153674833,-0.0,-6.681514476614699,0.0,16.926503340757236,41.42538975501113
Jackson - MS,116,143,27,94.20000000000002,112.1,17.899999999999977,True,-8.0,-2.25,-1.1666666666666667,-2.2,29.5,-27.5,18.5,12.75,-0.0,-0.45,-0.11666666666666668,-0.0,5.9,-0.0,1.85,2.5500000000000003,-0.0,-4.623287671232877,-1.1986301369863015,-0.0,60.61643835616438,-0.0,19.006849315068493,26.1986301369863
Santa Barbara - CA,24,51,27,51.0,66.2,15.200000000000003,True,24.0,30.25,-1.0,7.6,11.0,-54.5,-2.1666666666666665,1.875,0.0,6.050000000000001,-0.1,0.0,2.2,-0.0,-0.21666666666666667,0.375,0.0,72.8184553660983,-1.2036108324974926,0.0,26.479438314944836,-0.0,-2.6078234704112337,4.513540621865596
Albany - NY,110,83,-27,89.1,78.2,-10.899999999999991,True,-15.25,-17.0,1.0,7.8,-8.5,18.25,3.1666666666666665,-40.625,-0.0,-3.4000000000000004,0.1,0.0,-1.7000000000000002,0.0,0.31666666666666665,-8.125,0.0,26.545217957059208,-0.7807417046193884,-0.0,13.272608978529604,-0.0,-2.47234873129473,63.43526350032531
Knoxville - TN,52,78,26,65.1,75.2,10.100000000000009,True,13.75,10.0,-10.5,4.6,12.0,1.75,-7.833333333333333,11.0,0.0,2.0,-1.05,0.0,2.4000000000000004,0.0,-0.7833333333333333,2.2,0.0,41.95804195804195,-22.027972027972027,0.0,50.34965034965035,0.0,-16.43356643356643,46.15384615384615
Fort Wayne - IN,126,101,-25,102.80000000000004,85.60000000000001,-17.20000000000003,True,-21.0,-34.5,-1.3333333333333333,-11.8,-10.0,36.25,-16.666666666666668,-4.0,-0.0,-6.9,-0.13333333333333333,-0.0,-2.0,0.0,-1.666666666666667,-0.8,0.0,60.0,1.1594202898550725,0.0,17.391304347826086,-0.0,14.49275362318841,6.956521739130435
Fayetteville - NC,72,97,25,72.30000000000001,83.80000000000001,11.5,True,8.5,-13.75,2.8333333333333335,3.8,-3.0,41.75,-5.0,30.125,0.0,-2.75,0.2833333333333334,0.0,-0.6000000000000001,0.0,-0.5,6.025,0.0,-111.86440677966098,11.525423728813559,0.0,-24.406779661016948,0.0,-20.338983050847453,245.08474576271183
Mobile - AL,82,106,24,76.20000000000002,88.50000000000001,12.299999999999997,True,29.5,20.75,-1.8333333333333333,5.6,8.0,78.25,-2.3333333333333335,23.625,0.0,4.15,-0.18333333333333335,0.0,1.6,0.0,-0.23333333333333336,4.7250000000000005,0.0,41.259320629660316,-1.822700911350456,0.0,15.907207953603978,0.0,-2.31980115990058,46.97597348798675
Naples - FL,23,46,23,50.3,64.4,14.100000000000009,True,-1.25,-1.5,2.6666666666666665,6.4,3.0,-109.25,1.1666666666666667,41.25,-0.0,-0.30000000000000004,0.26666666666666666,0.0,0.6000000000000001,-0.0,0.11666666666666668,8.25,-0.0,-3.358208955223881,2.9850746268656714,0.0,6.716417910447762,-0.0,1.3059701492537314,92.3507462686567
Huntsville - AL,68,91,23,70.7,80.4,9.700000000000003,True,5.0,4.25,1.1666666666666667,6.2,1.0,3.25,0.16666666666666666,18.25,0.0,0.8500000000000001,0.11666666666666668,0.0,0.2,0.0,0.016666666666666666,3.6500000000000004,0.0,17.586206896551722,2.413793103448276,0.0,4.137931034482759,0.0,0.3448275862068965,75.51724137931033
Palm Beach - FL,7,29,22,36.2,55.50000000000001,19.300000000000004,True,17.5,19.75,8.333333333333334,14.0,15.5,-70.25,5.666666666666667,2.0,0.0,3.95,0.8333333333333335,0.0,3.1,-0.0,0.5666666666666668,0.4,0.0,44.632768361581924,9.416195856873825,0.0,35.02824858757062,-0.0,6.403013182674202,4.519774011299436
Detroit - MI,93,71,-22,82.60000000000001,73.5,-9.100000000000009,True,-6.75,-13.25,16.666666666666668,-17.4,-16.5,26.25,-0.16666666666666666,-3.875,-0.0,-2.6500000000000004,1.666666666666667,-0.0,-3.3000000000000003,0.0,-0.016666666666666666,-0.775,0.0,52.21674876847291,-32.840722495894916,0.0,65.02463054187191,-0.0,0.3284072249589491,15.270935960591133
Houston - TX,46,24,-22,64.0,52.2,-11.799999999999997,True,5.75,9.5,-5.166666666666667,9.0,-10.0,-47.5,-3.0,-11.0,0.0,1.9000000000000001,-0.5166666666666667,0.0,-2.0,-0.0,-0.30000000000000004,-2.2,-0.0,-60.962566844919785,16.577540106951876,-0.0,64.1711229946524,0.0,9.625668449197862,70.58823529411765
Albuquerque - NM,114,136,22,92.5,104.0,11.5,True,29.75,29.75,3.5,-29.4,-15.0,-35.25,1.5,1.875,0.0,5.95,0.35000000000000003,-0.0,-3.0,-0.0,0.15000000000000002,0.375,0.0,155.55555555555557,9.150326797385624,-0.0,-78.43137254901961,-0.0,3.921568627450981,9.803921568627452
Lexington - KY,13,34,21,40.9,59.6,18.700000000000003,True,18.5,30.25,-10.833333333333334,23.2,0.0,32.75,-9.833333333333334,26.125,0.0,6.050000000000001,-1.0833333333333335,0.0,0.0,0.0,-0.9833333333333334,5.2250000000000005,0.0,65.70135746606334,-11.764705882352942,0.0,0.0,0.0,-10.678733031674208,56.7420814479638
Durham - NC,81,102,21,75.40000000000002,85.7,10.299999999999983,True,6.25,8.0,-0.6666666666666666,-2.4,2.0,8.5,-5.833333333333333,32.625,0.0,1.6,-0.06666666666666667,-0.0,0.4,0.0,-0.5833333333333334,6.525,0.0,20.317460317460316,-0.8465608465608464,-0.0,5.079365079365079,0.0,-7.4074074074074066,82.85714285714285
Killeen - TX,89,110,21,80.9,89.4,8.5,True,35.75,35.5,-1.3333333333333333,32.8,11.5,-4.0,-3.1666666666666665,21.5,0.0,7.1000000000000005,-0.13333333333333333,0.0,2.3000000000000003,-0.0,-0.31666666666666665,4.3,0.0,53.58490566037736,-1.0062893081761006,0.0,17.358490566037737,-0.0,-2.389937106918239,32.45283018867924
Boston - MA,136,118,-18,111.3,93.7,-17.599999999999994,True,-53.25,-64.75,14.333333333333334,3.6,5.0,-7.75,4.0,-13.0,-0.0,-12.950000000000001,1.4333333333333336,0.0,1.0,-0.0,0.4,-2.6,0.0,101.83486238532109,-11.271297509829619,-0.0,-7.863695937090432,0.0,-3.1454783748361725,20.445609436435124
Oklahoma City - OK,48,66,18,64.5,72.30000000000001,7.800000000000011,True,40.75,38.25,-7.333333333333333,-10.8,-7.5,-42.25,2.1666666666666665,22.375,0.0,7.65,-0.7333333333333334,-0.0,-1.5,-0.0,0.21666666666666667,4.4750000000000005,0.0,75.68013190436933,-7.254740313272877,-0.0,-14.83924154987634,-0.0,2.1434460016488046,44.27040395713108
Milwaukee - WI,143,125,-18,114.70000000000002,97.2,-17.500000000000014,True,-84.75,-85.5,1.8333333333333333,14.8,8.0,16.75,0.8333333333333334,-2.875,-0.0,-17.1,0.18333333333333335,0.0,1.6,0.0,0.08333333333333334,-0.5750000000000001,0.0,108.17079599367423,-1.1597258829731154,-0.0,-10.121244069583552,-0.0,-0.5271481286241434,3.63732208750659
Canton - OH,140,122,-18,112.9,95.3,-17.60000000000001,True,-33.75,-18.0,-3.5,1.4,-2.0,2.0,-2.0,-28.125,-0.0,-3.6,-0.35000000000000003,0.0,-0.4,0.0,-0.2,-5.625,0.0,35.38083538083538,3.43980343980344,-0.0,3.9312039312039313,-0.0,1.9656019656019657,55.28255528255528
Reading - PA,56,39,-17,65.9,62.50000000000001,-3.3999999999999986,True,-8.25,-8.0,-3.8333333333333335,18.2,9.5,67.75,2.5,-21.5,-0.0,-1.6,-0.38333333333333336,0.0,1.9000000000000001,0.0,0.25,-4.3,0.0,38.70967741935484,9.274193548387098,-0.0,-45.96774193548388,-0.0,-6.048387096774195,104.03225806451614
Salt Lake City - UT,111,94,-17,90.3,80.8,-9.5,True,15.0,16.5,-0.8333333333333334,-13.2,-13.0,-13.0,6.833333333333333,-17.25,0.0,3.3000000000000003,-0.08333333333333334,-0.0,-2.6,-0.0,0.6833333333333333,-3.45,-0.0,-153.48837209302323,3.875968992248062,0.0,120.93023255813952,0.0,-31.782945736434105,160.46511627906975
Chicago - IL,130,113,-17,106.0,91.6,-14.400000000000006,True,3.5,1.25,-7.0,-10.2,-9.0,14.25,-6.166666666666667,-31.625,0.0,0.25,-0.7000000000000001,-0.0,-1.8,0.0,-0.6166666666666667,-6.325,-0.0,-2.7198549410698094,7.615593834995468,0.0,19.58295557570263,-0.0,6.708975521305531,68.81233000906619
Toledo - OH,144,127,-17,115.1,97.8,-17.299999999999997,True,-46.0,-62.0,8.833333333333334,-15.2,3.0,35.5,-4.0,-19.0,-0.0,-12.4,0.8833333333333334,-0.0,0.6000000000000001,0.0,-0.4,-3.8000000000000003,0.0,82.02866593164278,-5.843439911797134,0.0,-3.9691289966923926,-0.0,2.6460859977949283,25.13781697905182
Provo - UT,39,56,17,61.70000000000001,69.2,7.499999999999993,True,74.5,73.75,3.0,-35.0,-55.0,-55.75,1.0,40.0,0.0,14.75,0.30000000000000004,-0.0,-11.0,-0.0,0.1,8.0,0.0,121.3991769547325,2.469135802469136,-0.0,-90.53497942386831,-0.0,0.823045267489712,65.84362139917695
Akron - OH,147,131,-16,118.0,100.6,-17.400000000000006,True,-35.75,-39.0,-3.8333333333333335,-2.8,-1.5,-42.25,-6.333333333333333,-1.875,-0.0,-7.800000000000001,-0.38333333333333336,-0.0,-0.30000000000000004,-0.0,-0.6333333333333333,-0.375,0.0,82.17734855136085,4.038630377524144,0.0,3.160667251975417,0.0,6.672519754170324,3.9508340649692713
Charlotte - NC,100,84,-16,84.5,78.4,-6.099999999999994,True,2.0,3.0,6.166666666666667,-1.6,-3.5,11.5,-2.6666666666666665,-11.25,0.0,0.6000000000000001,0.6166666666666667,-0.0,-0.7000000000000001,0.0,-0.26666666666666666,-2.25,-0.0,-30.000000000000004,-30.833333333333336,0.0,35.0,-0.0,13.333333333333334,112.5
Rochester - NY,107,91,-16,89.0,80.4,-8.599999999999994,True,-5.5,-15.25,0.0,-2.8,4.5,-54.0,2.3333333333333335,-25.375,-0.0,-3.0500000000000003,0.0,-0.0,0.9,-0.0,0.23333333333333336,-5.075,0.0,43.62336114421931,-0.0,0.0,-12.872467222884385,0.0,-3.3373063170441,72.58641239570917
Northern New Jersey - NJ,131,147,16,108.1,116.9,8.800000000000011,True,2.25,4.75,-10.333333333333334,2.4,9.0,17.5,8.666666666666666,-0.5,0.0,0.9500000000000001,-1.0333333333333334,0.0,1.8,0.0,0.8666666666666667,-0.1,0.0,38.25503355704698,-41.61073825503356,0.0,72.48322147651007,0.0,34.899328859060404,-4.026845637583893
Salem - OR,26,10,-16,52.2,40.2,-12.0,True,8.5,-2.25,-4.333333333333333,-3.0,-6.0,36.5,11.166666666666666,-2.75,0.0,-0.45,-0.43333333333333335,-0.0,-1.2000000000000002,0.0,1.1166666666666667,-0.55,-0.0,29.67032967032967,28.57142857142857,0.0,79.12087912087912,-0.0,-73.62637362637362,36.26373626373626
Grand Rapids - MI,85,70,-15,77.20000000000002,73.3,-3.90000000000002,True,-39.25,-45.0,14.666666666666666,-2.0,0.0,4.0,2.6666666666666665,-6.125,-0.0,-9.0,1.4666666666666668,-0.0,0.0,0.0,0.26666666666666666,-1.225,0.0,105.98626104023552,-17.271835132482828,0.0,-0.0,-0.0,-3.140333660451423,14.425907752698725
Birmingham - AL,112,126,14,90.5,97.70000000000002,7.200000000000017,True,-4.75,-6.5,0.0,-22.6,-6.5,2.25,3.0,-5.125,-0.0,-1.3,0.0,-0.0,-1.3,0.0,0.30000000000000004,-1.0250000000000001,0.0,39.097744360902254,-0.0,0.0,39.097744360902254,-0.0,-9.022556390977444,30.827067669172937
Lehigh Valley - PA,66,80,14,70.3,76.1,5.799999999999997,True,-9.0,-18.75,10.5,16.2,0.5,64.0,2.0,-23.875,-0.0,-3.75,1.05,0.0,0.1,0.0,0.2,-4.775,0.0,52.26480836236933,-14.634146341463413,-0.0,-1.3937282229965158,-0.0,-2.7874564459930316,66.55052264808361
Nashville - TN,113,99,-14,91.8,84.2,-7.599999999999994,True,16.0,11.5,5.166666666666667,-7.4,-16.5,-47.0,-2.5,16.0,0.0,2.3000000000000003,0.5166666666666667,-0.0,-3.3000000000000003,-0.0,-0.25,3.2,0.0,93.24324324324324,20.945945945945947,-0.0,-133.7837837837838,-0.0,-10.135135135135135,129.72972972972974
San Antonio - TX,4,18,14,28.000000000000004,47.10000000000001,19.100000000000005,True,68.25,70.5,1.1666666666666667,-1.2,-5.5,-41.25,-1.3333333333333333,7.25,0.0,14.100000000000001,0.11666666666666668,-0.0,-1.1,-0.0,-0.13333333333333333,1.4500000000000002,0.0,97.6905311778291,0.8083140877598153,-0.0,-7.621247113163972,-0.0,-0.9237875288683601,10.046189376443419
Fresno - CA,17,4,-13,43.0,32.6,-10.399999999999999,True,0.75,2.0,17.0,-3.8,1.5,-2.25,3.8333333333333335,-18.375,0.0,0.4,1.7000000000000002,-0.0,0.30000000000000004,-0.0,0.38333333333333336,-3.6750000000000003,-0.0,-44.85981308411213,-190.65420560747657,0.0,-33.6448598130841,0.0,-42.990654205607456,412.1495327102802
Jacksonville - FL,24,37,13,51.0,60.3,9.299999999999997,True,39.0,48.0,2.8333333333333335,-10.6,-21.5,42.75,2.3333333333333335,8.625,0.0,9.600000000000001,0.2833333333333334,-0.0,-4.3,0.0,0.23333333333333336,1.725,0.0,127.292817679558,3.7569060773480665,-0.0,-57.01657458563535,0.0,3.0939226519337013,22.87292817679558
Daytona Beach - FL,59,47,-12,67.0,64.7,-2.299999999999997,True,-19.0,-20.5,1.3333333333333333,-1.6,3.5,-1.0,0.6666666666666666,8.0,-0.0,-4.1000000000000005,0.13333333333333333,-0.0,0.7000000000000001,-0.0,0.06666666666666667,1.6,0.0,256.24999999999994,-8.33333333333333,0.0,-43.749999999999986,0.0,-4.166666666666665,-99.99999999999997
Charleston - SC,10,22,12,37.49999999999999,50.400000000000006,12.900000000000013,True,2.5,-6.5,-2.8333333333333335,26.2,14.5,-5.75,-5.333333333333333,34.5,0.0,-1.3,-0.2833333333333334,0.0,2.9000000000000004,-0.0,-0.5333333333333333,6.9,0.0,-16.919739696312362,-3.6876355748373104,0.0,37.744034707158356,-0.0,-6.941431670281996,89.80477223427332
Flint - MI,136,148,12,111.3,118.6,7.299999999999997,True,-31.5,-24.0,9.166666666666666,31.6,17.5,20.75,-0.3333333333333333,-4.5,-0.0,-4.800000000000001,0.9166666666666666,0.0,3.5,0.0,-0.03333333333333333,-0.9,0.0,364.55696202531624,-69.6202531645569,-0.0,-265.82278481012634,-0.0,2.531645569620251,68.35443037974677
Shreveport - LA,134,145,11,109.3,113.2,3.9000000000000057,True,11.25,8.75,-11.666666666666666,-7.2,-7.0,-54.25,-1.0,6.25,0.0,1.75,-1.1666666666666667,-0.0,-1.4000000000000001,-0.0,-0.1,1.25,0.0,525.0000000000005,-350.00000000000034,-0.0,-420.0000000000004,-0.0,-30.00000000000003,375.00000000000034
Baton Rouge - LA,117,128,11,94.5,98.7,4.200000000000003,True,6.5,10.0,7.166666666666667,-4.0,0.0,13.75,-0.3333333333333333,24.875,0.0,2.0,0.7166666666666668,-0.0,0.0,0.0,-0.03333333333333333,4.9750000000000005,0.0,26.115342763873773,9.357997823721437,-0.0,0.0,0.0,-0.43525571273122954,64.96191512513602
New Haven - CT,119,130,11,98.2,100.1,1.8999999999999915,True,-0.75,4.25,-23.333333333333332,-18.2,-11.0,-23.5,-7.0,-6.5,-0.0,0.8500000000000001,-2.3333333333333335,-0.0,-2.2,-0.0,-0.7000000000000001,-1.3,0.0,-14.95601173020528,41.05571847507331,0.0,38.70967741935484,0.0,12.316715542521994,22.87390029325513
Washington - DC,121,132,11,100.4,100.70000000000002,0.30000000000001137,True,-18.5,-19.0,3.0,10.8,31.0,-9.0,5.333333333333333,-29.5,-0.0,-3.8000000000000003,0.30000000000000004,0.0,6.2,-0.0,0.5333333333333333,-5.9,0.0,142.5,-11.25,-0.0,-232.49999999999997,0.0,-20.0,221.25
Buffalo - NY,106,117,11,88.0,93.0,5.0,True,-9.75,-2.25,14.666666666666666,-10.8,-10.5,-39.25,4.833333333333333,-10.625,-0.0,-0.45,1.4666666666666668,-0.0,-2.1,-0.0,0.48333333333333334,-2.125,0.0,16.51376146788991,-53.82262996941897,0.0,77.06422018348626,0.0,-17.73700305810398,77.9816513761468
Greenville - SC,21,31,10,47.1,56.00000000000001,8.900000000000006,True,9.75,1.5,7.5,-9.4,-11.0,6.5,-13.166666666666666,31.0,0.0,0.30000000000000004,0.75,-0.0,-2.2,0.0,-1.3166666666666667,6.2,0.0,8.035714285714286,20.089285714285715,-0.0,-58.92857142857143,0.0,-35.26785714285714,166.07142857142858
Little Rock - AR,63,73,10,69.0,74.0,5.0,True,7.0,0.0,-6.333333333333333,3.0,5.0,-8.5,-2.8333333333333335,22.25,0.0,0.0,-0.6333333333333333,0.0,1.0,-0.0,-0.2833333333333334,4.45,0.0,0.0,-13.970588235294118,0.0,22.058823529411764,-0.0,-6.250000000000002,98.16176470588236
Beaumont - TX,128,138,10,104.5,106.5,2.0,True,46.75,47.25,-13.666666666666666,-4.4,14.0,6.5,0.16666666666666666,0.625,0.0,9.450000000000001,-1.3666666666666667,-0.0,2.8000000000000003,0.0,0.016666666666666666,0.125,0.0,85.71428571428572,-12.396069538926682,-0.0,25.396825396825403,0.0,0.1511715797430083,1.1337868480725624
Springfield - MA,65,55,-10,70.1,69.10000000000001,-0.9999999999999858,True,-4.0,2.0,-11.166666666666666,11.8,-7.0,96.25,-0.8333333333333334,-26.625,-0.0,0.4,-1.1166666666666667,0.0,-1.4000000000000001,0.0,-0.08333333333333334,-5.325,0.0,-5.3156146179401995,14.839424141749724,-0.0,18.6046511627907,-0.0,1.1074197120708749,70.7641196013289
Seattle - WA,18,28,10,44.3,54.9,10.600000000000001,True,1.5,2.75,-3.8333333333333335,12.2,19.5,19.75,3.5,-5.75,0.0,0.55,-0.38333333333333336,0.0,3.9000000000000004,0.0,0.35000000000000003,-1.1500000000000001,0.0,16.83673469387755,-11.73469387755102,0.0,119.3877551020408,0.0,10.714285714285714,-35.204081632653065
Trenton - NJ,87,77,-10,78.9,75.0,-3.9000000000000057,True,0.5,2.75,-4.333333333333333,-45.4,-13.5,14.75,-3.1666666666666665,10.875,0.0,0.55,-0.43333333333333335,-0.0,-2.7,0.0,-0.31666666666666665,2.1750000000000003,-0.0,-75.86206896551727,59.77011494252875,0.0,372.41379310344837,-0.0,43.67816091954024,-300.0000000000001
Baltimore - MD,105,96,-9,87.6,82.2,-5.3999999999999915,True,11.0,8.75,3.3333333333333335,0.2,3.5,-8.0,5.0,-26.125,0.0,1.75,0.33333333333333337,0.0,0.7000000000000001,-0.0,0.5,-5.2250000000000005,-0.0,-90.12875536480685,-17.167381974248926,-0.0,-36.05150214592275,0.0,-25.75107296137339,269.09871244635195
Syracuse - NY,128,137,9,104.5,105.20000000000002,0.700000000000017,True,-13.5,-22.5,0.3333333333333333,33.8,27.0,-59.0,0.5,12.875,-0.0,-4.5,0.03333333333333333,0.0,5.4,-0.0,0.05,2.575,-0.0,-126.46370023419202,0.936768149882904,0.0,151.75644028103045,-0.0,1.405152224824356,72.36533957845434
Madison - WI,95,104,9,83.4,86.50000000000001,3.1000000000000085,True,-14.0,-15.25,-0.8333333333333334,17.4,12.5,11.25,5.0,6.625,-0.0,-3.0500000000000003,-0.08333333333333334,0.0,2.5,0.0,0.5,1.3250000000000002,-0.0,-255.944055944056,-6.993006993006995,0.0,209.79020979020984,0.0,41.95804195804197,111.18881118881123
Las Vegas - NV,11,2,-9,39.0,22.4,-16.6,True,-32.0,-30.0,5.166666666666667,-2.4,-1.5,-27.25,0.16666666666666666,-12.875,-0.0,-6.0,0.5166666666666667,-0.0,-0.30000000000000004,-0.0,0.016666666666666666,-2.575,0.0,71.92807192807193,-6.193806193806195,0.0,3.5964035964035967,0.0,-0.1998001998001998,30.869130869130874
Lafayette - LA,134,142,8,109.3,111.70000000000002,2.40000000000002,True,40.25,49.75,-37.5,11.8,1.5,-34.0,-39.5,1.375,0.0,9.950000000000001,-3.75,0.0,0.30000000000000004,-0.0,-3.95,0.275,0.0,352.2123893805309,-132.74336283185835,0.0,10.61946902654867,-0.0,-139.82300884955748,9.73451327433628
Lancaster - PA,53,61,8,65.10000000000001,71.0,5.8999999999999915,True,1.25,1.75,2.1666666666666665,-34.2,-17.0,-40.0,6.833333333333333,8.25,0.0,0.35000000000000003,0.21666666666666667,-0.0,-3.4000000000000004,-0.0,0.6833333333333333,1.6500000000000001,-0.0,-69.99999999999997,-43.33333333333332,0.0,679.9999999999998,0.0,-136.6666666666666,-329.9999999999999
Salisbury - MD,40,48,8,61.900000000000006,65.1,3.1999999999999886,True,-2.5,-18.25,26.333333333333332,-22.0,-53.5,-38.5,49.0,-9.0,-0.0,-3.6500000000000004,2.6333333333333333,-0.0,-10.700000000000001,-0.0,4.9,-1.8,0.0,42.359767891682786,-30.56092843326886,0.0,124.1779497098646,0.0,-56.86653771760155,20.889748549323016
San Francisco - CA,50,42,-8,65.0,63.8,-1.2000000000000028,True,-33.25,-33.5,6.0,15.2,21.5,-1.5,20.833333333333332,-27.25,-0.0,-6.7,0.6000000000000001,0.0,4.3,-0.0,2.0833333333333335,-5.45,0.0,129.67741935483872,-11.612903225806456,-0.0,-83.22580645161291,0.0,-40.322580645161295,105.48387096774195
Ventura - CA,64,57,-7,69.4,69.7,0.29999999999999716,False,5.25,-3.0,-3.8333333333333335,-2.0,5.0,-1.25,0.3333333333333333,3.375,0.0,-0.6000000000000001,-0.38333333333333336,-0.0,1.0,-0.0,0.03333333333333333,0.675,0.0,-82.75862068965517,-52.87356321839081,-0.0,137.9310344827586,-0.0,4.597701149425286,93.10344827586206
Hartford - CT,142,135,-7,114.6,102.8,-11.799999999999997,False,-48.75,-44.0,-13.333333333333334,11.4,4.5,-52.0,-9.666666666666666,-16.0,-0.0,-8.8,-1.3333333333333335,0.0,0.9,-0.0,-0.9666666666666667,-3.2,0.0,65.67164179104476,9.950248756218905,-0.0,-6.71641791044776,0.0,7.213930348258706,23.88059701492537
Lakeland - FL,38,45,7,61.400000000000006,64.30000000000001,2.9000000000000057,False,6.5,7.0,-1.5,-12.2,-15.0,-5.0,0.3333333333333333,14.375,0.0,1.4000000000000001,-0.15000000000000002,-0.0,-3.0,-0.0,0.03333333333333333,2.875,0.0,120.86330935251802,-12.949640287769787,-0.0,-258.9928057553957,-0.0,2.877697841726619,248.20143884892087
Bakersfield - CA,29,23,-6,54.3,51.2,-3.0999999999999943,False,8.25,12.75,-7.166666666666667,44.6,31.0,-52.25,3.1666666666666665,-0.125,0.0,2.5500000000000003,-0.7166666666666668,0.0,6.2,-0.0,0.31666666666666665,-0.025,0.0,30.630630630630627,-8.608608608608609,0.0,74.47447447447448,-0.0,3.8038038038038033,-0.3003003003003003
Boise - ID,16,21,5,42.2,49.3,7.099999999999994,False,4.0,12.75,4.666666666666667,11.4,8.0,-23.25,4.333333333333333,12.625,0.0,2.5500000000000003,0.46666666666666673,0.0,1.6,-0.0,0.43333333333333335,2.5250000000000004,0.0,33.66336633663366,6.16061606160616,0.0,21.12211221122112,-0.0,5.72057205720572,33.33333333333333
Los Angeles - CA,139,144,5,112.7,112.5,-0.20000000000000284,False,-8.5,-2.5,2.1666666666666665,5.4,12.0,-3.0,2.5,2.625,-0.0,-0.5,0.21666666666666667,0.0,2.4000000000000004,-0.0,0.25,0.525,-0.0,-17.291066282420747,7.492795389048991,0.0,82.9971181556196,-0.0,8.645533141210374,18.155619596541786
Corpus Christi - TX,145,140,-5,115.4,107.6,-7.800000000000011,False,26.25,25.75,-15.333333333333334,-28.2,-20.5,10.0,-0.3333333333333333,15.75,0.0,5.15,-1.5333333333333334,-0.0,-4.1000000000000005,0.0,-0.03333333333333333,3.1500000000000004,0.0,195.56962025316454,-58.22784810126582,-0.0,-155.69620253164555,0.0,-1.2658227848101264,119.62025316455696
Santa Rosa - CA,98,103,5,84.0,86.2,2.200000000000003,False,9.25,9.25,12.0,-3.8,-3.0,-1.75,0.8333333333333334,10.25,0.0,1.85,1.2000000000000002,-0.0,-0.6000000000000001,-0.0,0.08333333333333334,2.0500000000000003,0.0,40.36363636363636,26.181818181818183,-0.0,-13.090909090909092,-0.0,1.8181818181818181,44.72727272727273
Salinas - CA,19,15,-4,44.6,44.9,0.29999999999999716,False,6.0,9.75,9.166666666666666,-1.2,-2.0,2.75,3.6666666666666665,-0.5,0.0,1.9500000000000002,0.9166666666666666,-0.0,-0.4,0.0,0.3666666666666667,-0.1,0.0,71.34146341463415,33.536585365853654,-0.0,-14.634146341463413,0.0,13.414634146341465,-3.6585365853658534
Dallas-Fort Worth - TX,14,10,-4,41.3,40.2,-1.0999999999999943,False,31.25,27.5,-1.8333333333333333,3.8,-2.0,-53.25,-2.0,-7.25,0.0,5.5,-0.18333333333333335,0.0,-0.4,-0.0,-0.2,-1.4500000000000002,0.0,168.36734693877554,-5.612244897959185,0.0,-12.244897959183676,-0.0,-6.122448979591838,-44.38775510204083
El Paso - TX,73,69,-4,72.4,73.10000000000002,0.700000000000017,False,52.5,49.75,-8.333333333333334,-24.6,-9.0,15.0,-0.8333333333333334,3.625,0.0,9.950000000000001,-0.8333333333333335,-0.0,-1.8,0.0,-0.08333333333333334,0.7250000000000001,0.0,125.0261780104712,-10.471204188481677,-0.0,-22.617801047120416,0.0,-1.0471204188481675,9.109947643979059
Stockton - CA,6,3,-3,34.8,28.4,-6.399999999999999,False,16.25,12.25,-5.833333333333333,-14.0,-0.5,-64.75,5.0,-2.125,0.0,2.45,-0.5833333333333334,-0.0,-0.1,-0.0,0.5,-0.42500000000000004,0.0,133.0316742081448,-31.674208144796385,-0.0,-5.429864253393666,-0.0,27.14932126696833,-23.07692307692308
New York - NY,120,123,3,100.3,96.1,-4.200000000000003,False,-44.5,-41.25,-16.833333333333332,17.0,24.5,-53.5,11.833333333333334,-29.75,-0.0,-8.25,-1.6833333333333333,0.0,4.9,-0.0,1.1833333333333333,-5.95,0.0,84.18367346938776,17.17687074829932,-0.0,-50.0,0.0,-12.074829931972788,60.71428571428571
Reno - NV,5,8,3,33.2,37.50000000000001,4.300000000000004,False,1.5,5.25,27.833333333333332,-32.8,-2.5,-66.0,9.666666666666666,-4.875,0.0,1.05,2.783333333333333,-0.0,-0.5,-0.0,0.9666666666666667,-0.9750000000000001,0.0,31.578947368421055,83.7092731829574,-0.0,-15.037593984962408,-0.0,29.072681704260656,-29.323308270676694
Scranton - PA,107,109,2,89.0,89.1,0.09999999999999432,False,-5.5,-8.5,1.5,2.0,2.0,104.75,1.1666666666666667,11.75,-0.0,-1.7000000000000002,0.15000000000000002,0.0,0.4,0.0,0.11666666666666668,2.35,-0.0,-129.11392405063296,11.392405063291143,0.0,30.379746835443044,0.0,8.860759493670889,178.48101265822788
Omaha - NE,122,124,2,100.8,96.8,-4.0,False,-18.75,-31.0,-5.0,8.2,19.0,9.5,-2.1666666666666665,-15.0,-0.0,-6.2,-0.5,0.0,3.8000000000000003,0.0,-0.21666666666666667,-3.0,0.0,101.36239782016348,8.174386920980927,-0.0,-62.125340599455036,-0.0,3.5422343324250676,49.04632152588555
Portland - OR,84,86,2,77.10000000000001,78.7,1.5999999999999943,False,9.0,9.5,5.666666666666667,-0.2,8.0,25.75,9.333333333333334,-19.75,0.0,1.9000000000000001,0.5666666666666668,-0.0,1.6,0.0,0.9333333333333335,-3.95,0.0,180.9523809523809,53.96825396825397,-0.0,152.38095238095235,0.0,88.88888888888887,-376.1904761904761
Saint Louis - MO,148,146,-2,122.8,113.5,-9.299999999999997,False,-60.5,-57.25,5.333333333333333,8.6,11.5,-12.75,-5.333333333333333,-23.875,-0.0,-11.450000000000001,0.5333333333333333,0.0,2.3000000000000003,-0.0,-0.5333333333333333,-4.775,0.0,82.2262118491921,-3.8300418910831837,-0.0,-16.517055655296232,0.0,3.8300418910831837,34.290843806104135
Long Island - NY,94,95,1,82.80000000000001,81.30000000000001,-1.5,False,19.75,24.25,14.666666666666666,-18.2,-5.0,-11.75,2.1666666666666665,-51.25,0.0,4.8500000000000005,1.4666666666666668,-0.0,-1.0,-0.0,0.21666666666666667,-10.25,-0.0,-102.82685512367493,-31.09540636042404,0.0,21.201413427561842,0.0,-4.593639575971732,217.31448763250887
Inland Empire - CA,2,1,-1,19.300000000000004,20.200000000000003,0.8999999999999986,False,0.75,-1.0,5.833333333333333,-4.2,2.0,-25.5,4.5,5.75,0.0,-0.2,0.5833333333333334,-0.0,0.4,-0.0,0.45,1.1500000000000001,0.0,-8.391608391608392,24.475524475524477,-0.0,16.783216783216783,-0.0,18.881118881118883,48.25174825174825
Manchester - NH,41,40,-1,62.1,62.6,0.5,False,-9.5,-9.75,8.0,-34.8,-26.0,-4.75,0.3333333333333333,0.5,-0.0,-1.9500000000000002,0.8,-0.0,-5.2,-0.0,0.03333333333333333,0.1,0.0,31.367292225201076,-12.868632707774799,0.0,83.6461126005362,0.0,-0.5361930294906166,-1.6085790884718498
San Jose - CA,50,49,-1,65.0,65.5,0.5,False,-58.0,-57.0,5.0,28.8,29.5,1.0,9.5,2.25,-0.0,-11.4,0.5,0.0,5.9,0.0,0.9500000000000001,0.45,0.0,316.6666666666667,-13.88888888888889,-0.0,-163.8888888888889,-0.0,-26.388888888888896,-12.500000000000004
Modesto - CA,21,20,-1,47.1,49.00000000000001,1.9000000000000057,False,3.5,8.5,0.0,16.2,17.5,-2.75,6.333333333333333,-21.375,0.0,1.7000000000000002,0.0,0.0,3.5,-0.0,0.6333333333333333,-4.275,0.0,109.09090909090912,0.0,0.0,224.59893048128345,-0.0,40.64171122994652,-274.33155080213913
McAllen - TX,61,60,-1,67.5,70.4,2.9000000000000057,False,63.25,58.25,-4.166666666666667,9.2,-6.5,-31.5,-4.833333333333333,2.375,0.0,11.65,-0.41666666666666674,0.0,-1.3,-0.0,-0.48333333333333334,0.47500000000000003,0.0,117.38035264483626,-4.198152812762386,0.0,-13.09823677581864,-0.0,-4.8698572628043655,4.785894206549118
Phoenix - AZ,8,9,1,36.3,37.6,1.3000000000000043,False,-49.0,-55.5,0.5,10.0,24.0,18.75,0.8333333333333334,-25.25,-0.0,-11.100000000000001,0.05,0.0,4.800000000000001,0.0,0.08333333333333334,-5.050000000000001,0.0,98.9598811292719,-0.44576523031203563,-0.0,-42.79346210995542,-0.0,-0.7429420505200593,45.022288261515605
York - PA,101,100,-1,85.8,84.5,-1.2999999999999972,False,-29.75,-18.5,-0.16666666666666666,27.4,13.0,50.75,0.8333333333333334,-33.25,-0.0,-3.7,-0.016666666666666666,0.0,2.6,0.0,0.08333333333333334,-6.65,0.0,48.15618221258134,0.21691973969631237,-0.0,-33.839479392624725,-0.0,-1.084598698481562,86.55097613882864
Dayton - OH,141,141,0,113.70000000000002,110.1,-3.6000000000000227,False,-28.5,-29.5,-1.6666666666666667,27.6,10.5,4.5,-3.8333333333333335,-13.25,-0.0,-5.9,-0.16666666666666669,0.0,2.1,0.0,-0.38333333333333336,-2.6500000000000004,0.0,84.28571428571428,2.380952380952381,-0.0,-30.0,-0.0,5.476190476190476,37.857142857142854
Pittsburgh - PA,150,150,0,130.20000000000002,130.8,0.5999999999999943,False,0.5,-3.5,4.0,-1.6,2.0,21.75,2.3333333333333335,2.125,0.0,-0.7000000000000001,0.4,-0.0,0.4,0.0,0.23333333333333336,0.42500000000000004,0.0,-92.30769230769229,52.74725274725274,-0.0,52.74725274725274,0.0,30.769230769230766,56.04395604395604
Port St. Lucie - FL,12,12,0,39.2,40.900000000000006,1.7000000000000028,False,5.0,3.25,-0.5,3.0,-16.0,-23.5,-0.8333333333333334,23.5,0.0,0.65,-0.05,0.0,-3.2,-0.0,-0.08333333333333334,4.7,0.0,32.23140495867768,-2.4793388429752063,0.0,-158.6776859504132,-0.0,-4.132231404958677,233.0578512396694
